SKU,日期,销量,渠道
CHUCHU_01,2024-01-01,15,亚马逊
CHUCHU_01,2024-01-01,6,独立站
CHUCHU_02,2024-01-01,8,亚马逊
CHUCHU_02,2024-01-01,3,独立站
CHUCHU_03,2024-01-01,18,亚马逊
CHUCHU_03,2024-01-01,10,独立站
CHUCHU_01,2024-01-02,16,亚马逊
CHUCHU_01,2024-01-02,5,独立站
CHUCHU_02,2024-01-02,8,亚马逊
CHUCHU_02,2024-01-02,3,独立站
CHUCHU_03,2024-01-02,18,亚马逊
CHUCHU_03,2024-01-02,7,独立站
CHUCHU_01,2024-01-03,11,亚马逊
CHUCHU_01,2024-01-03,5,独立站
CHUCHU_02,2024-01-03,9,亚马逊
CHUCHU_02,2024-01-03,4,独立站
CHUCHU_03,2024-01-03,20,亚马逊
CHUCHU_03,2024-01-03,7,独立站
CHUCHU_01,2024-01-04,12,亚马逊
CHUCHU_01,2024-01-04,4,独立站
CHUCHU_02,2024-01-04,9,亚马逊
CHUCHU_02,2024-01-04,3,独立站
CHUCHU_03,2024-01-04,16,亚马逊
CHUCHU_03,2024-01-04,8,独立站
CHUCHU_01,2024-01-05,13,亚马逊
CHUCHU_01,2024-01-05,6,独立站
CHUCHU_02,2024-01-05,8,亚马逊
CHUCHU_02,2024-01-05,3,独立站
CHUCHU_03,2024-01-05,18,亚马逊
CHUCHU_03,2024-01-05,8,独立站
CHUCHU_01,2024-01-06,12,亚马逊
CHUCHU_01,2024-01-06,5,独立站
CHUCHU_02,2024-01-06,9,亚马逊
CHUCHU_02,2024-01-06,3,独立站
CHUCHU_03,2024-01-06,17,亚马逊
CHUCHU_03,2024-01-06,7,独立站
CHUCHU_01,2024-01-07,12,亚马逊
CHUCHU_01,2024-01-07,6,独立站
CHUCHU_02,2024-01-07,9,亚马逊
CHUCHU_02,2024-01-07,3,独立站
CHUCHU_03,2024-01-07,22,亚马逊
CHUCHU_03,2024-01-07,7,独立站
CHUCHU_01,2024-01-08,14,亚马逊
CHUCHU_01,2024-01-08,5,独立站
CHUCHU_02,2024-01-08,9,亚马逊
CHUCHU_02,2024-01-08,3,独立站
CHUCHU_03,2024-01-08,19,亚马逊
CHUCHU_03,2024-01-08,8,独立站
CHUCHU_01,2024-01-09,16,亚马逊
CHUCHU_01,2024-01-09,6,独立站
CHUCHU_02,2024-01-09,9,亚马逊
CHUCHU_02,2024-01-09,4,独立站
CHUCHU_03,2024-01-09,21,亚马逊
CHUCHU_03,2024-01-09,8,独立站
CHUCHU_01,2024-01-10,15,亚马逊
CHUCHU_01,2024-01-10,6,独立站
CHUCHU_02,2024-01-10,9,亚马逊
CHUCHU_02,2024-01-10,4,独立站
CHUCHU_03,2024-01-10,21,亚马逊
CHUCHU_03,2024-01-10,7,独立站
CHUCHU_01,2024-01-11,14,亚马逊
CHUCHU_01,2024-01-11,5,独立站
CHUCHU_02,2024-01-11,8,亚马逊
CHUCHU_02,2024-01-11,3,独立站
CHUCHU_03,2024-01-11,22,亚马逊
CHUCHU_03,2024-01-11,8,独立站
CHUCHU_01,2024-01-12,15,亚马逊
CHUCHU_01,2024-01-12,6,独立站
CHUCHU_02,2024-01-12,8,亚马逊
CHUCHU_02,2024-01-12,3,独立站
CHUCHU_03,2024-01-12,20,亚马逊
CHUCHU_03,2024-01-12,8,独立站
CHUCHU_01,2024-01-13,13,亚马逊
CHUCHU_01,2024-01-13,5,独立站
CHUCHU_02,2024-01-13,8,亚马逊
CHUCHU_02,2024-01-13,3,独立站
CHUCHU_03,2024-01-13,19,亚马逊
CHUCHU_03,2024-01-13,8,独立站
CHUCHU_01,2024-01-14,13,亚马逊
CHUCHU_01,2024-01-14,6,独立站
CHUCHU_02,2024-01-14,7,亚马逊
CHUCHU_02,2024-01-14,3,独立站
CHUCHU_03,2024-01-14,20,亚马逊
CHUCHU_03,2024-01-14,8,独立站
CHUCHU_01,2024-01-15,11,亚马逊
CHUCHU_01,2024-01-15,5,独立站
CHUCHU_02,2024-01-15,11,亚马逊
CHUCHU_02,2024-01-15,3,独立站
CHUCHU_03,2024-01-15,19,亚马逊
CHUCHU_03,2024-01-15,9,独立站
CHUCHU_01,2024-01-16,14,亚马逊
CHUCHU_01,2024-01-16,6,独立站
CHUCHU_02,2024-01-16,8,亚马逊
CHUCHU_02,2024-01-16,4,独立站
CHUCHU_03,2024-01-16,21,亚马逊
CHUCHU_03,2024-01-16,8,独立站
CHUCHU_01,2024-01-17,14,亚马逊
CHUCHU_01,2024-01-17,5,独立站
CHUCHU_02,2024-01-17,9,亚马逊
CHUCHU_02,2024-01-17,3,独立站
CHUCHU_03,2024-01-17,18,亚马逊
CHUCHU_03,2024-01-17,7,独立站
CHUCHU_01,2024-01-18,16,亚马逊
CHUCHU_01,2024-01-18,5,独立站
CHUCHU_02,2024-01-18,10,亚马逊
CHUCHU_02,2024-01-18,4,独立站
CHUCHU_03,2024-01-18,17,亚马逊
CHUCHU_03,2024-01-18,8,独立站
CHUCHU_01,2024-01-19,14,亚马逊
CHUCHU_01,2024-01-19,5,独立站
CHUCHU_02,2024-01-19,9,亚马逊
CHUCHU_02,2024-01-19,5,独立站
CHUCHU_03,2024-01-19,18,亚马逊
CHUCHU_03,2024-01-19,8,独立站
CHUCHU_01,2024-01-20,15,亚马逊
CHUCHU_01,2024-01-20,7,独立站
CHUCHU_02,2024-01-20,10,亚马逊
CHUCHU_02,2024-01-20,3,独立站
CHUCHU_03,2024-01-20,18,亚马逊
CHUCHU_03,2024-01-20,9,独立站
CHUCHU_01,2024-01-21,11,亚马逊
CHUCHU_01,2024-01-21,5,独立站
CHUCHU_02,2024-01-21,9,亚马逊
CHUCHU_02,2024-01-21,4,独立站
CHUCHU_03,2024-01-21,18,亚马逊
CHUCHU_03,2024-01-21,6,独立站
CHUCHU_01,2024-01-22,13,亚马逊
CHUCHU_01,2024-01-22,6,独立站
CHUCHU_02,2024-01-22,10,亚马逊
CHUCHU_02,2024-01-22,4,独立站
CHUCHU_03,2024-01-22,17,亚马逊
CHUCHU_03,2024-01-22,8,独立站
CHUCHU_01,2024-01-23,14,亚马逊
CHUCHU_01,2024-01-23,5,独立站
CHUCHU_02,2024-01-23,10,亚马逊
CHUCHU_02,2024-01-23,4,独立站
CHUCHU_03,2024-01-23,20,亚马逊
CHUCHU_03,2024-01-23,8,独立站
CHUCHU_01,2024-01-24,13,亚马逊
CHUCHU_01,2024-01-24,7,独立站
CHUCHU_02,2024-01-24,9,亚马逊
CHUCHU_02,2024-01-24,4,独立站
CHUCHU_03,2024-01-24,22,亚马逊
CHUCHU_03,2024-01-24,8,独立站
CHUCHU_01,2024-01-25,16,亚马逊
CHUCHU_01,2024-01-25,6,独立站
CHUCHU_02,2024-01-25,9,亚马逊
CHUCHU_02,2024-01-25,4,独立站
CHUCHU_03,2024-01-25,17,亚马逊
CHUCHU_03,2024-01-25,8,独立站
CHUCHU_01,2024-01-26,16,亚马逊
CHUCHU_01,2024-01-26,6,独立站
CHUCHU_02,2024-01-26,9,亚马逊
CHUCHU_02,2024-01-26,4,独立站
CHUCHU_03,2024-01-26,17,亚马逊
CHUCHU_03,2024-01-26,8,独立站
CHUCHU_01,2024-01-27,14,亚马逊
CHUCHU_01,2024-01-27,6,独立站
CHUCHU_02,2024-01-27,9,亚马逊
CHUCHU_02,2024-01-27,3,独立站
CHUCHU_03,2024-01-27,22,亚马逊
CHUCHU_03,2024-01-27,9,独立站
CHUCHU_01,2024-01-28,14,亚马逊
CHUCHU_01,2024-01-28,6,独立站
CHUCHU_02,2024-01-28,10,亚马逊
CHUCHU_02,2024-01-28,4,独立站
CHUCHU_03,2024-01-28,23,亚马逊
CHUCHU_03,2024-01-28,8,独立站
CHUCHU_01,2024-01-29,13,亚马逊
CHUCHU_01,2024-01-29,4,独立站
CHUCHU_02,2024-01-29,9,亚马逊
CHUCHU_02,2024-01-29,3,独立站
CHUCHU_03,2024-01-29,17,亚马逊
CHUCHU_03,2024-01-29,7,独立站
CHUCHU_01,2024-01-30,13,亚马逊
CHUCHU_01,2024-01-30,4,独立站
CHUCHU_02,2024-01-30,10,亚马逊
CHUCHU_02,2024-01-30,3,独立站
CHUCHU_03,2024-01-30,18,亚马逊
CHUCHU_03,2024-01-30,6,独立站
CHUCHU_01,2024-01-31,14,亚马逊
CHUCHU_01,2024-01-31,6,独立站
CHUCHU_02,2024-01-31,9,亚马逊
CHUCHU_02,2024-01-31,4,独立站
CHUCHU_03,2024-01-31,17,亚马逊
CHUCHU_03,2024-01-31,6,独立站
CHUCHU_01,2024-02-01,15,亚马逊
CHUCHU_01,2024-02-01,6,独立站
CHUCHU_02,2024-02-01,11,亚马逊
CHUCHU_02,2024-02-01,4,独立站
CHUCHU_03,2024-02-01,21,亚马逊
CHUCHU_03,2024-02-01,9,独立站
CHUCHU_01,2024-02-02,19,亚马逊
CHUCHU_01,2024-02-02,7,独立站
CHUCHU_02,2024-02-02,13,亚马逊
CHUCHU_02,2024-02-02,5,独立站
CHUCHU_03,2024-02-02,25,亚马逊
CHUCHU_03,2024-02-02,10,独立站
CHUCHU_01,2024-02-03,16,亚马逊
CHUCHU_01,2024-02-03,8,独立站
CHUCHU_02,2024-02-03,11,亚马逊
CHUCHU_02,2024-02-03,4,独立站
CHUCHU_03,2024-02-03,23,亚马逊
CHUCHU_03,2024-02-03,10,独立站
CHUCHU_01,2024-02-04,15,亚马逊
CHUCHU_01,2024-02-04,7,独立站
CHUCHU_02,2024-02-04,10,亚马逊
CHUCHU_02,2024-02-04,3,独立站
CHUCHU_03,2024-02-04,25,亚马逊
CHUCHU_03,2024-02-04,11,独立站
CHUCHU_01,2024-02-05,15,亚马逊
CHUCHU_01,2024-02-05,5,独立站
CHUCHU_02,2024-02-05,9,亚马逊
CHUCHU_02,2024-02-05,4,独立站
CHUCHU_03,2024-02-05,24,亚马逊
CHUCHU_03,2024-02-05,9,独立站
CHUCHU_01,2024-02-06,17,亚马逊
CHUCHU_01,2024-02-06,7,独立站
CHUCHU_02,2024-02-06,11,亚马逊
CHUCHU_02,2024-02-06,4,独立站
CHUCHU_03,2024-02-06,20,亚马逊
CHUCHU_03,2024-02-06,9,独立站
CHUCHU_01,2024-02-07,16,亚马逊
CHUCHU_01,2024-02-07,5,独立站
CHUCHU_02,2024-02-07,9,亚马逊
CHUCHU_02,2024-02-07,4,独立站
CHUCHU_03,2024-02-07,25,亚马逊
CHUCHU_03,2024-02-07,11,独立站
CHUCHU_01,2024-02-08,16,亚马逊
CHUCHU_01,2024-02-08,6,独立站
CHUCHU_02,2024-02-08,12,亚马逊
CHUCHU_02,2024-02-08,5,独立站
CHUCHU_03,2024-02-08,22,亚马逊
CHUCHU_03,2024-02-08,10,独立站
CHUCHU_01,2024-02-09,15,亚马逊
CHUCHU_01,2024-02-09,7,独立站
CHUCHU_02,2024-02-09,12,亚马逊
CHUCHU_02,2024-02-09,5,独立站
CHUCHU_03,2024-02-09,21,亚马逊
CHUCHU_03,2024-02-09,11,独立站
CHUCHU_01,2024-02-10,16,亚马逊
CHUCHU_01,2024-02-10,8,独立站
CHUCHU_02,2024-02-10,10,亚马逊
CHUCHU_02,2024-02-10,4,独立站
CHUCHU_03,2024-02-10,26,亚马逊
CHUCHU_03,2024-02-10,10,独立站
CHUCHU_01,2024-02-11,16,亚马逊
CHUCHU_01,2024-02-11,6,独立站
CHUCHU_02,2024-02-11,11,亚马逊
CHUCHU_02,2024-02-11,4,独立站
CHUCHU_03,2024-02-11,22,亚马逊
CHUCHU_03,2024-02-11,9,独立站
CHUCHU_01,2024-02-12,13,亚马逊
CHUCHU_01,2024-02-12,7,独立站
CHUCHU_02,2024-02-12,10,亚马逊
CHUCHU_02,2024-02-12,5,独立站
CHUCHU_03,2024-02-12,19,亚马逊
CHUCHU_03,2024-02-12,10,独立站
CHUCHU_01,2024-02-13,16,亚马逊
CHUCHU_01,2024-02-13,6,独立站
CHUCHU_02,2024-02-13,9,亚马逊
CHUCHU_02,2024-02-13,5,独立站
CHUCHU_03,2024-02-13,23,亚马逊
CHUCHU_03,2024-02-13,8,独立站
CHUCHU_01,2024-02-14,16,亚马逊
CHUCHU_01,2024-02-14,7,独立站
CHUCHU_02,2024-02-14,11,亚马逊
CHUCHU_02,2024-02-14,4,独立站
CHUCHU_03,2024-02-14,23,亚马逊
CHUCHU_03,2024-02-14,9,独立站
CHUCHU_01,2024-02-15,15,亚马逊
CHUCHU_01,2024-02-15,7,独立站
CHUCHU_02,2024-02-15,9,亚马逊
CHUCHU_02,2024-02-15,4,独立站
CHUCHU_03,2024-02-15,18,亚马逊
CHUCHU_03,2024-02-15,7,独立站
CHUCHU_01,2024-02-16,18,亚马逊
CHUCHU_01,2024-02-16,7,独立站
CHUCHU_02,2024-02-16,11,亚马逊
CHUCHU_02,2024-02-16,4,独立站
CHUCHU_03,2024-02-16,21,亚马逊
CHUCHU_03,2024-02-16,11,独立站
CHUCHU_01,2024-02-17,13,亚马逊
CHUCHU_01,2024-02-17,7,独立站
CHUCHU_02,2024-02-17,9,亚马逊
CHUCHU_02,2024-02-17,4,独立站
CHUCHU_03,2024-02-17,26,亚马逊
CHUCHU_03,2024-02-17,9,独立站
CHUCHU_01,2024-02-18,17,亚马逊
CHUCHU_01,2024-02-18,8,独立站
CHUCHU_02,2024-02-18,12,亚马逊
CHUCHU_02,2024-02-18,5,独立站
CHUCHU_03,2024-02-18,24,亚马逊
CHUCHU_03,2024-02-18,10,独立站
CHUCHU_01,2024-02-19,15,亚马逊
CHUCHU_01,2024-02-19,6,独立站
CHUCHU_02,2024-02-19,11,亚马逊
CHUCHU_02,2024-02-19,5,独立站
CHUCHU_03,2024-02-19,24,亚马逊
CHUCHU_03,2024-02-19,10,独立站
CHUCHU_01,2024-02-20,18,亚马逊
CHUCHU_01,2024-02-20,6,独立站
CHUCHU_02,2024-02-20,11,亚马逊
CHUCHU_02,2024-02-20,4,独立站
CHUCHU_03,2024-02-20,23,亚马逊
CHUCHU_03,2024-02-20,9,独立站
CHUCHU_01,2024-02-21,15,亚马逊
CHUCHU_01,2024-02-21,6,独立站
CHUCHU_02,2024-02-21,13,亚马逊
CHUCHU_02,2024-02-21,4,独立站
CHUCHU_03,2024-02-21,23,亚马逊
CHUCHU_03,2024-02-21,9,独立站
CHUCHU_01,2024-02-22,15,亚马逊
CHUCHU_01,2024-02-22,6,独立站
CHUCHU_02,2024-02-22,10,亚马逊
CHUCHU_02,2024-02-22,5,独立站
CHUCHU_03,2024-02-22,24,亚马逊
CHUCHU_03,2024-02-22,11,独立站
CHUCHU_01,2024-02-23,17,亚马逊
CHUCHU_01,2024-02-23,6,独立站
CHUCHU_02,2024-02-23,11,亚马逊
CHUCHU_02,2024-02-23,4,独立站
CHUCHU_03,2024-02-23,20,亚马逊
CHUCHU_03,2024-02-23,10,独立站
CHUCHU_01,2024-02-24,12,亚马逊
CHUCHU_01,2024-02-24,6,独立站
CHUCHU_02,2024-02-24,12,亚马逊
CHUCHU_02,2024-02-24,5,独立站
CHUCHU_03,2024-02-24,24,亚马逊
CHUCHU_03,2024-02-24,10,独立站
CHUCHU_01,2024-02-25,17,亚马逊
CHUCHU_01,2024-02-25,6,独立站
CHUCHU_02,2024-02-25,12,亚马逊
CHUCHU_02,2024-02-25,4,独立站
CHUCHU_03,2024-02-25,22,亚马逊
CHUCHU_03,2024-02-25,9,独立站
CHUCHU_01,2024-02-26,16,亚马逊
CHUCHU_01,2024-02-26,7,独立站
CHUCHU_02,2024-02-26,10,亚马逊
CHUCHU_02,2024-02-26,4,独立站
CHUCHU_03,2024-02-26,24,亚马逊
CHUCHU_03,2024-02-26,11,独立站
CHUCHU_01,2024-02-27,17,亚马逊
CHUCHU_01,2024-02-27,7,独立站
CHUCHU_02,2024-02-27,9,亚马逊
CHUCHU_02,2024-02-27,4,独立站
CHUCHU_03,2024-02-27,22,亚马逊
CHUCHU_03,2024-02-27,9,独立站
CHUCHU_01,2024-02-28,12,亚马逊
CHUCHU_01,2024-02-28,5,独立站
CHUCHU_02,2024-02-28,10,亚马逊
CHUCHU_02,2024-02-28,4,独立站
CHUCHU_03,2024-02-28,20,亚马逊
CHUCHU_03,2024-02-28,9,独立站
CHUCHU_01,2024-02-29,17,亚马逊
CHUCHU_01,2024-02-29,6,独立站
CHUCHU_02,2024-02-29,9,亚马逊
CHUCHU_02,2024-02-29,3,独立站
CHUCHU_03,2024-02-29,21,亚马逊
CHUCHU_03,2024-02-29,9,独立站
CHUCHU_01,2024-03-01,16,亚马逊
CHUCHU_01,2024-03-01,7,独立站
CHUCHU_02,2024-03-01,11,亚马逊
CHUCHU_02,2024-03-01,5,独立站
CHUCHU_03,2024-03-01,27,亚马逊
CHUCHU_03,2024-03-01,11,独立站
CHUCHU_01,2024-03-02,15,亚马逊
CHUCHU_01,2024-03-02,7,独立站
CHUCHU_02,2024-03-02,12,亚马逊
CHUCHU_02,2024-03-02,5,独立站
CHUCHU_03,2024-03-02,25,亚马逊
CHUCHU_03,2024-03-02,11,独立站
CHUCHU_01,2024-03-03,15,亚马逊
CHUCHU_01,2024-03-03,7,独立站
CHUCHU_02,2024-03-03,11,亚马逊
CHUCHU_02,2024-03-03,5,独立站
CHUCHU_03,2024-03-03,26,亚马逊
CHUCHU_03,2024-03-03,11,独立站
CHUCHU_01,2024-03-04,16,亚马逊
CHUCHU_01,2024-03-04,7,独立站
CHUCHU_02,2024-03-04,10,亚马逊
CHUCHU_02,2024-03-04,4,独立站
CHUCHU_03,2024-03-04,22,亚马逊
CHUCHU_03,2024-03-04,10,独立站
CHUCHU_01,2024-03-05,15,亚马逊
CHUCHU_01,2024-03-05,8,独立站
CHUCHU_02,2024-03-05,12,亚马逊
CHUCHU_02,2024-03-05,5,独立站
CHUCHU_03,2024-03-05,22,亚马逊
CHUCHU_03,2024-03-05,10,独立站
CHUCHU_01,2024-03-06,20,亚马逊
CHUCHU_01,2024-03-06,9,独立站
CHUCHU_02,2024-03-06,11,亚马逊
CHUCHU_02,2024-03-06,4,独立站
CHUCHU_03,2024-03-06,26,亚马逊
CHUCHU_03,2024-03-06,11,独立站
CHUCHU_01,2024-03-07,14,亚马逊
CHUCHU_01,2024-03-07,6,独立站
CHUCHU_02,2024-03-07,12,亚马逊
CHUCHU_02,2024-03-07,5,独立站
CHUCHU_03,2024-03-07,22,亚马逊
CHUCHU_03,2024-03-07,11,独立站
CHUCHU_01,2024-03-08,14,亚马逊
CHUCHU_01,2024-03-08,7,独立站
CHUCHU_02,2024-03-08,11,亚马逊
CHUCHU_02,2024-03-08,5,独立站
CHUCHU_03,2024-03-08,28,亚马逊
CHUCHU_03,2024-03-08,11,独立站
CHUCHU_01,2024-03-09,15,亚马逊
CHUCHU_01,2024-03-09,7,独立站
CHUCHU_02,2024-03-09,15,亚马逊
CHUCHU_02,2024-03-09,5,独立站
CHUCHU_03,2024-03-09,24,亚马逊
CHUCHU_03,2024-03-09,8,独立站
CHUCHU_01,2024-03-10,17,亚马逊
CHUCHU_01,2024-03-10,7,独立站
CHUCHU_02,2024-03-10,9,亚马逊
CHUCHU_02,2024-03-10,4,独立站
CHUCHU_03,2024-03-10,23,亚马逊
CHUCHU_03,2024-03-10,11,独立站
CHUCHU_01,2024-03-11,18,亚马逊
CHUCHU_01,2024-03-11,6,独立站
CHUCHU_02,2024-03-11,10,亚马逊
CHUCHU_02,2024-03-11,4,独立站
CHUCHU_03,2024-03-11,25,亚马逊
CHUCHU_03,2024-03-11,12,独立站
CHUCHU_01,2024-03-12,18,亚马逊
CHUCHU_01,2024-03-12,7,独立站
CHUCHU_02,2024-03-12,10,亚马逊
CHUCHU_02,2024-03-12,5,独立站
CHUCHU_03,2024-03-12,26,亚马逊
CHUCHU_03,2024-03-12,11,独立站
CHUCHU_01,2024-03-13,20,亚马逊
CHUCHU_01,2024-03-13,7,独立站
CHUCHU_02,2024-03-13,10,亚马逊
CHUCHU_02,2024-03-13,5,独立站
CHUCHU_03,2024-03-13,24,亚马逊
CHUCHU_03,2024-03-13,12,独立站
CHUCHU_01,2024-03-14,16,亚马逊
CHUCHU_01,2024-03-14,7,独立站
CHUCHU_02,2024-03-14,13,亚马逊
CHUCHU_02,2024-03-14,5,独立站
CHUCHU_03,2024-03-14,23,亚马逊
CHUCHU_03,2024-03-14,11,独立站
CHUCHU_01,2024-03-15,19,亚马逊
CHUCHU_01,2024-03-15,8,独立站
CHUCHU_02,2024-03-15,11,亚马逊
CHUCHU_02,2024-03-15,4,独立站
CHUCHU_03,2024-03-15,23,亚马逊
CHUCHU_03,2024-03-15,12,独立站
CHUCHU_01,2024-03-16,19,亚马逊
CHUCHU_01,2024-03-16,8,独立站
CHUCHU_02,2024-03-16,11,亚马逊
CHUCHU_02,2024-03-16,6,独立站
CHUCHU_03,2024-03-16,27,亚马逊
CHUCHU_03,2024-03-16,10,独立站
CHUCHU_01,2024-03-17,18,亚马逊
CHUCHU_01,2024-03-17,7,独立站
CHUCHU_02,2024-03-17,13,亚马逊
CHUCHU_02,2024-03-17,5,独立站
CHUCHU_03,2024-03-17,22,亚马逊
CHUCHU_03,2024-03-17,11,独立站
CHUCHU_01,2024-03-18,14,亚马逊
CHUCHU_01,2024-03-18,7,独立站
CHUCHU_02,2024-03-18,12,亚马逊
CHUCHU_02,2024-03-18,5,独立站
CHUCHU_03,2024-03-18,22,亚马逊
CHUCHU_03,2024-03-18,12,独立站
CHUCHU_01,2024-03-19,19,亚马逊
CHUCHU_01,2024-03-19,6,独立站
CHUCHU_02,2024-03-19,10,亚马逊
CHUCHU_02,2024-03-19,5,独立站
CHUCHU_03,2024-03-19,28,亚马逊
CHUCHU_03,2024-03-19,11,独立站
CHUCHU_01,2024-03-20,18,亚马逊
CHUCHU_01,2024-03-20,8,独立站
CHUCHU_02,2024-03-20,11,亚马逊
CHUCHU_02,2024-03-20,5,独立站
CHUCHU_03,2024-03-20,25,亚马逊
CHUCHU_03,2024-03-20,12,独立站
CHUCHU_01,2024-03-21,17,亚马逊
CHUCHU_01,2024-03-21,10,独立站
CHUCHU_02,2024-03-21,14,亚马逊
CHUCHU_02,2024-03-21,5,独立站
CHUCHU_03,2024-03-21,27,亚马逊
CHUCHU_03,2024-03-21,9,独立站
CHUCHU_01,2024-03-22,18,亚马逊
CHUCHU_01,2024-03-22,8,独立站
CHUCHU_02,2024-03-22,15,亚马逊
CHUCHU_02,2024-03-22,6,独立站
CHUCHU_03,2024-03-22,24,亚马逊
CHUCHU_03,2024-03-22,9,独立站
CHUCHU_01,2024-03-23,18,亚马逊
CHUCHU_01,2024-03-23,7,独立站
CHUCHU_02,2024-03-23,11,亚马逊
CHUCHU_02,2024-03-23,5,独立站
CHUCHU_03,2024-03-23,24,亚马逊
CHUCHU_03,2024-03-23,11,独立站
CHUCHU_01,2024-03-24,15,亚马逊
CHUCHU_01,2024-03-24,6,独立站
CHUCHU_02,2024-03-24,11,亚马逊
CHUCHU_02,2024-03-24,5,独立站
CHUCHU_03,2024-03-24,24,亚马逊
CHUCHU_03,2024-03-24,10,独立站
CHUCHU_01,2024-03-25,16,亚马逊
CHUCHU_01,2024-03-25,6,独立站
CHUCHU_02,2024-03-25,12,亚马逊
CHUCHU_02,2024-03-25,5,独立站
CHUCHU_03,2024-03-25,22,亚马逊
CHUCHU_03,2024-03-25,12,独立站
CHUCHU_01,2024-03-26,16,亚马逊
CHUCHU_01,2024-03-26,7,独立站
CHUCHU_02,2024-03-26,11,亚马逊
CHUCHU_02,2024-03-26,6,独立站
CHUCHU_03,2024-03-26,22,亚马逊
CHUCHU_03,2024-03-26,9,独立站
CHUCHU_01,2024-03-27,18,亚马逊
CHUCHU_01,2024-03-27,6,独立站
CHUCHU_02,2024-03-27,12,亚马逊
CHUCHU_02,2024-03-27,5,独立站
CHUCHU_03,2024-03-27,20,亚马逊
CHUCHU_03,2024-03-27,9,独立站
CHUCHU_01,2024-03-28,17,亚马逊
CHUCHU_01,2024-03-28,7,独立站
CHUCHU_02,2024-03-28,11,亚马逊
CHUCHU_02,2024-03-28,4,独立站
CHUCHU_03,2024-03-28,20,亚马逊
CHUCHU_03,2024-03-28,9,独立站
CHUCHU_01,2024-03-29,16,亚马逊
CHUCHU_01,2024-03-29,7,独立站
CHUCHU_02,2024-03-29,12,亚马逊
CHUCHU_02,2024-03-29,5,独立站
CHUCHU_03,2024-03-29,25,亚马逊
CHUCHU_03,2024-03-29,9,独立站
CHUCHU_01,2024-03-30,16,亚马逊
CHUCHU_01,2024-03-30,7,独立站
CHUCHU_02,2024-03-30,14,亚马逊
CHUCHU_02,2024-03-30,5,独立站
CHUCHU_03,2024-03-30,27,亚马逊
CHUCHU_03,2024-03-30,10,独立站
CHUCHU_01,2024-03-31,16,亚马逊
CHUCHU_01,2024-03-31,7,独立站
CHUCHU_02,2024-03-31,11,亚马逊
CHUCHU_02,2024-03-31,4,独立站
CHUCHU_03,2024-03-31,25,亚马逊
CHUCHU_03,2024-03-31,12,独立站
CHUCHU_01,2024-04-01,19,亚马逊
CHUCHU_01,2024-04-01,7,独立站
CHUCHU_02,2024-04-01,12,亚马逊
CHUCHU_02,2024-04-01,5,独立站
CHUCHU_03,2024-04-01,25,亚马逊
CHUCHU_03,2024-04-01,10,独立站
CHUCHU_01,2024-04-02,15,亚马逊
CHUCHU_01,2024-04-02,8,独立站
CHUCHU_02,2024-04-02,15,亚马逊
CHUCHU_02,2024-04-02,5,独立站
CHUCHU_03,2024-04-02,29,亚马逊
CHUCHU_03,2024-04-02,12,独立站
CHUCHU_01,2024-04-03,19,亚马逊
CHUCHU_01,2024-04-03,7,独立站
CHUCHU_02,2024-04-03,13,亚马逊
CHUCHU_02,2024-04-03,5,独立站
CHUCHU_03,2024-04-03,21,亚马逊
CHUCHU_03,2024-04-03,11,独立站
CHUCHU_01,2024-04-04,17,亚马逊
CHUCHU_01,2024-04-04,7,独立站
CHUCHU_02,2024-04-04,11,亚马逊
CHUCHU_02,2024-04-04,6,独立站
CHUCHU_03,2024-04-04,24,亚马逊
CHUCHU_03,2024-04-04,11,独立站
CHUCHU_01,2024-04-05,18,亚马逊
CHUCHU_01,2024-04-05,8,独立站
CHUCHU_02,2024-04-05,13,亚马逊
CHUCHU_02,2024-04-05,5,独立站
CHUCHU_03,2024-04-05,25,亚马逊
CHUCHU_03,2024-04-05,13,独立站
CHUCHU_01,2024-04-06,16,亚马逊
CHUCHU_01,2024-04-06,6,独立站
CHUCHU_02,2024-04-06,10,亚马逊
CHUCHU_02,2024-04-06,5,独立站
CHUCHU_03,2024-04-06,24,亚马逊
CHUCHU_03,2024-04-06,11,独立站
CHUCHU_01,2024-04-07,17,亚马逊
CHUCHU_01,2024-04-07,7,独立站
CHUCHU_02,2024-04-07,12,亚马逊
CHUCHU_02,2024-04-07,5,独立站
CHUCHU_03,2024-04-07,29,亚马逊
CHUCHU_03,2024-04-07,13,独立站
CHUCHU_01,2024-04-08,15,亚马逊
CHUCHU_01,2024-04-08,7,独立站
CHUCHU_02,2024-04-08,14,亚马逊
CHUCHU_02,2024-04-08,5,独立站
CHUCHU_03,2024-04-08,29,亚马逊
CHUCHU_03,2024-04-08,14,独立站
CHUCHU_01,2024-04-09,16,亚马逊
CHUCHU_01,2024-04-09,7,独立站
CHUCHU_02,2024-04-09,14,亚马逊
CHUCHU_02,2024-04-09,5,独立站
CHUCHU_03,2024-04-09,27,亚马逊
CHUCHU_03,2024-04-09,13,独立站
CHUCHU_01,2024-04-10,18,亚马逊
CHUCHU_01,2024-04-10,8,独立站
CHUCHU_02,2024-04-10,13,亚马逊
CHUCHU_02,2024-04-10,5,独立站
CHUCHU_03,2024-04-10,24,亚马逊
CHUCHU_03,2024-04-10,11,独立站
CHUCHU_01,2024-04-11,21,亚马逊
CHUCHU_01,2024-04-11,8,独立站
CHUCHU_02,2024-04-11,14,亚马逊
CHUCHU_02,2024-04-11,6,独立站
CHUCHU_03,2024-04-11,26,亚马逊
CHUCHU_03,2024-04-11,12,独立站
CHUCHU_01,2024-04-12,17,亚马逊
CHUCHU_01,2024-04-12,8,独立站
CHUCHU_02,2024-04-12,14,亚马逊
CHUCHU_02,2024-04-12,4,独立站
CHUCHU_03,2024-04-12,27,亚马逊
CHUCHU_03,2024-04-12,11,独立站
CHUCHU_01,2024-04-13,23,亚马逊
CHUCHU_01,2024-04-13,8,独立站
CHUCHU_02,2024-04-13,12,亚马逊
CHUCHU_02,2024-04-13,6,独立站
CHUCHU_03,2024-04-13,22,亚马逊
CHUCHU_03,2024-04-13,11,独立站
CHUCHU_01,2024-04-14,15,亚马逊
CHUCHU_01,2024-04-14,8,独立站
CHUCHU_02,2024-04-14,11,亚马逊
CHUCHU_02,2024-04-14,5,独立站
CHUCHU_03,2024-04-14,26,亚马逊
CHUCHU_03,2024-04-14,12,独立站
CHUCHU_01,2024-04-15,17,亚马逊
CHUCHU_01,2024-04-15,8,独立站
CHUCHU_02,2024-04-15,12,亚马逊
CHUCHU_02,2024-04-15,4,独立站
CHUCHU_03,2024-04-15,31,亚马逊
CHUCHU_03,2024-04-15,10,独立站
CHUCHU_01,2024-04-16,21,亚马逊
CHUCHU_01,2024-04-16,8,独立站
CHUCHU_02,2024-04-16,16,亚马逊
CHUCHU_02,2024-04-16,5,独立站
CHUCHU_03,2024-04-16,25,亚马逊
CHUCHU_03,2024-04-16,11,独立站
CHUCHU_01,2024-04-17,22,亚马逊
CHUCHU_01,2024-04-17,9,独立站
CHUCHU_02,2024-04-17,12,亚马逊
CHUCHU_02,2024-04-17,5,独立站
CHUCHU_03,2024-04-17,26,亚马逊
CHUCHU_03,2024-04-17,10,独立站
CHUCHU_01,2024-04-18,16,亚马逊
CHUCHU_01,2024-04-18,6,独立站
CHUCHU_02,2024-04-18,10,亚马逊
CHUCHU_02,2024-04-18,4,独立站
CHUCHU_03,2024-04-18,25,亚马逊
CHUCHU_03,2024-04-18,12,独立站
CHUCHU_01,2024-04-19,17,亚马逊
CHUCHU_01,2024-04-19,9,独立站
CHUCHU_02,2024-04-19,15,亚马逊
CHUCHU_02,2024-04-19,5,独立站
CHUCHU_03,2024-04-19,26,亚马逊
CHUCHU_03,2024-04-19,9,独立站
CHUCHU_01,2024-04-20,19,亚马逊
CHUCHU_01,2024-04-20,8,独立站
CHUCHU_02,2024-04-20,12,亚马逊
CHUCHU_02,2024-04-20,5,独立站
CHUCHU_03,2024-04-20,28,亚马逊
CHUCHU_03,2024-04-20,10,独立站
CHUCHU_01,2024-04-21,15,亚马逊
CHUCHU_01,2024-04-21,8,独立站
CHUCHU_02,2024-04-21,14,亚马逊
CHUCHU_02,2024-04-21,5,独立站
CHUCHU_03,2024-04-21,28,亚马逊
CHUCHU_03,2024-04-21,10,独立站
CHUCHU_01,2024-04-22,19,亚马逊
CHUCHU_01,2024-04-22,8,独立站
CHUCHU_02,2024-04-22,10,亚马逊
CHUCHU_02,2024-04-22,5,独立站
CHUCHU_03,2024-04-22,28,亚马逊
CHUCHU_03,2024-04-22,12,独立站
CHUCHU_01,2024-04-23,20,亚马逊
CHUCHU_01,2024-04-23,8,独立站
CHUCHU_02,2024-04-23,12,亚马逊
CHUCHU_02,2024-04-23,5,独立站
CHUCHU_03,2024-04-23,28,亚马逊
CHUCHU_03,2024-04-23,11,独立站
CHUCHU_01,2024-04-24,16,亚马逊
CHUCHU_01,2024-04-24,7,独立站
CHUCHU_02,2024-04-24,15,亚马逊
CHUCHU_02,2024-04-24,5,独立站
CHUCHU_03,2024-04-24,26,亚马逊
CHUCHU_03,2024-04-24,11,独立站
CHUCHU_01,2024-04-25,22,亚马逊
CHUCHU_01,2024-04-25,8,独立站
CHUCHU_02,2024-04-25,13,亚马逊
CHUCHU_02,2024-04-25,6,独立站
CHUCHU_03,2024-04-25,32,亚马逊
CHUCHU_03,2024-04-25,13,独立站
CHUCHU_01,2024-04-26,20,亚马逊
CHUCHU_01,2024-04-26,8,独立站
CHUCHU_02,2024-04-26,13,亚马逊
CHUCHU_02,2024-04-26,6,独立站
CHUCHU_03,2024-04-26,25,亚马逊
CHUCHU_03,2024-04-26,12,独立站
CHUCHU_01,2024-04-27,16,亚马逊
CHUCHU_01,2024-04-27,8,独立站
CHUCHU_02,2024-04-27,11,亚马逊
CHUCHU_02,2024-04-27,5,独立站
CHUCHU_03,2024-04-27,29,亚马逊
CHUCHU_03,2024-04-27,14,独立站
CHUCHU_01,2024-04-28,18,亚马逊
CHUCHU_01,2024-04-28,7,独立站
CHUCHU_02,2024-04-28,15,亚马逊
CHUCHU_02,2024-04-28,5,独立站
CHUCHU_03,2024-04-28,31,亚马逊
CHUCHU_03,2024-04-28,11,独立站
CHUCHU_01,2024-04-29,21,亚马逊
CHUCHU_01,2024-04-29,10,独立站
CHUCHU_02,2024-04-29,11,亚马逊
CHUCHU_02,2024-04-29,5,独立站
CHUCHU_03,2024-04-29,23,亚马逊
CHUCHU_03,2024-04-29,11,独立站
CHUCHU_01,2024-04-30,17,亚马逊
CHUCHU_01,2024-04-30,9,独立站
CHUCHU_02,2024-04-30,13,亚马逊
CHUCHU_02,2024-04-30,5,独立站
CHUCHU_03,2024-04-30,27,亚马逊
CHUCHU_03,2024-04-30,9,独立站
CHUCHU_01,2024-05-01,16,亚马逊
CHUCHU_01,2024-05-01,7,独立站
CHUCHU_02,2024-05-01,14,亚马逊
CHUCHU_02,2024-05-01,5,独立站
CHUCHU_03,2024-05-01,24,亚马逊
CHUCHU_03,2024-05-01,12,独立站
CHUCHU_01,2024-05-02,15,亚马逊
CHUCHU_01,2024-05-02,7,独立站
CHUCHU_02,2024-05-02,11,亚马逊
CHUCHU_02,2024-05-02,4,独立站
CHUCHU_03,2024-05-02,27,亚马逊
CHUCHU_03,2024-05-02,10,独立站
CHUCHU_01,2024-05-03,20,亚马逊
CHUCHU_01,2024-05-03,6,独立站
CHUCHU_02,2024-05-03,12,亚马逊
CHUCHU_02,2024-05-03,5,独立站
CHUCHU_03,2024-05-03,25,亚马逊
CHUCHU_03,2024-05-03,10,独立站
CHUCHU_01,2024-05-04,21,亚马逊
CHUCHU_01,2024-05-04,7,独立站
CHUCHU_02,2024-05-04,12,亚马逊
CHUCHU_02,2024-05-04,4,独立站
CHUCHU_03,2024-05-04,26,亚马逊
CHUCHU_03,2024-05-04,10,独立站
CHUCHU_01,2024-05-05,23,亚马逊
CHUCHU_01,2024-05-05,7,独立站
CHUCHU_02,2024-05-05,14,亚马逊
CHUCHU_02,2024-05-05,6,独立站
CHUCHU_03,2024-05-05,28,亚马逊
CHUCHU_03,2024-05-05,11,独立站
CHUCHU_01,2024-05-06,20,亚马逊
CHUCHU_01,2024-05-06,8,独立站
CHUCHU_02,2024-05-06,11,亚马逊
CHUCHU_02,2024-05-06,5,独立站
CHUCHU_03,2024-05-06,22,亚马逊
CHUCHU_03,2024-05-06,10,独立站
CHUCHU_01,2024-05-07,18,亚马逊
CHUCHU_01,2024-05-07,9,独立站
CHUCHU_02,2024-05-07,12,亚马逊
CHUCHU_02,2024-05-07,5,独立站
CHUCHU_03,2024-05-07,21,亚马逊
CHUCHU_03,2024-05-07,9,独立站
CHUCHU_01,2024-05-08,18,亚马逊
CHUCHU_01,2024-05-08,7,独立站
CHUCHU_02,2024-05-08,11,亚马逊
CHUCHU_02,2024-05-08,4,独立站
CHUCHU_03,2024-05-08,22,亚马逊
CHUCHU_03,2024-05-08,12,独立站
CHUCHU_01,2024-05-09,16,亚马逊
CHUCHU_01,2024-05-09,8,独立站
CHUCHU_02,2024-05-09,14,亚马逊
CHUCHU_02,2024-05-09,5,独立站
CHUCHU_03,2024-05-09,25,亚马逊
CHUCHU_03,2024-05-09,11,独立站
CHUCHU_01,2024-05-10,15,亚马逊
CHUCHU_01,2024-05-10,6,独立站
CHUCHU_02,2024-05-10,12,亚马逊
CHUCHU_02,2024-05-10,4,独立站
CHUCHU_03,2024-05-10,32,亚马逊
CHUCHU_03,2024-05-10,11,独立站
CHUCHU_01,2024-05-11,17,亚马逊
CHUCHU_01,2024-05-11,7,独立站
CHUCHU_02,2024-05-11,12,亚马逊
CHUCHU_02,2024-05-11,6,独立站
CHUCHU_03,2024-05-11,24,亚马逊
CHUCHU_03,2024-05-11,12,独立站
CHUCHU_01,2024-05-12,20,亚马逊
CHUCHU_01,2024-05-12,9,独立站
CHUCHU_02,2024-05-12,12,亚马逊
CHUCHU_02,2024-05-12,6,独立站
CHUCHU_03,2024-05-12,27,亚马逊
CHUCHU_03,2024-05-12,12,独立站
CHUCHU_01,2024-05-13,19,亚马逊
CHUCHU_01,2024-05-13,8,独立站
CHUCHU_02,2024-05-13,14,亚马逊
CHUCHU_02,2024-05-13,4,独立站
CHUCHU_03,2024-05-13,28,亚马逊
CHUCHU_03,2024-05-13,10,独立站
CHUCHU_01,2024-05-14,19,亚马逊
CHUCHU_01,2024-05-14,8,独立站
CHUCHU_02,2024-05-14,12,亚马逊
CHUCHU_02,2024-05-14,5,独立站
CHUCHU_03,2024-05-14,23,亚马逊
CHUCHU_03,2024-05-14,11,独立站
CHUCHU_01,2024-05-15,16,亚马逊
CHUCHU_01,2024-05-15,6,独立站
CHUCHU_02,2024-05-15,13,亚马逊
CHUCHU_02,2024-05-15,5,独立站
CHUCHU_03,2024-05-15,24,亚马逊
CHUCHU_03,2024-05-15,9,独立站
CHUCHU_01,2024-05-16,19,亚马逊
CHUCHU_01,2024-05-16,6,独立站
CHUCHU_02,2024-05-16,13,亚马逊
CHUCHU_02,2024-05-16,5,独立站
CHUCHU_03,2024-05-16,28,亚马逊
CHUCHU_03,2024-05-16,13,独立站
CHUCHU_01,2024-05-17,20,亚马逊
CHUCHU_01,2024-05-17,7,独立站
CHUCHU_02,2024-05-17,14,亚马逊
CHUCHU_02,2024-05-17,5,独立站
CHUCHU_03,2024-05-17,24,亚马逊
CHUCHU_03,2024-05-17,10,独立站
CHUCHU_01,2024-05-18,19,亚马逊
CHUCHU_01,2024-05-18,8,独立站
CHUCHU_02,2024-05-18,12,亚马逊
CHUCHU_02,2024-05-18,5,独立站
CHUCHU_03,2024-05-18,23,亚马逊
CHUCHU_03,2024-05-18,12,独立站
CHUCHU_01,2024-05-19,19,亚马逊
CHUCHU_01,2024-05-19,8,独立站
CHUCHU_02,2024-05-19,12,亚马逊
CHUCHU_02,2024-05-19,5,独立站
CHUCHU_03,2024-05-19,26,亚马逊
CHUCHU_03,2024-05-19,9,独立站
CHUCHU_01,2024-05-20,18,亚马逊
CHUCHU_01,2024-05-20,6,独立站
CHUCHU_02,2024-05-20,15,亚马逊
CHUCHU_02,2024-05-20,5,独立站
CHUCHU_03,2024-05-20,24,亚马逊
CHUCHU_03,2024-05-20,12,独立站
CHUCHU_01,2024-05-21,16,亚马逊
CHUCHU_01,2024-05-21,6,独立站
CHUCHU_02,2024-05-21,12,亚马逊
CHUCHU_02,2024-05-21,5,独立站
CHUCHU_03,2024-05-21,23,亚马逊
CHUCHU_03,2024-05-21,12,独立站
CHUCHU_01,2024-05-22,20,亚马逊
CHUCHU_01,2024-05-22,8,独立站
CHUCHU_02,2024-05-22,15,亚马逊
CHUCHU_02,2024-05-22,6,独立站
CHUCHU_03,2024-05-22,24,亚马逊
CHUCHU_03,2024-05-22,9,独立站
CHUCHU_01,2024-05-23,18,亚马逊
CHUCHU_01,2024-05-23,8,独立站
CHUCHU_02,2024-05-23,12,亚马逊
CHUCHU_02,2024-05-23,5,独立站
CHUCHU_03,2024-05-23,22,亚马逊
CHUCHU_03,2024-05-23,9,独立站
CHUCHU_01,2024-05-24,19,亚马逊
CHUCHU_01,2024-05-24,8,独立站
CHUCHU_02,2024-05-24,13,亚马逊
CHUCHU_02,2024-05-24,5,独立站
CHUCHU_03,2024-05-24,25,亚马逊
CHUCHU_03,2024-05-24,12,独立站
CHUCHU_01,2024-05-25,19,亚马逊
CHUCHU_01,2024-05-25,6,独立站
CHUCHU_02,2024-05-25,13,亚马逊
CHUCHU_02,2024-05-25,4,独立站
CHUCHU_03,2024-05-25,31,亚马逊
CHUCHU_03,2024-05-25,13,独立站
CHUCHU_01,2024-05-26,18,亚马逊
CHUCHU_01,2024-05-26,8,独立站
CHUCHU_02,2024-05-26,14,亚马逊
CHUCHU_02,2024-05-26,5,独立站
CHUCHU_03,2024-05-26,25,亚马逊
CHUCHU_03,2024-05-26,12,独立站
CHUCHU_01,2024-05-27,19,亚马逊
CHUCHU_01,2024-05-27,9,独立站
CHUCHU_02,2024-05-27,15,亚马逊
CHUCHU_02,2024-05-27,4,独立站
CHUCHU_03,2024-05-27,28,亚马逊
CHUCHU_03,2024-05-27,10,独立站
CHUCHU_01,2024-05-28,19,亚马逊
CHUCHU_01,2024-05-28,8,独立站
CHUCHU_02,2024-05-28,14,亚马逊
CHUCHU_02,2024-05-28,5,独立站
CHUCHU_03,2024-05-28,30,亚马逊
CHUCHU_03,2024-05-28,12,独立站
CHUCHU_01,2024-05-29,18,亚马逊
CHUCHU_01,2024-05-29,7,独立站
CHUCHU_02,2024-05-29,12,亚马逊
CHUCHU_02,2024-05-29,4,独立站
CHUCHU_03,2024-05-29,25,亚马逊
CHUCHU_03,2024-05-29,10,独立站
CHUCHU_01,2024-05-30,19,亚马逊
CHUCHU_01,2024-05-30,8,独立站
CHUCHU_02,2024-05-30,10,亚马逊
CHUCHU_02,2024-05-30,4,独立站
CHUCHU_03,2024-05-30,29,亚马逊
CHUCHU_03,2024-05-30,12,独立站
CHUCHU_01,2024-05-31,18,亚马逊
CHUCHU_01,2024-05-31,9,独立站
CHUCHU_02,2024-05-31,9,亚马逊
CHUCHU_02,2024-05-31,4,独立站
CHUCHU_03,2024-05-31,29,亚马逊
CHUCHU_03,2024-05-31,12,独立站
CHUCHU_01,2024-06-01,18,亚马逊
CHUCHU_01,2024-06-01,8,独立站
CHUCHU_02,2024-06-01,15,亚马逊
CHUCHU_02,2024-06-01,6,独立站
CHUCHU_03,2024-06-01,23,亚马逊
CHUCHU_03,2024-06-01,12,独立站
CHUCHU_01,2024-06-02,15,亚马逊
CHUCHU_01,2024-06-02,8,独立站
CHUCHU_02,2024-06-02,11,亚马逊
CHUCHU_02,2024-06-02,4,独立站
CHUCHU_03,2024-06-02,22,亚马逊
CHUCHU_03,2024-06-02,9,独立站
CHUCHU_01,2024-06-03,16,亚马逊
CHUCHU_01,2024-06-03,7,独立站
CHUCHU_02,2024-06-03,14,亚马逊
CHUCHU_02,2024-06-03,5,独立站
CHUCHU_03,2024-06-03,20,亚马逊
CHUCHU_03,2024-06-03,10,独立站
CHUCHU_01,2024-06-04,15,亚马逊
CHUCHU_01,2024-06-04,7,独立站
CHUCHU_02,2024-06-04,11,亚马逊
CHUCHU_02,2024-06-04,4,独立站
CHUCHU_03,2024-06-04,27,亚马逊
CHUCHU_03,2024-06-04,10,独立站
CHUCHU_01,2024-06-05,15,亚马逊
CHUCHU_01,2024-06-05,7,独立站
CHUCHU_02,2024-06-05,15,亚马逊
CHUCHU_02,2024-06-05,5,独立站
CHUCHU_03,2024-06-05,22,亚马逊
CHUCHU_03,2024-06-05,9,独立站
CHUCHU_01,2024-06-06,18,亚马逊
CHUCHU_01,2024-06-06,7,独立站
CHUCHU_02,2024-06-06,11,亚马逊
CHUCHU_02,2024-06-06,4,独立站
CHUCHU_03,2024-06-06,25,亚马逊
CHUCHU_03,2024-06-06,9,独立站
CHUCHU_01,2024-06-07,16,亚马逊
CHUCHU_01,2024-06-07,6,独立站
CHUCHU_02,2024-06-07,12,亚马逊
CHUCHU_02,2024-06-07,4,独立站
CHUCHU_03,2024-06-07,23,亚马逊
CHUCHU_03,2024-06-07,9,独立站
CHUCHU_01,2024-06-08,14,亚马逊
CHUCHU_01,2024-06-08,7,独立站
CHUCHU_02,2024-06-08,11,亚马逊
CHUCHU_02,2024-06-08,5,独立站
CHUCHU_03,2024-06-08,28,亚马逊
CHUCHU_03,2024-06-08,11,独立站
CHUCHU_01,2024-06-09,15,亚马逊
CHUCHU_01,2024-06-09,7,独立站
CHUCHU_02,2024-06-09,14,亚马逊
CHUCHU_02,2024-06-09,6,独立站
CHUCHU_03,2024-06-09,23,亚马逊
CHUCHU_03,2024-06-09,9,独立站
CHUCHU_01,2024-06-10,16,亚马逊
CHUCHU_01,2024-06-10,9,独立站
CHUCHU_02,2024-06-10,10,亚马逊
CHUCHU_02,2024-06-10,4,独立站
CHUCHU_03,2024-06-10,19,亚马逊
CHUCHU_03,2024-06-10,9,独立站
CHUCHU_01,2024-06-11,19,亚马逊
CHUCHU_01,2024-06-11,7,独立站
CHUCHU_02,2024-06-11,10,亚马逊
CHUCHU_02,2024-06-11,4,独立站
CHUCHU_03,2024-06-11,29,亚马逊
CHUCHU_03,2024-06-11,11,独立站
CHUCHU_01,2024-06-12,15,亚马逊
CHUCHU_01,2024-06-12,7,独立站
CHUCHU_02,2024-06-12,11,亚马逊
CHUCHU_02,2024-06-12,5,独立站
CHUCHU_03,2024-06-12,21,亚马逊
CHUCHU_03,2024-06-12,10,独立站
CHUCHU_01,2024-06-13,15,亚马逊
CHUCHU_01,2024-06-13,7,独立站
CHUCHU_02,2024-06-13,11,亚马逊
CHUCHU_02,2024-06-13,4,独立站
CHUCHU_03,2024-06-13,29,亚马逊
CHUCHU_03,2024-06-13,10,独立站
CHUCHU_01,2024-06-14,17,亚马逊
CHUCHU_01,2024-06-14,6,独立站
CHUCHU_02,2024-06-14,12,亚马逊
CHUCHU_02,2024-06-14,5,独立站
CHUCHU_03,2024-06-14,21,亚马逊
CHUCHU_03,2024-06-14,11,独立站
CHUCHU_01,2024-06-15,18,亚马逊
CHUCHU_01,2024-06-15,7,独立站
CHUCHU_02,2024-06-15,10,亚马逊
CHUCHU_02,2024-06-15,4,独立站
CHUCHU_03,2024-06-15,20,亚马逊
CHUCHU_03,2024-06-15,11,独立站
CHUCHU_01,2024-06-16,15,亚马逊
CHUCHU_01,2024-06-16,6,独立站
CHUCHU_02,2024-06-16,11,亚马逊
CHUCHU_02,2024-06-16,4,独立站
CHUCHU_03,2024-06-16,22,亚马逊
CHUCHU_03,2024-06-16,8,独立站
CHUCHU_01,2024-06-17,16,亚马逊
CHUCHU_01,2024-06-17,8,独立站
CHUCHU_02,2024-06-17,13,亚马逊
CHUCHU_02,2024-06-17,5,独立站
CHUCHU_03,2024-06-17,20,亚马逊
CHUCHU_03,2024-06-17,9,独立站
CHUCHU_01,2024-06-18,16,亚马逊
CHUCHU_01,2024-06-18,8,独立站
CHUCHU_02,2024-06-18,12,亚马逊
CHUCHU_02,2024-06-18,5,独立站
CHUCHU_03,2024-06-18,21,亚马逊
CHUCHU_03,2024-06-18,11,独立站
CHUCHU_01,2024-06-19,18,亚马逊
CHUCHU_01,2024-06-19,8,独立站
CHUCHU_02,2024-06-19,11,亚马逊
CHUCHU_02,2024-06-19,5,独立站
CHUCHU_03,2024-06-19,21,亚马逊
CHUCHU_03,2024-06-19,8,独立站
CHUCHU_01,2024-06-20,14,亚马逊
CHUCHU_01,2024-06-20,6,独立站
CHUCHU_02,2024-06-20,13,亚马逊
CHUCHU_02,2024-06-20,4,独立站
CHUCHU_03,2024-06-20,23,亚马逊
CHUCHU_03,2024-06-20,10,独立站
CHUCHU_01,2024-06-21,16,亚马逊
CHUCHU_01,2024-06-21,6,独立站
CHUCHU_02,2024-06-21,12,亚马逊
CHUCHU_02,2024-06-21,5,独立站
CHUCHU_03,2024-06-21,20,亚马逊
CHUCHU_03,2024-06-21,11,独立站
CHUCHU_01,2024-06-22,16,亚马逊
CHUCHU_01,2024-06-22,8,独立站
CHUCHU_02,2024-06-22,11,亚马逊
CHUCHU_02,2024-06-22,4,独立站
CHUCHU_03,2024-06-22,23,亚马逊
CHUCHU_03,2024-06-22,11,独立站
CHUCHU_01,2024-06-23,16,亚马逊
CHUCHU_01,2024-06-23,7,独立站
CHUCHU_02,2024-06-23,12,亚马逊
CHUCHU_02,2024-06-23,5,独立站
CHUCHU_03,2024-06-23,20,亚马逊
CHUCHU_03,2024-06-23,9,独立站
CHUCHU_01,2024-06-24,18,亚马逊
CHUCHU_01,2024-06-24,7,独立站
CHUCHU_02,2024-06-24,9,亚马逊
CHUCHU_02,2024-06-24,4,独立站
CHUCHU_03,2024-06-24,21,亚马逊
CHUCHU_03,2024-06-24,7,独立站
CHUCHU_01,2024-06-25,13,亚马逊
CHUCHU_01,2024-06-25,6,独立站
CHUCHU_02,2024-06-25,13,亚马逊
CHUCHU_02,2024-06-25,5,独立站
CHUCHU_03,2024-06-25,21,亚马逊
CHUCHU_03,2024-06-25,10,独立站
CHUCHU_01,2024-06-26,17,亚马逊
CHUCHU_01,2024-06-26,8,独立站
CHUCHU_02,2024-06-26,10,亚马逊
CHUCHU_02,2024-06-26,4,独立站
CHUCHU_03,2024-06-26,23,亚马逊
CHUCHU_03,2024-06-26,9,独立站
CHUCHU_01,2024-06-27,15,亚马逊
CHUCHU_01,2024-06-27,7,独立站
CHUCHU_02,2024-06-27,11,亚马逊
CHUCHU_02,2024-06-27,5,独立站
CHUCHU_03,2024-06-27,24,亚马逊
CHUCHU_03,2024-06-27,9,独立站
CHUCHU_01,2024-06-28,16,亚马逊
CHUCHU_01,2024-06-28,8,独立站
CHUCHU_02,2024-06-28,14,亚马逊
CHUCHU_02,2024-06-28,6,独立站
CHUCHU_03,2024-06-28,24,亚马逊
CHUCHU_03,2024-06-28,10,独立站
CHUCHU_01,2024-06-29,15,亚马逊
CHUCHU_01,2024-06-29,8,独立站
CHUCHU_02,2024-06-29,11,亚马逊
CHUCHU_02,2024-06-29,5,独立站
CHUCHU_03,2024-06-29,20,亚马逊
CHUCHU_03,2024-06-29,8,独立站
CHUCHU_01,2024-06-30,19,亚马逊
CHUCHU_01,2024-06-30,8,独立站
CHUCHU_02,2024-06-30,10,亚马逊
CHUCHU_02,2024-06-30,4,独立站
CHUCHU_03,2024-06-30,23,亚马逊
CHUCHU_03,2024-06-30,8,独立站
CHUCHU_01,2024-07-01,15,亚马逊
CHUCHU_01,2024-07-01,6,独立站
CHUCHU_02,2024-07-01,9,亚马逊
CHUCHU_02,2024-07-01,5,独立站
CHUCHU_03,2024-07-01,23,亚马逊
CHUCHU_03,2024-07-01,9,独立站
CHUCHU_01,2024-07-02,12,亚马逊
CHUCHU_01,2024-07-02,5,独立站
CHUCHU_02,2024-07-02,12,亚马逊
CHUCHU_02,2024-07-02,5,独立站
CHUCHU_03,2024-07-02,19,亚马逊
CHUCHU_03,2024-07-02,10,独立站
CHUCHU_01,2024-07-03,16,亚马逊
CHUCHU_01,2024-07-03,6,独立站
CHUCHU_02,2024-07-03,11,亚马逊
CHUCHU_02,2024-07-03,5,独立站
CHUCHU_03,2024-07-03,19,亚马逊
CHUCHU_03,2024-07-03,9,独立站
CHUCHU_01,2024-07-04,18,亚马逊
CHUCHU_01,2024-07-04,6,独立站
CHUCHU_02,2024-07-04,9,亚马逊
CHUCHU_02,2024-07-04,4,独立站
CHUCHU_03,2024-07-04,19,亚马逊
CHUCHU_03,2024-07-04,6,独立站
CHUCHU_01,2024-07-05,16,亚马逊
CHUCHU_01,2024-07-05,6,独立站
CHUCHU_02,2024-07-05,9,亚马逊
CHUCHU_02,2024-07-05,4,独立站
CHUCHU_03,2024-07-05,22,亚马逊
CHUCHU_03,2024-07-05,8,独立站
CHUCHU_01,2024-07-06,16,亚马逊
CHUCHU_01,2024-07-06,7,独立站
CHUCHU_02,2024-07-06,10,亚马逊
CHUCHU_02,2024-07-06,4,独立站
CHUCHU_03,2024-07-06,26,亚马逊
CHUCHU_03,2024-07-06,11,独立站
CHUCHU_01,2024-07-07,16,亚马逊
CHUCHU_01,2024-07-07,6,独立站
CHUCHU_02,2024-07-07,9,亚马逊
CHUCHU_02,2024-07-07,4,独立站
CHUCHU_03,2024-07-07,22,亚马逊
CHUCHU_03,2024-07-07,9,独立站
CHUCHU_01,2024-07-08,16,亚马逊
CHUCHU_01,2024-07-08,7,独立站
CHUCHU_02,2024-07-08,11,亚马逊
CHUCHU_02,2024-07-08,5,独立站
CHUCHU_03,2024-07-08,19,亚马逊
CHUCHU_03,2024-07-08,9,独立站
CHUCHU_01,2024-07-09,16,亚马逊
CHUCHU_01,2024-07-09,5,独立站
CHUCHU_02,2024-07-09,9,亚马逊
CHUCHU_02,2024-07-09,4,独立站
CHUCHU_03,2024-07-09,18,亚马逊
CHUCHU_03,2024-07-09,8,独立站
CHUCHU_01,2024-07-10,15,亚马逊
CHUCHU_01,2024-07-10,5,独立站
CHUCHU_02,2024-07-10,11,亚马逊
CHUCHU_02,2024-07-10,4,独立站
CHUCHU_03,2024-07-10,21,亚马逊
CHUCHU_03,2024-07-10,8,独立站
CHUCHU_01,2024-07-11,18,亚马逊
CHUCHU_01,2024-07-11,6,独立站
CHUCHU_02,2024-07-11,9,亚马逊
CHUCHU_02,2024-07-11,4,独立站
CHUCHU_03,2024-07-11,20,亚马逊
CHUCHU_03,2024-07-11,9,独立站
CHUCHU_01,2024-07-12,17,亚马逊
CHUCHU_01,2024-07-12,5,独立站
CHUCHU_02,2024-07-12,9,亚马逊
CHUCHU_02,2024-07-12,3,独立站
CHUCHU_03,2024-07-12,23,亚马逊
CHUCHU_03,2024-07-12,9,独立站
CHUCHU_01,2024-07-13,15,亚马逊
CHUCHU_01,2024-07-13,6,独立站
CHUCHU_02,2024-07-13,10,亚马逊
CHUCHU_02,2024-07-13,4,独立站
CHUCHU_03,2024-07-13,21,亚马逊
CHUCHU_03,2024-07-13,10,独立站
CHUCHU_01,2024-07-14,16,亚马逊
CHUCHU_01,2024-07-14,6,独立站
CHUCHU_02,2024-07-14,11,亚马逊
CHUCHU_02,2024-07-14,4,独立站
CHUCHU_03,2024-07-14,22,亚马逊
CHUCHU_03,2024-07-14,8,独立站
CHUCHU_01,2024-07-15,13,亚马逊
CHUCHU_01,2024-07-15,5,独立站
CHUCHU_02,2024-07-15,9,亚马逊
CHUCHU_02,2024-07-15,4,独立站
CHUCHU_03,2024-07-15,27,亚马逊
CHUCHU_03,2024-07-15,11,独立站
CHUCHU_01,2024-07-16,16,亚马逊
CHUCHU_01,2024-07-16,6,独立站
CHUCHU_02,2024-07-16,9,亚马逊
CHUCHU_02,2024-07-16,4,独立站
CHUCHU_03,2024-07-16,24,亚马逊
CHUCHU_03,2024-07-16,9,独立站
CHUCHU_01,2024-07-17,15,亚马逊
CHUCHU_01,2024-07-17,7,独立站
CHUCHU_02,2024-07-17,11,亚马逊
CHUCHU_02,2024-07-17,4,独立站
CHUCHU_03,2024-07-17,20,亚马逊
CHUCHU_03,2024-07-17,10,独立站
CHUCHU_01,2024-07-18,11,亚马逊
CHUCHU_01,2024-07-18,5,独立站
CHUCHU_02,2024-07-18,11,亚马逊
CHUCHU_02,2024-07-18,4,独立站
CHUCHU_03,2024-07-18,18,亚马逊
CHUCHU_03,2024-07-18,7,独立站
CHUCHU_01,2024-07-19,15,亚马逊
CHUCHU_01,2024-07-19,7,独立站
CHUCHU_02,2024-07-19,12,亚马逊
CHUCHU_02,2024-07-19,4,独立站
CHUCHU_03,2024-07-19,21,亚马逊
CHUCHU_03,2024-07-19,8,独立站
CHUCHU_01,2024-07-20,17,亚马逊
CHUCHU_01,2024-07-20,5,独立站
CHUCHU_02,2024-07-20,9,亚马逊
CHUCHU_02,2024-07-20,4,独立站
CHUCHU_03,2024-07-20,23,亚马逊
CHUCHU_03,2024-07-20,8,独立站
CHUCHU_01,2024-07-21,15,亚马逊
CHUCHU_01,2024-07-21,7,独立站
CHUCHU_02,2024-07-21,8,亚马逊
CHUCHU_02,2024-07-21,4,独立站
CHUCHU_03,2024-07-21,16,亚马逊
CHUCHU_03,2024-07-21,8,独立站
CHUCHU_01,2024-07-22,13,亚马逊
CHUCHU_01,2024-07-22,7,独立站
CHUCHU_02,2024-07-22,11,亚马逊
CHUCHU_02,2024-07-22,3,独立站
CHUCHU_03,2024-07-22,21,亚马逊
CHUCHU_03,2024-07-22,8,独立站
CHUCHU_01,2024-07-23,14,亚马逊
CHUCHU_01,2024-07-23,7,独立站
CHUCHU_02,2024-07-23,9,亚马逊
CHUCHU_02,2024-07-23,4,独立站
CHUCHU_03,2024-07-23,16,亚马逊
CHUCHU_03,2024-07-23,6,独立站
CHUCHU_01,2024-07-24,15,亚马逊
CHUCHU_01,2024-07-24,6,独立站
CHUCHU_02,2024-07-24,10,亚马逊
CHUCHU_02,2024-07-24,3,独立站
CHUCHU_03,2024-07-24,25,亚马逊
CHUCHU_03,2024-07-24,10,独立站
CHUCHU_01,2024-07-25,15,亚马逊
CHUCHU_01,2024-07-25,5,独立站
CHUCHU_02,2024-07-25,9,亚马逊
CHUCHU_02,2024-07-25,4,独立站
CHUCHU_03,2024-07-25,21,亚马逊
CHUCHU_03,2024-07-25,9,独立站
CHUCHU_01,2024-07-26,16,亚马逊
CHUCHU_01,2024-07-26,6,独立站
CHUCHU_02,2024-07-26,11,亚马逊
CHUCHU_02,2024-07-26,4,独立站
CHUCHU_03,2024-07-26,17,亚马逊
CHUCHU_03,2024-07-26,9,独立站
CHUCHU_01,2024-07-27,12,亚马逊
CHUCHU_01,2024-07-27,5,独立站
CHUCHU_02,2024-07-27,10,亚马逊
CHUCHU_02,2024-07-27,4,独立站
CHUCHU_03,2024-07-27,24,亚马逊
CHUCHU_03,2024-07-27,10,独立站
CHUCHU_01,2024-07-28,13,亚马逊
CHUCHU_01,2024-07-28,6,独立站
CHUCHU_02,2024-07-28,11,亚马逊
CHUCHU_02,2024-07-28,4,独立站
CHUCHU_03,2024-07-28,18,亚马逊
CHUCHU_03,2024-07-28,9,独立站
CHUCHU_01,2024-07-29,15,亚马逊
CHUCHU_01,2024-07-29,7,独立站
CHUCHU_02,2024-07-29,10,亚马逊
CHUCHU_02,2024-07-29,4,独立站
CHUCHU_03,2024-07-29,23,亚马逊
CHUCHU_03,2024-07-29,10,独立站
CHUCHU_01,2024-07-30,15,亚马逊
CHUCHU_01,2024-07-30,5,独立站
CHUCHU_02,2024-07-30,9,亚马逊
CHUCHU_02,2024-07-30,4,独立站
CHUCHU_03,2024-07-30,24,亚马逊
CHUCHU_03,2024-07-30,9,独立站
CHUCHU_01,2024-07-31,13,亚马逊
CHUCHU_01,2024-07-31,7,独立站
CHUCHU_02,2024-07-31,10,亚马逊
CHUCHU_02,2024-07-31,3,独立站
CHUCHU_03,2024-07-31,21,亚马逊
CHUCHU_03,2024-07-31,11,独立站
CHUCHU_01,2024-08-01,12,亚马逊
CHUCHU_01,2024-08-01,5,独立站
CHUCHU_02,2024-08-01,10,亚马逊
CHUCHU_02,2024-08-01,4,独立站
CHUCHU_03,2024-08-01,19,亚马逊
CHUCHU_03,2024-08-01,7,独立站
CHUCHU_01,2024-08-02,11,亚马逊
CHUCHU_01,2024-08-02,4,独立站
CHUCHU_02,2024-08-02,9,亚马逊
CHUCHU_02,2024-08-02,4,独立站
CHUCHU_03,2024-08-02,16,亚马逊
CHUCHU_03,2024-08-02,8,独立站
CHUCHU_01,2024-08-03,12,亚马逊
CHUCHU_01,2024-08-03,6,独立站
CHUCHU_02,2024-08-03,9,亚马逊
CHUCHU_02,2024-08-03,3,独立站
CHUCHU_03,2024-08-03,20,亚马逊
CHUCHU_03,2024-08-03,9,独立站
CHUCHU_01,2024-08-04,10,亚马逊
CHUCHU_01,2024-08-04,4,独立站
CHUCHU_02,2024-08-04,7,亚马逊
CHUCHU_02,2024-08-04,3,独立站
CHUCHU_03,2024-08-04,17,亚马逊
CHUCHU_03,2024-08-04,7,独立站
CHUCHU_01,2024-08-05,12,亚马逊
CHUCHU_01,2024-08-05,5,独立站
CHUCHU_02,2024-08-05,10,亚马逊
CHUCHU_02,2024-08-05,4,独立站
CHUCHU_03,2024-08-05,16,亚马逊
CHUCHU_03,2024-08-05,8,独立站
CHUCHU_01,2024-08-06,13,亚马逊
CHUCHU_01,2024-08-06,5,独立站
CHUCHU_02,2024-08-06,9,亚马逊
CHUCHU_02,2024-08-06,3,独立站
CHUCHU_03,2024-08-06,15,亚马逊
CHUCHU_03,2024-08-06,8,独立站
CHUCHU_01,2024-08-07,12,亚马逊
CHUCHU_01,2024-08-07,6,独立站
CHUCHU_02,2024-08-07,10,亚马逊
CHUCHU_02,2024-08-07,4,独立站
CHUCHU_03,2024-08-07,15,亚马逊
CHUCHU_03,2024-08-07,6,独立站
CHUCHU_01,2024-08-08,14,亚马逊
CHUCHU_01,2024-08-08,6,独立站
CHUCHU_02,2024-08-08,9,亚马逊
CHUCHU_02,2024-08-08,4,独立站
CHUCHU_03,2024-08-08,19,亚马逊
CHUCHU_03,2024-08-08,8,独立站
CHUCHU_01,2024-08-09,11,亚马逊
CHUCHU_01,2024-08-09,5,独立站
CHUCHU_02,2024-08-09,9,亚马逊
CHUCHU_02,2024-08-09,4,独立站
CHUCHU_03,2024-08-09,20,亚马逊
CHUCHU_03,2024-08-09,6,独立站
CHUCHU_01,2024-08-10,13,亚马逊
CHUCHU_01,2024-08-10,6,独立站
CHUCHU_02,2024-08-10,8,亚马逊
CHUCHU_02,2024-08-10,4,独立站
CHUCHU_03,2024-08-10,20,亚马逊
CHUCHU_03,2024-08-10,8,独立站
CHUCHU_01,2024-08-11,10,亚马逊
CHUCHU_01,2024-08-11,6,独立站
CHUCHU_02,2024-08-11,9,亚马逊
CHUCHU_02,2024-08-11,3,独立站
CHUCHU_03,2024-08-11,22,亚马逊
CHUCHU_03,2024-08-11,7,独立站
CHUCHU_01,2024-08-12,11,亚马逊
CHUCHU_01,2024-08-12,5,独立站
CHUCHU_02,2024-08-12,8,亚马逊
CHUCHU_02,2024-08-12,4,独立站
CHUCHU_03,2024-08-12,18,亚马逊
CHUCHU_03,2024-08-12,7,独立站
CHUCHU_01,2024-08-13,12,亚马逊
CHUCHU_01,2024-08-13,4,独立站
CHUCHU_02,2024-08-13,10,亚马逊
CHUCHU_02,2024-08-13,3,独立站
CHUCHU_03,2024-08-13,18,亚马逊
CHUCHU_03,2024-08-13,8,独立站
CHUCHU_01,2024-08-14,11,亚马逊
CHUCHU_01,2024-08-14,6,独立站
CHUCHU_02,2024-08-14,10,亚马逊
CHUCHU_02,2024-08-14,3,独立站
CHUCHU_03,2024-08-14,21,亚马逊
CHUCHU_03,2024-08-14,8,独立站
CHUCHU_01,2024-08-15,13,亚马逊
CHUCHU_01,2024-08-15,5,独立站
CHUCHU_02,2024-08-15,9,亚马逊
CHUCHU_02,2024-08-15,3,独立站
CHUCHU_03,2024-08-15,16,亚马逊
CHUCHU_03,2024-08-15,6,独立站
CHUCHU_01,2024-08-16,15,亚马逊
CHUCHU_01,2024-08-16,6,独立站
CHUCHU_02,2024-08-16,9,亚马逊
CHUCHU_02,2024-08-16,4,独立站
CHUCHU_03,2024-08-16,17,亚马逊
CHUCHU_03,2024-08-16,7,独立站
CHUCHU_01,2024-08-17,13,亚马逊
CHUCHU_01,2024-08-17,5,独立站
CHUCHU_02,2024-08-17,9,亚马逊
CHUCHU_02,2024-08-17,3,独立站
CHUCHU_03,2024-08-17,19,亚马逊
CHUCHU_03,2024-08-17,8,独立站
CHUCHU_01,2024-08-18,10,亚马逊
CHUCHU_01,2024-08-18,4,独立站
CHUCHU_02,2024-08-18,10,亚马逊
CHUCHU_02,2024-08-18,3,独立站
CHUCHU_03,2024-08-18,16,亚马逊
CHUCHU_03,2024-08-18,6,独立站
CHUCHU_01,2024-08-19,11,亚马逊
CHUCHU_01,2024-08-19,5,独立站
CHUCHU_02,2024-08-19,9,亚马逊
CHUCHU_02,2024-08-19,3,独立站
CHUCHU_03,2024-08-19,16,亚马逊
CHUCHU_03,2024-08-19,6,独立站
CHUCHU_01,2024-08-20,11,亚马逊
CHUCHU_01,2024-08-20,5,独立站
CHUCHU_02,2024-08-20,8,亚马逊
CHUCHU_02,2024-08-20,4,独立站
CHUCHU_03,2024-08-20,20,亚马逊
CHUCHU_03,2024-08-20,9,独立站
CHUCHU_01,2024-08-21,15,亚马逊
CHUCHU_01,2024-08-21,5,独立站
CHUCHU_02,2024-08-21,8,亚马逊
CHUCHU_02,2024-08-21,3,独立站
CHUCHU_03,2024-08-21,17,亚马逊
CHUCHU_03,2024-08-21,7,独立站
CHUCHU_01,2024-08-22,12,亚马逊
CHUCHU_01,2024-08-22,5,独立站
CHUCHU_02,2024-08-22,10,亚马逊
CHUCHU_02,2024-08-22,3,独立站
CHUCHU_03,2024-08-22,16,亚马逊
CHUCHU_03,2024-08-22,6,独立站
CHUCHU_01,2024-08-23,13,亚马逊
CHUCHU_01,2024-08-23,6,独立站
CHUCHU_02,2024-08-23,8,亚马逊
CHUCHU_02,2024-08-23,3,独立站
CHUCHU_03,2024-08-23,14,亚马逊
CHUCHU_03,2024-08-23,7,独立站
CHUCHU_01,2024-08-24,11,亚马逊
CHUCHU_01,2024-08-24,5,独立站
CHUCHU_02,2024-08-24,10,亚马逊
CHUCHU_02,2024-08-24,4,独立站
CHUCHU_03,2024-08-24,16,亚马逊
CHUCHU_03,2024-08-24,5,独立站
CHUCHU_01,2024-08-25,15,亚马逊
CHUCHU_01,2024-08-25,7,独立站
CHUCHU_02,2024-08-25,10,亚马逊
CHUCHU_02,2024-08-25,3,独立站
CHUCHU_03,2024-08-25,21,亚马逊
CHUCHU_03,2024-08-25,7,独立站
CHUCHU_01,2024-08-26,9,亚马逊
CHUCHU_01,2024-08-26,4,独立站
CHUCHU_02,2024-08-26,8,亚马逊
CHUCHU_02,2024-08-26,3,独立站
CHUCHU_03,2024-08-26,15,亚马逊
CHUCHU_03,2024-08-26,7,独立站
CHUCHU_01,2024-08-27,12,亚马逊
CHUCHU_01,2024-08-27,6,独立站
CHUCHU_02,2024-08-27,10,亚马逊
CHUCHU_02,2024-08-27,4,独立站
CHUCHU_03,2024-08-27,19,亚马逊
CHUCHU_03,2024-08-27,7,独立站
CHUCHU_01,2024-08-28,13,亚马逊
CHUCHU_01,2024-08-28,6,独立站
CHUCHU_02,2024-08-28,9,亚马逊
CHUCHU_02,2024-08-28,3,独立站
CHUCHU_03,2024-08-28,17,亚马逊
CHUCHU_03,2024-08-28,7,独立站
CHUCHU_01,2024-08-29,13,亚马逊
CHUCHU_01,2024-08-29,6,独立站
CHUCHU_02,2024-08-29,9,亚马逊
CHUCHU_02,2024-08-29,3,独立站
CHUCHU_03,2024-08-29,19,亚马逊
CHUCHU_03,2024-08-29,7,独立站
CHUCHU_01,2024-08-30,11,亚马逊
CHUCHU_01,2024-08-30,4,独立站
CHUCHU_02,2024-08-30,10,亚马逊
CHUCHU_02,2024-08-30,4,独立站
CHUCHU_03,2024-08-30,17,亚马逊
CHUCHU_03,2024-08-30,7,独立站
CHUCHU_01,2024-08-31,13,亚马逊
CHUCHU_01,2024-08-31,5,独立站
CHUCHU_02,2024-08-31,8,亚马逊
CHUCHU_02,2024-08-31,3,独立站
CHUCHU_03,2024-08-31,18,亚马逊
CHUCHU_03,2024-08-31,6,独立站
CHUCHU_01,2024-09-01,10,亚马逊
CHUCHU_01,2024-09-01,5,独立站
CHUCHU_02,2024-09-01,7,亚马逊
CHUCHU_02,2024-09-01,2,独立站
CHUCHU_03,2024-09-01,14,亚马逊
CHUCHU_03,2024-09-01,5,独立站
CHUCHU_01,2024-09-02,12,亚马逊
CHUCHU_01,2024-09-02,4,独立站
CHUCHU_02,2024-09-02,7,亚马逊
CHUCHU_02,2024-09-02,4,独立站
CHUCHU_03,2024-09-02,14,亚马逊
CHUCHU_03,2024-09-02,7,独立站
CHUCHU_01,2024-09-03,14,亚马逊
CHUCHU_01,2024-09-03,5,独立站
CHUCHU_02,2024-09-03,9,亚马逊
CHUCHU_02,2024-09-03,3,独立站
CHUCHU_03,2024-09-03,13,亚马逊
CHUCHU_03,2024-09-03,5,独立站
CHUCHU_01,2024-09-04,9,亚马逊
CHUCHU_01,2024-09-04,4,独立站
CHUCHU_02,2024-09-04,8,亚马逊
CHUCHU_02,2024-09-04,3,独立站
CHUCHU_03,2024-09-04,15,亚马逊
CHUCHU_03,2024-09-04,6,独立站
CHUCHU_01,2024-09-05,10,亚马逊
CHUCHU_01,2024-09-05,5,独立站
CHUCHU_02,2024-09-05,7,亚马逊
CHUCHU_02,2024-09-05,3,独立站
CHUCHU_03,2024-09-05,13,亚马逊
CHUCHU_03,2024-09-05,6,独立站
CHUCHU_01,2024-09-06,11,亚马逊
CHUCHU_01,2024-09-06,4,独立站
CHUCHU_02,2024-09-06,9,亚马逊
CHUCHU_02,2024-09-06,3,独立站
CHUCHU_03,2024-09-06,18,亚马逊
CHUCHU_03,2024-09-06,7,独立站
CHUCHU_01,2024-09-07,13,亚马逊
CHUCHU_01,2024-09-07,7,独立站
CHUCHU_02,2024-09-07,7,亚马逊
CHUCHU_02,2024-09-07,2,独立站
CHUCHU_03,2024-09-07,16,亚马逊
CHUCHU_03,2024-09-07,8,独立站
CHUCHU_01,2024-09-08,9,亚马逊
CHUCHU_01,2024-09-08,5,独立站
CHUCHU_02,2024-09-08,9,亚马逊
CHUCHU_02,2024-09-08,3,独立站
CHUCHU_03,2024-09-08,15,亚马逊
CHUCHU_03,2024-09-08,7,独立站
CHUCHU_01,2024-09-09,12,亚马逊
CHUCHU_01,2024-09-09,5,独立站
CHUCHU_02,2024-09-09,7,亚马逊
CHUCHU_02,2024-09-09,3,独立站
CHUCHU_03,2024-09-09,14,亚马逊
CHUCHU_03,2024-09-09,6,独立站
CHUCHU_01,2024-09-10,13,亚马逊
CHUCHU_01,2024-09-10,6,独立站
CHUCHU_02,2024-09-10,8,亚马逊
CHUCHU_02,2024-09-10,3,独立站
CHUCHU_03,2024-09-10,17,亚马逊
CHUCHU_03,2024-09-10,8,独立站
CHUCHU_01,2024-09-11,12,亚马逊
CHUCHU_01,2024-09-11,4,独立站
CHUCHU_02,2024-09-11,8,亚马逊
CHUCHU_02,2024-09-11,3,独立站
CHUCHU_03,2024-09-11,17,亚马逊
CHUCHU_03,2024-09-11,8,独立站
CHUCHU_01,2024-09-12,6,亚马逊
CHUCHU_01,2024-09-12,3,独立站
CHUCHU_02,2024-09-12,9,亚马逊
CHUCHU_02,2024-09-12,3,独立站
CHUCHU_03,2024-09-12,16,亚马逊
CHUCHU_03,2024-09-12,7,独立站
CHUCHU_01,2024-09-13,9,亚马逊
CHUCHU_01,2024-09-13,5,独立站
CHUCHU_02,2024-09-13,7,亚马逊
CHUCHU_02,2024-09-13,4,独立站
CHUCHU_03,2024-09-13,16,亚马逊
CHUCHU_03,2024-09-13,6,独立站
CHUCHU_01,2024-09-14,12,亚马逊
CHUCHU_01,2024-09-14,5,独立站
CHUCHU_02,2024-09-14,7,亚马逊
CHUCHU_02,2024-09-14,3,独立站
CHUCHU_03,2024-09-14,17,亚马逊
CHUCHU_03,2024-09-14,7,独立站
CHUCHU_01,2024-09-15,10,亚马逊
CHUCHU_01,2024-09-15,5,独立站
CHUCHU_02,2024-09-15,7,亚马逊
CHUCHU_02,2024-09-15,3,独立站
CHUCHU_03,2024-09-15,14,亚马逊
CHUCHU_03,2024-09-15,5,独立站
CHUCHU_01,2024-09-16,12,亚马逊
CHUCHU_01,2024-09-16,5,独立站
CHUCHU_02,2024-09-16,5,亚马逊
CHUCHU_02,2024-09-16,2,独立站
CHUCHU_03,2024-09-16,17,亚马逊
CHUCHU_03,2024-09-16,7,独立站
CHUCHU_01,2024-09-17,8,亚马逊
CHUCHU_01,2024-09-17,3,独立站
CHUCHU_02,2024-09-17,7,亚马逊
CHUCHU_02,2024-09-17,3,独立站
CHUCHU_03,2024-09-17,16,亚马逊
CHUCHU_03,2024-09-17,7,独立站
CHUCHU_01,2024-09-18,10,亚马逊
CHUCHU_01,2024-09-18,5,独立站
CHUCHU_02,2024-09-18,7,亚马逊
CHUCHU_02,2024-09-18,3,独立站
CHUCHU_03,2024-09-18,14,亚马逊
CHUCHU_03,2024-09-18,8,独立站
CHUCHU_01,2024-09-19,7,亚马逊
CHUCHU_01,2024-09-19,3,独立站
CHUCHU_02,2024-09-19,6,亚马逊
CHUCHU_02,2024-09-19,3,独立站
CHUCHU_03,2024-09-19,19,亚马逊
CHUCHU_03,2024-09-19,8,独立站
CHUCHU_01,2024-09-20,10,亚马逊
CHUCHU_01,2024-09-20,4,独立站
CHUCHU_02,2024-09-20,7,亚马逊
CHUCHU_02,2024-09-20,3,独立站
CHUCHU_03,2024-09-20,14,亚马逊
CHUCHU_03,2024-09-20,5,独立站
CHUCHU_01,2024-09-21,11,亚马逊
CHUCHU_01,2024-09-21,4,独立站
CHUCHU_02,2024-09-21,6,亚马逊
CHUCHU_02,2024-09-21,3,独立站
CHUCHU_03,2024-09-21,16,亚马逊
CHUCHU_03,2024-09-21,5,独立站
CHUCHU_01,2024-09-22,10,亚马逊
CHUCHU_01,2024-09-22,5,独立站
CHUCHU_02,2024-09-22,6,亚马逊
CHUCHU_02,2024-09-22,2,独立站
CHUCHU_03,2024-09-22,16,亚马逊
CHUCHU_03,2024-09-22,6,独立站
CHUCHU_01,2024-09-23,11,亚马逊
CHUCHU_01,2024-09-23,5,独立站
CHUCHU_02,2024-09-23,7,亚马逊
CHUCHU_02,2024-09-23,3,独立站
CHUCHU_03,2024-09-23,16,亚马逊
CHUCHU_03,2024-09-23,6,独立站
CHUCHU_01,2024-09-24,10,亚马逊
CHUCHU_01,2024-09-24,4,独立站
CHUCHU_02,2024-09-24,9,亚马逊
CHUCHU_02,2024-09-24,3,独立站
CHUCHU_03,2024-09-24,20,亚马逊
CHUCHU_03,2024-09-24,8,独立站
CHUCHU_01,2024-09-25,11,亚马逊
CHUCHU_01,2024-09-25,4,独立站
CHUCHU_02,2024-09-25,6,亚马逊
CHUCHU_02,2024-09-25,3,独立站
CHUCHU_03,2024-09-25,15,亚马逊
CHUCHU_03,2024-09-25,6,独立站
CHUCHU_01,2024-09-26,10,亚马逊
CHUCHU_01,2024-09-26,4,独立站
CHUCHU_02,2024-09-26,8,亚马逊
CHUCHU_02,2024-09-26,3,独立站
CHUCHU_03,2024-09-26,17,亚马逊
CHUCHU_03,2024-09-26,7,独立站
CHUCHU_01,2024-09-27,11,亚马逊
CHUCHU_01,2024-09-27,5,独立站
CHUCHU_02,2024-09-27,6,亚马逊
CHUCHU_02,2024-09-27,3,独立站
CHUCHU_03,2024-09-27,11,亚马逊
CHUCHU_03,2024-09-27,5,独立站
CHUCHU_01,2024-09-28,13,亚马逊
CHUCHU_01,2024-09-28,5,独立站
CHUCHU_02,2024-09-28,7,亚马逊
CHUCHU_02,2024-09-28,2,独立站
CHUCHU_03,2024-09-28,21,亚马逊
CHUCHU_03,2024-09-28,7,独立站
CHUCHU_01,2024-09-29,9,亚马逊
CHUCHU_01,2024-09-29,4,独立站
CHUCHU_02,2024-09-29,7,亚马逊
CHUCHU_02,2024-09-29,3,独立站
CHUCHU_03,2024-09-29,15,亚马逊
CHUCHU_03,2024-09-29,6,独立站
CHUCHU_01,2024-09-30,9,亚马逊
CHUCHU_01,2024-09-30,4,独立站
CHUCHU_02,2024-09-30,8,亚马逊
CHUCHU_02,2024-09-30,3,独立站
CHUCHU_03,2024-09-30,16,亚马逊
CHUCHU_03,2024-09-30,6,独立站
CHUCHU_01,2024-10-01,11,亚马逊
CHUCHU_01,2024-10-01,5,独立站
CHUCHU_02,2024-10-01,7,亚马逊
CHUCHU_02,2024-10-01,3,独立站
CHUCHU_03,2024-10-01,14,亚马逊
CHUCHU_03,2024-10-01,6,独立站
CHUCHU_01,2024-10-02,10,亚马逊
CHUCHU_01,2024-10-02,4,独立站
CHUCHU_02,2024-10-02,7,亚马逊
CHUCHU_02,2024-10-02,3,独立站
CHUCHU_03,2024-10-02,15,亚马逊
CHUCHU_03,2024-10-02,7,独立站
CHUCHU_01,2024-10-03,12,亚马逊
CHUCHU_01,2024-10-03,4,独立站
CHUCHU_02,2024-10-03,8,亚马逊
CHUCHU_02,2024-10-03,3,独立站
CHUCHU_03,2024-10-03,14,亚马逊
CHUCHU_03,2024-10-03,5,独立站
CHUCHU_01,2024-10-04,10,亚马逊
CHUCHU_01,2024-10-04,4,独立站
CHUCHU_02,2024-10-04,8,亚马逊
CHUCHU_02,2024-10-04,3,独立站
CHUCHU_03,2024-10-04,10,亚马逊
CHUCHU_03,2024-10-04,6,独立站
CHUCHU_01,2024-10-05,12,亚马逊
CHUCHU_01,2024-10-05,4,独立站
CHUCHU_02,2024-10-05,7,亚马逊
CHUCHU_02,2024-10-05,3,独立站
CHUCHU_03,2024-10-05,15,亚马逊
CHUCHU_03,2024-10-05,6,独立站
CHUCHU_01,2024-10-06,10,亚马逊
CHUCHU_01,2024-10-06,4,独立站
CHUCHU_02,2024-10-06,7,亚马逊
CHUCHU_02,2024-10-06,3,独立站
CHUCHU_03,2024-10-06,16,亚马逊
CHUCHU_03,2024-10-06,7,独立站
CHUCHU_01,2024-10-07,10,亚马逊
CHUCHU_01,2024-10-07,5,独立站
CHUCHU_02,2024-10-07,8,亚马逊
CHUCHU_02,2024-10-07,2,独立站
CHUCHU_03,2024-10-07,12,亚马逊
CHUCHU_03,2024-10-07,6,独立站
CHUCHU_01,2024-10-08,13,亚马逊
CHUCHU_01,2024-10-08,5,独立站
CHUCHU_02,2024-10-08,7,亚马逊
CHUCHU_02,2024-10-08,3,独立站
CHUCHU_03,2024-10-08,16,亚马逊
CHUCHU_03,2024-10-08,6,独立站
CHUCHU_01,2024-10-09,7,亚马逊
CHUCHU_01,2024-10-09,3,独立站
CHUCHU_02,2024-10-09,8,亚马逊
CHUCHU_02,2024-10-09,3,独立站
CHUCHU_03,2024-10-09,16,亚马逊
CHUCHU_03,2024-10-09,5,独立站
CHUCHU_01,2024-10-10,13,亚马逊
CHUCHU_01,2024-10-10,5,独立站
CHUCHU_02,2024-10-10,6,亚马逊
CHUCHU_02,2024-10-10,2,独立站
CHUCHU_03,2024-10-10,14,亚马逊
CHUCHU_03,2024-10-10,7,独立站
CHUCHU_01,2024-10-11,12,亚马逊
CHUCHU_01,2024-10-11,4,独立站
CHUCHU_02,2024-10-11,7,亚马逊
CHUCHU_02,2024-10-11,3,独立站
CHUCHU_03,2024-10-11,17,亚马逊
CHUCHU_03,2024-10-11,6,独立站
CHUCHU_01,2024-10-12,9,亚马逊
CHUCHU_01,2024-10-12,4,独立站
CHUCHU_02,2024-10-12,5,亚马逊
CHUCHU_02,2024-10-12,2,独立站
CHUCHU_03,2024-10-12,17,亚马逊
CHUCHU_03,2024-10-12,6,独立站
CHUCHU_01,2024-10-13,8,亚马逊
CHUCHU_01,2024-10-13,4,独立站
CHUCHU_02,2024-10-13,8,亚马逊
CHUCHU_02,2024-10-13,2,独立站
CHUCHU_03,2024-10-13,14,亚马逊
CHUCHU_03,2024-10-13,6,独立站
CHUCHU_01,2024-10-14,9,亚马逊
CHUCHU_01,2024-10-14,4,独立站
CHUCHU_02,2024-10-14,9,亚马逊
CHUCHU_02,2024-10-14,3,独立站
CHUCHU_03,2024-10-14,15,亚马逊
CHUCHU_03,2024-10-14,6,独立站
CHUCHU_01,2024-10-15,14,亚马逊
CHUCHU_01,2024-10-15,6,独立站
CHUCHU_02,2024-10-15,7,亚马逊
CHUCHU_02,2024-10-15,2,独立站
CHUCHU_03,2024-10-15,14,亚马逊
CHUCHU_03,2024-10-15,5,独立站
CHUCHU_01,2024-10-16,12,亚马逊
CHUCHU_01,2024-10-16,4,独立站
CHUCHU_02,2024-10-16,7,亚马逊
CHUCHU_02,2024-10-16,2,独立站
CHUCHU_03,2024-10-16,11,亚马逊
CHUCHU_03,2024-10-16,5,独立站
CHUCHU_01,2024-10-17,11,亚马逊
CHUCHU_01,2024-10-17,4,独立站
CHUCHU_02,2024-10-17,8,亚马逊
CHUCHU_02,2024-10-17,3,独立站
CHUCHU_03,2024-10-17,17,亚马逊
CHUCHU_03,2024-10-17,7,独立站
CHUCHU_01,2024-10-18,12,亚马逊
CHUCHU_01,2024-10-18,5,独立站
CHUCHU_02,2024-10-18,7,亚马逊
CHUCHU_02,2024-10-18,2,独立站
CHUCHU_03,2024-10-18,16,亚马逊
CHUCHU_03,2024-10-18,6,独立站
CHUCHU_01,2024-10-19,8,亚马逊
CHUCHU_01,2024-10-19,4,独立站
CHUCHU_02,2024-10-19,7,亚马逊
CHUCHU_02,2024-10-19,2,独立站
CHUCHU_03,2024-10-19,11,亚马逊
CHUCHU_03,2024-10-19,4,独立站
CHUCHU_01,2024-10-20,10,亚马逊
CHUCHU_01,2024-10-20,5,独立站
CHUCHU_02,2024-10-20,7,亚马逊
CHUCHU_02,2024-10-20,4,独立站
CHUCHU_03,2024-10-20,17,亚马逊
CHUCHU_03,2024-10-20,7,独立站
CHUCHU_01,2024-10-21,9,亚马逊
CHUCHU_01,2024-10-21,4,独立站
CHUCHU_02,2024-10-21,6,亚马逊
CHUCHU_02,2024-10-21,3,独立站
CHUCHU_03,2024-10-21,15,亚马逊
CHUCHU_03,2024-10-21,5,独立站
CHUCHU_01,2024-10-22,10,亚马逊
CHUCHU_01,2024-10-22,4,独立站
CHUCHU_02,2024-10-22,9,亚马逊
CHUCHU_02,2024-10-22,3,独立站
CHUCHU_03,2024-10-22,12,亚马逊
CHUCHU_03,2024-10-22,5,独立站
CHUCHU_01,2024-10-23,13,亚马逊
CHUCHU_01,2024-10-23,4,独立站
CHUCHU_02,2024-10-23,6,亚马逊
CHUCHU_02,2024-10-23,3,独立站
CHUCHU_03,2024-10-23,14,亚马逊
CHUCHU_03,2024-10-23,6,独立站
CHUCHU_01,2024-10-24,11,亚马逊
CHUCHU_01,2024-10-24,5,独立站
CHUCHU_02,2024-10-24,7,亚马逊
CHUCHU_02,2024-10-24,3,独立站
CHUCHU_03,2024-10-24,18,亚马逊
CHUCHU_03,2024-10-24,5,独立站
CHUCHU_01,2024-10-25,11,亚马逊
CHUCHU_01,2024-10-25,5,独立站
CHUCHU_02,2024-10-25,6,亚马逊
CHUCHU_02,2024-10-25,2,独立站
CHUCHU_03,2024-10-25,18,亚马逊
CHUCHU_03,2024-10-25,9,独立站
CHUCHU_01,2024-10-26,16,亚马逊
CHUCHU_01,2024-10-26,6,独立站
CHUCHU_02,2024-10-26,7,亚马逊
CHUCHU_02,2024-10-26,3,独立站
CHUCHU_03,2024-10-26,19,亚马逊
CHUCHU_03,2024-10-26,8,独立站
CHUCHU_01,2024-10-27,10,亚马逊
CHUCHU_01,2024-10-27,4,独立站
CHUCHU_02,2024-10-27,6,亚马逊
CHUCHU_02,2024-10-27,3,独立站
CHUCHU_03,2024-10-27,17,亚马逊
CHUCHU_03,2024-10-27,7,独立站
CHUCHU_01,2024-10-28,13,亚马逊
CHUCHU_01,2024-10-28,5,独立站
CHUCHU_02,2024-10-28,6,亚马逊
CHUCHU_02,2024-10-28,2,独立站
CHUCHU_03,2024-10-28,14,亚马逊
CHUCHU_03,2024-10-28,5,独立站
CHUCHU_01,2024-10-29,9,亚马逊
CHUCHU_01,2024-10-29,4,独立站
CHUCHU_02,2024-10-29,7,亚马逊
CHUCHU_02,2024-10-29,3,独立站
CHUCHU_03,2024-10-29,16,亚马逊
CHUCHU_03,2024-10-29,7,独立站
CHUCHU_01,2024-10-30,8,亚马逊
CHUCHU_01,2024-10-30,4,独立站
CHUCHU_02,2024-10-30,4,亚马逊
CHUCHU_02,2024-10-30,2,独立站
CHUCHU_03,2024-10-30,15,亚马逊
CHUCHU_03,2024-10-30,7,独立站
CHUCHU_01,2024-10-31,12,亚马逊
CHUCHU_01,2024-10-31,5,独立站
CHUCHU_02,2024-10-31,6,亚马逊
CHUCHU_02,2024-10-31,3,独立站
CHUCHU_03,2024-10-31,19,亚马逊
CHUCHU_03,2024-10-31,6,独立站
CHUCHU_01,2024-11-01,12,亚马逊
CHUCHU_01,2024-11-01,4,独立站
CHUCHU_02,2024-11-01,5,亚马逊
CHUCHU_02,2024-11-01,2,独立站
CHUCHU_03,2024-11-01,18,亚马逊
CHUCHU_03,2024-11-01,7,独立站
CHUCHU_01,2024-11-02,9,亚马逊
CHUCHU_01,2024-11-02,5,独立站
CHUCHU_02,2024-11-02,8,亚马逊
CHUCHU_02,2024-11-02,3,独立站
CHUCHU_03,2024-11-02,12,亚马逊
CHUCHU_03,2024-11-02,6,独立站
CHUCHU_01,2024-11-03,15,亚马逊
CHUCHU_01,2024-11-03,5,独立站
CHUCHU_02,2024-11-03,8,亚马逊
CHUCHU_02,2024-11-03,3,独立站
CHUCHU_03,2024-11-03,20,亚马逊
CHUCHU_03,2024-11-03,7,独立站
CHUCHU_01,2024-11-04,10,亚马逊
CHUCHU_01,2024-11-04,5,独立站
CHUCHU_02,2024-11-04,6,亚马逊
CHUCHU_02,2024-11-04,3,独立站
CHUCHU_03,2024-11-04,17,亚马逊
CHUCHU_03,2024-11-04,7,独立站
CHUCHU_01,2024-11-05,10,亚马逊
CHUCHU_01,2024-11-05,4,独立站
CHUCHU_02,2024-11-05,6,亚马逊
CHUCHU_02,2024-11-05,2,独立站
CHUCHU_03,2024-11-05,14,亚马逊
CHUCHU_03,2024-11-05,6,独立站
CHUCHU_01,2024-11-06,12,亚马逊
CHUCHU_01,2024-11-06,4,独立站
CHUCHU_02,2024-11-06,7,亚马逊
CHUCHU_02,2024-11-06,4,独立站
CHUCHU_03,2024-11-06,15,亚马逊
CHUCHU_03,2024-11-06,6,独立站
CHUCHU_01,2024-11-07,11,亚马逊
CHUCHU_01,2024-11-07,4,独立站
CHUCHU_02,2024-11-07,9,亚马逊
CHUCHU_02,2024-11-07,4,独立站
CHUCHU_03,2024-11-07,13,亚马逊
CHUCHU_03,2024-11-07,5,独立站
CHUCHU_01,2024-11-08,15,亚马逊
CHUCHU_01,2024-11-08,5,独立站
CHUCHU_02,2024-11-08,7,亚马逊
CHUCHU_02,2024-11-08,4,独立站
CHUCHU_03,2024-11-08,15,亚马逊
CHUCHU_03,2024-11-08,7,独立站
CHUCHU_01,2024-11-09,12,亚马逊
CHUCHU_01,2024-11-09,5,独立站
CHUCHU_02,2024-11-09,7,亚马逊
CHUCHU_02,2024-11-09,3,独立站
CHUCHU_03,2024-11-09,15,亚马逊
CHUCHU_03,2024-11-09,7,独立站
CHUCHU_01,2024-11-10,12,亚马逊
CHUCHU_01,2024-11-10,5,独立站
CHUCHU_02,2024-11-10,8,亚马逊
CHUCHU_02,2024-11-10,2,独立站
CHUCHU_03,2024-11-10,14,亚马逊
CHUCHU_03,2024-11-10,7,独立站
CHUCHU_01,2024-11-11,12,亚马逊
CHUCHU_01,2024-11-11,4,独立站
CHUCHU_02,2024-11-11,8,亚马逊
CHUCHU_02,2024-11-11,2,独立站
CHUCHU_03,2024-11-11,13,亚马逊
CHUCHU_03,2024-11-11,5,独立站
CHUCHU_01,2024-11-12,10,亚马逊
CHUCHU_01,2024-11-12,3,独立站
CHUCHU_02,2024-11-12,7,亚马逊
CHUCHU_02,2024-11-12,4,独立站
CHUCHU_03,2024-11-12,13,亚马逊
CHUCHU_03,2024-11-12,5,独立站
CHUCHU_01,2024-11-13,9,亚马逊
CHUCHU_01,2024-11-13,4,独立站
CHUCHU_02,2024-11-13,8,亚马逊
CHUCHU_02,2024-11-13,3,独立站
CHUCHU_03,2024-11-13,21,亚马逊
CHUCHU_03,2024-11-13,8,独立站
CHUCHU_01,2024-11-14,14,亚马逊
CHUCHU_01,2024-11-14,5,独立站
CHUCHU_02,2024-11-14,7,亚马逊
CHUCHU_02,2024-11-14,3,独立站
CHUCHU_03,2024-11-14,18,亚马逊
CHUCHU_03,2024-11-14,6,独立站
CHUCHU_01,2024-11-15,12,亚马逊
CHUCHU_01,2024-11-15,6,独立站
CHUCHU_02,2024-11-15,8,亚马逊
CHUCHU_02,2024-11-15,3,独立站
CHUCHU_03,2024-11-15,23,亚马逊
CHUCHU_03,2024-11-15,9,独立站
CHUCHU_01,2024-11-16,11,亚马逊
CHUCHU_01,2024-11-16,4,独立站
CHUCHU_02,2024-11-16,9,亚马逊
CHUCHU_02,2024-11-16,3,独立站
CHUCHU_03,2024-11-16,22,亚马逊
CHUCHU_03,2024-11-16,7,独立站
CHUCHU_01,2024-11-17,11,亚马逊
CHUCHU_01,2024-11-17,4,独立站
CHUCHU_02,2024-11-17,7,亚马逊
CHUCHU_02,2024-11-17,3,独立站
CHUCHU_03,2024-11-17,13,亚马逊
CHUCHU_03,2024-11-17,6,独立站
CHUCHU_01,2024-11-18,11,亚马逊
CHUCHU_01,2024-11-18,4,独立站
CHUCHU_02,2024-11-18,8,亚马逊
CHUCHU_02,2024-11-18,3,独立站
CHUCHU_03,2024-11-18,19,亚马逊
CHUCHU_03,2024-11-18,8,独立站
CHUCHU_01,2024-11-19,10,亚马逊
CHUCHU_01,2024-11-19,4,独立站
CHUCHU_02,2024-11-19,7,亚马逊
CHUCHU_02,2024-11-19,3,独立站
CHUCHU_03,2024-11-19,14,亚马逊
CHUCHU_03,2024-11-19,6,独立站
CHUCHU_01,2024-11-20,11,亚马逊
CHUCHU_01,2024-11-20,6,独立站
CHUCHU_02,2024-11-20,9,亚马逊
CHUCHU_02,2024-11-20,3,独立站
CHUCHU_03,2024-11-20,19,亚马逊
CHUCHU_03,2024-11-20,8,独立站
CHUCHU_01,2024-11-21,8,亚马逊
CHUCHU_01,2024-11-21,3,独立站
CHUCHU_02,2024-11-21,7,亚马逊
CHUCHU_02,2024-11-21,3,独立站
CHUCHU_03,2024-11-21,22,亚马逊
CHUCHU_03,2024-11-21,10,独立站
CHUCHU_01,2024-11-22,12,亚马逊
CHUCHU_01,2024-11-22,5,独立站
CHUCHU_02,2024-11-22,7,亚马逊
CHUCHU_02,2024-11-22,3,独立站
CHUCHU_03,2024-11-22,16,亚马逊
CHUCHU_03,2024-11-22,6,独立站
CHUCHU_01,2024-11-23,9,亚马逊
CHUCHU_01,2024-11-23,3,独立站
CHUCHU_02,2024-11-23,9,亚马逊
CHUCHU_02,2024-11-23,3,独立站
CHUCHU_03,2024-11-23,15,亚马逊
CHUCHU_03,2024-11-23,6,独立站
CHUCHU_01,2024-11-24,9,亚马逊
CHUCHU_01,2024-11-24,4,独立站
CHUCHU_02,2024-11-24,7,亚马逊
CHUCHU_02,2024-11-24,3,独立站
CHUCHU_03,2024-11-24,12,亚马逊
CHUCHU_03,2024-11-24,6,独立站
CHUCHU_01,2024-11-25,11,亚马逊
CHUCHU_01,2024-11-25,4,独立站
CHUCHU_02,2024-11-25,6,亚马逊
CHUCHU_02,2024-11-25,2,独立站
CHUCHU_03,2024-11-25,14,亚马逊
CHUCHU_03,2024-11-25,5,独立站
CHUCHU_01,2024-11-26,9,亚马逊
CHUCHU_01,2024-11-26,3,独立站
CHUCHU_02,2024-11-26,7,亚马逊
CHUCHU_02,2024-11-26,2,独立站
CHUCHU_03,2024-11-26,13,亚马逊
CHUCHU_03,2024-11-26,5,独立站
CHUCHU_01,2024-11-27,12,亚马逊
CHUCHU_01,2024-11-27,4,独立站
CHUCHU_02,2024-11-27,8,亚马逊
CHUCHU_02,2024-11-27,3,独立站
CHUCHU_03,2024-11-27,15,亚马逊
CHUCHU_03,2024-11-27,5,独立站
CHUCHU_01,2024-11-28,15,亚马逊
CHUCHU_01,2024-11-28,6,独立站
CHUCHU_02,2024-11-28,6,亚马逊
CHUCHU_02,2024-11-28,2,独立站
CHUCHU_03,2024-11-28,18,亚马逊
CHUCHU_03,2024-11-28,7,独立站
CHUCHU_01,2024-11-29,15,亚马逊
CHUCHU_01,2024-11-29,5,独立站
CHUCHU_02,2024-11-29,8,亚马逊
CHUCHU_02,2024-11-29,3,独立站
CHUCHU_03,2024-11-29,17,亚马逊
CHUCHU_03,2024-11-29,7,独立站
CHUCHU_01,2024-11-30,10,亚马逊
CHUCHU_01,2024-11-30,4,独立站
CHUCHU_02,2024-11-30,8,亚马逊
CHUCHU_02,2024-11-30,3,独立站
CHUCHU_03,2024-11-30,20,亚马逊
CHUCHU_03,2024-11-30,6,独立站
CHUCHU_01,2024-12-01,10,亚马逊
CHUCHU_01,2024-12-01,3,独立站
CHUCHU_02,2024-12-01,10,亚马逊
CHUCHU_02,2024-12-01,5,独立站
CHUCHU_03,2024-12-01,18,亚马逊
CHUCHU_03,2024-12-01,7,独立站
CHUCHU_01,2024-12-02,12,亚马逊
CHUCHU_01,2024-12-02,4,独立站
CHUCHU_02,2024-12-02,8,亚马逊
CHUCHU_02,2024-12-02,3,独立站
CHUCHU_03,2024-12-02,22,亚马逊
CHUCHU_03,2024-12-02,7,独立站
CHUCHU_01,2024-12-03,14,亚马逊
CHUCHU_01,2024-12-03,6,独立站
CHUCHU_02,2024-12-03,9,亚马逊
CHUCHU_02,2024-12-03,4,独立站
CHUCHU_03,2024-12-03,19,亚马逊
CHUCHU_03,2024-12-03,7,独立站
CHUCHU_01,2024-12-04,15,亚马逊
CHUCHU_01,2024-12-04,6,独立站
CHUCHU_02,2024-12-04,11,亚马逊
CHUCHU_02,2024-12-04,4,独立站
CHUCHU_03,2024-12-04,20,亚马逊
CHUCHU_03,2024-12-04,9,独立站
CHUCHU_01,2024-12-05,11,亚马逊
CHUCHU_01,2024-12-05,4,独立站
CHUCHU_02,2024-12-05,11,亚马逊
CHUCHU_02,2024-12-05,4,独立站
CHUCHU_03,2024-12-05,20,亚马逊
CHUCHU_03,2024-12-05,9,独立站
CHUCHU_01,2024-12-06,14,亚马逊
CHUCHU_01,2024-12-06,5,独立站
CHUCHU_02,2024-12-06,10,亚马逊
CHUCHU_02,2024-12-06,4,独立站
CHUCHU_03,2024-12-06,16,亚马逊
CHUCHU_03,2024-12-06,6,独立站
CHUCHU_01,2024-12-07,11,亚马逊
CHUCHU_01,2024-12-07,5,独立站
CHUCHU_02,2024-12-07,8,亚马逊
CHUCHU_02,2024-12-07,3,独立站
CHUCHU_03,2024-12-07,22,亚马逊
CHUCHU_03,2024-12-07,8,独立站
CHUCHU_01,2024-12-08,16,亚马逊
CHUCHU_01,2024-12-08,5,独立站
CHUCHU_02,2024-12-08,11,亚马逊
CHUCHU_02,2024-12-08,4,独立站
CHUCHU_03,2024-12-08,18,亚马逊
CHUCHU_03,2024-12-08,7,独立站
CHUCHU_01,2024-12-09,13,亚马逊
CHUCHU_01,2024-12-09,6,独立站
CHUCHU_02,2024-12-09,9,亚马逊
CHUCHU_02,2024-12-09,4,独立站
CHUCHU_03,2024-12-09,18,亚马逊
CHUCHU_03,2024-12-09,7,独立站
CHUCHU_01,2024-12-10,11,亚马逊
CHUCHU_01,2024-12-10,5,独立站
CHUCHU_02,2024-12-10,9,亚马逊
CHUCHU_02,2024-12-10,4,独立站
CHUCHU_03,2024-12-10,16,亚马逊
CHUCHU_03,2024-12-10,8,独立站
CHUCHU_01,2024-12-11,11,亚马逊
CHUCHU_01,2024-12-11,5,独立站
CHUCHU_02,2024-12-11,10,亚马逊
CHUCHU_02,2024-12-11,4,独立站
CHUCHU_03,2024-12-11,22,亚马逊
CHUCHU_03,2024-12-11,9,独立站
CHUCHU_01,2024-12-12,12,亚马逊
CHUCHU_01,2024-12-12,5,独立站
CHUCHU_02,2024-12-12,8,亚马逊
CHUCHU_02,2024-12-12,3,独立站
CHUCHU_03,2024-12-12,22,亚马逊
CHUCHU_03,2024-12-12,9,独立站
CHUCHU_01,2024-12-13,13,亚马逊
CHUCHU_01,2024-12-13,5,独立站
CHUCHU_02,2024-12-13,7,亚马逊
CHUCHU_02,2024-12-13,3,独立站
CHUCHU_03,2024-12-13,20,亚马逊
CHUCHU_03,2024-12-13,8,独立站
CHUCHU_01,2024-12-14,14,亚马逊
CHUCHU_01,2024-12-14,5,独立站
CHUCHU_02,2024-12-14,9,亚马逊
CHUCHU_02,2024-12-14,3,独立站
CHUCHU_03,2024-12-14,19,亚马逊
CHUCHU_03,2024-12-14,8,独立站
CHUCHU_01,2024-12-15,17,亚马逊
CHUCHU_01,2024-12-15,6,独立站
CHUCHU_02,2024-12-15,10,亚马逊
CHUCHU_02,2024-12-15,4,独立站
CHUCHU_03,2024-12-15,20,亚马逊
CHUCHU_03,2024-12-15,7,独立站
CHUCHU_01,2024-12-16,16,亚马逊
CHUCHU_01,2024-12-16,7,独立站
CHUCHU_02,2024-12-16,8,亚马逊
CHUCHU_02,2024-12-16,3,独立站
CHUCHU_03,2024-12-16,20,亚马逊
CHUCHU_03,2024-12-16,7,独立站
CHUCHU_01,2024-12-17,14,亚马逊
CHUCHU_01,2024-12-17,6,独立站
CHUCHU_02,2024-12-17,9,亚马逊
CHUCHU_02,2024-12-17,3,独立站
CHUCHU_03,2024-12-17,21,亚马逊
CHUCHU_03,2024-12-17,9,独立站
CHUCHU_01,2024-12-18,13,亚马逊
CHUCHU_01,2024-12-18,5,独立站
CHUCHU_02,2024-12-18,10,亚马逊
CHUCHU_02,2024-12-18,4,独立站
CHUCHU_03,2024-12-18,20,亚马逊
CHUCHU_03,2024-12-18,9,独立站
CHUCHU_01,2024-12-19,13,亚马逊
CHUCHU_01,2024-12-19,4,独立站
CHUCHU_02,2024-12-19,11,亚马逊
CHUCHU_02,2024-12-19,4,独立站
CHUCHU_03,2024-12-19,23,亚马逊
CHUCHU_03,2024-12-19,9,独立站
CHUCHU_01,2024-12-20,9,亚马逊
CHUCHU_01,2024-12-20,4,独立站
CHUCHU_02,2024-12-20,8,亚马逊
CHUCHU_02,2024-12-20,4,独立站
CHUCHU_03,2024-12-20,21,亚马逊
CHUCHU_03,2024-12-20,8,独立站
CHUCHU_01,2024-12-21,13,亚马逊
CHUCHU_01,2024-12-21,6,独立站
CHUCHU_02,2024-12-21,10,亚马逊
CHUCHU_02,2024-12-21,4,独立站
CHUCHU_03,2024-12-21,18,亚马逊
CHUCHU_03,2024-12-21,6,独立站
CHUCHU_01,2024-12-22,13,亚马逊
CHUCHU_01,2024-12-22,6,独立站
CHUCHU_02,2024-12-22,9,亚马逊
CHUCHU_02,2024-12-22,3,独立站
CHUCHU_03,2024-12-22,22,亚马逊
CHUCHU_03,2024-12-22,8,独立站
CHUCHU_01,2024-12-23,16,亚马逊
CHUCHU_01,2024-12-23,5,独立站
CHUCHU_02,2024-12-23,10,亚马逊
CHUCHU_02,2024-12-23,4,独立站
CHUCHU_03,2024-12-23,20,亚马逊
CHUCHU_03,2024-12-23,9,独立站
CHUCHU_01,2024-12-24,11,亚马逊
CHUCHU_01,2024-12-24,5,独立站
CHUCHU_02,2024-12-24,7,亚马逊
CHUCHU_02,2024-12-24,3,独立站
CHUCHU_03,2024-12-24,16,亚马逊
CHUCHU_03,2024-12-24,6,独立站
CHUCHU_01,2024-12-25,15,亚马逊
CHUCHU_01,2024-12-25,6,独立站
CHUCHU_02,2024-12-25,8,亚马逊
CHUCHU_02,2024-12-25,4,独立站
CHUCHU_03,2024-12-25,19,亚马逊
CHUCHU_03,2024-12-25,8,独立站
CHUCHU_01,2024-12-26,12,亚马逊
CHUCHU_01,2024-12-26,5,独立站
CHUCHU_02,2024-12-26,9,亚马逊
CHUCHU_02,2024-12-26,3,独立站
CHUCHU_03,2024-12-26,18,亚马逊
CHUCHU_03,2024-12-26,8,独立站
CHUCHU_01,2024-12-27,14,亚马逊
CHUCHU_01,2024-12-27,5,独立站
CHUCHU_02,2024-12-27,8,亚马逊
CHUCHU_02,2024-12-27,3,独立站
CHUCHU_03,2024-12-27,19,亚马逊
CHUCHU_03,2024-12-27,6,独立站
CHUCHU_01,2024-12-28,12,亚马逊
CHUCHU_01,2024-12-28,6,独立站
CHUCHU_02,2024-12-28,11,亚马逊
CHUCHU_02,2024-12-28,5,独立站
CHUCHU_03,2024-12-28,17,亚马逊
CHUCHU_03,2024-12-28,8,独立站
CHUCHU_01,2024-12-29,10,亚马逊
CHUCHU_01,2024-12-29,5,独立站
CHUCHU_02,2024-12-29,11,亚马逊
CHUCHU_02,2024-12-29,5,独立站
CHUCHU_03,2024-12-29,20,亚马逊
CHUCHU_03,2024-12-29,8,独立站
CHUCHU_01,2024-12-30,15,亚马逊
CHUCHU_01,2024-12-30,6,独立站
CHUCHU_02,2024-12-30,8,亚马逊
CHUCHU_02,2024-12-30,3,独立站
CHUCHU_03,2024-12-30,20,亚马逊
CHUCHU_03,2024-12-30,8,独立站
CHUCHU_01,2024-12-31,11,亚马逊
CHUCHU_01,2024-12-31,5,独立站
CHUCHU_02,2024-12-31,10,亚马逊
CHUCHU_02,2024-12-31,4,独立站
CHUCHU_03,2024-12-31,17,亚马逊
CHUCHU_03,2024-12-31,8,独立站
CHUCHU_01,2025-01-01,18,亚马逊
CHUCHU_01,2025-01-01,6,独立站
CHUCHU_02,2025-01-01,11,亚马逊
CHUCHU_02,2025-01-01,4,独立站
CHUCHU_03,2025-01-01,25,亚马逊
CHUCHU_03,2025-01-01,11,独立站
CHUCHU_01,2025-01-02,15,亚马逊
CHUCHU_01,2025-01-02,7,独立站
CHUCHU_02,2025-01-02,10,亚马逊
CHUCHU_02,2025-01-02,4,独立站
CHUCHU_03,2025-01-02,19,亚马逊
CHUCHU_03,2025-01-02,8,独立站
CHUCHU_01,2025-01-03,17,亚马逊
CHUCHU_01,2025-01-03,7,独立站
CHUCHU_02,2025-01-03,12,亚马逊
CHUCHU_02,2025-01-03,4,独立站
CHUCHU_03,2025-01-03,24,亚马逊
CHUCHU_03,2025-01-03,9,独立站
CHUCHU_01,2025-01-04,15,亚马逊
CHUCHU_01,2025-01-04,7,独立站
CHUCHU_02,2025-01-04,11,亚马逊
CHUCHU_02,2025-01-04,4,独立站
CHUCHU_03,2025-01-04,21,亚马逊
CHUCHU_03,2025-01-04,11,独立站
CHUCHU_01,2025-01-05,13,亚马逊
CHUCHU_01,2025-01-05,7,独立站
CHUCHU_02,2025-01-05,11,亚马逊
CHUCHU_02,2025-01-05,4,独立站
CHUCHU_03,2025-01-05,21,亚马逊
CHUCHU_03,2025-01-05,8,独立站
CHUCHU_01,2025-01-06,14,亚马逊
CHUCHU_01,2025-01-06,7,独立站
CHUCHU_02,2025-01-06,9,亚马逊
CHUCHU_02,2025-01-06,5,独立站
CHUCHU_03,2025-01-06,21,亚马逊
CHUCHU_03,2025-01-06,9,独立站
CHUCHU_01,2025-01-07,15,亚马逊
CHUCHU_01,2025-01-07,6,独立站
CHUCHU_02,2025-01-07,12,亚马逊
CHUCHU_02,2025-01-07,5,独立站
CHUCHU_03,2025-01-07,23,亚马逊
CHUCHU_03,2025-01-07,8,独立站
CHUCHU_01,2025-01-08,15,亚马逊
CHUCHU_01,2025-01-08,7,独立站
CHUCHU_02,2025-01-08,11,亚马逊
CHUCHU_02,2025-01-08,5,独立站
CHUCHU_03,2025-01-08,18,亚马逊
CHUCHU_03,2025-01-08,8,独立站
CHUCHU_01,2025-01-09,14,亚马逊
CHUCHU_01,2025-01-09,5,独立站
CHUCHU_02,2025-01-09,10,亚马逊
CHUCHU_02,2025-01-09,5,独立站
CHUCHU_03,2025-01-09,22,亚马逊
CHUCHU_03,2025-01-09,8,独立站
CHUCHU_01,2025-01-10,15,亚马逊
CHUCHU_01,2025-01-10,6,独立站
CHUCHU_02,2025-01-10,12,亚马逊
CHUCHU_02,2025-01-10,4,独立站
CHUCHU_03,2025-01-10,27,亚马逊
CHUCHU_03,2025-01-10,9,独立站
CHUCHU_01,2025-01-11,19,亚马逊
CHUCHU_01,2025-01-11,7,独立站
CHUCHU_02,2025-01-11,11,亚马逊
CHUCHU_02,2025-01-11,4,独立站
CHUCHU_03,2025-01-11,25,亚马逊
CHUCHU_03,2025-01-11,9,独立站
CHUCHU_01,2025-01-12,17,亚马逊
CHUCHU_01,2025-01-12,6,独立站
CHUCHU_02,2025-01-12,12,亚马逊
CHUCHU_02,2025-01-12,4,独立站
CHUCHU_03,2025-01-12,23,亚马逊
CHUCHU_03,2025-01-12,10,独立站
CHUCHU_01,2025-01-13,19,亚马逊
CHUCHU_01,2025-01-13,8,独立站
CHUCHU_02,2025-01-13,11,亚马逊
CHUCHU_02,2025-01-13,4,独立站
CHUCHU_03,2025-01-13,28,亚马逊
CHUCHU_03,2025-01-13,9,独立站
CHUCHU_01,2025-01-14,17,亚马逊
CHUCHU_01,2025-01-14,6,独立站
CHUCHU_02,2025-01-14,9,亚马逊
CHUCHU_02,2025-01-14,4,独立站
CHUCHU_03,2025-01-14,25,亚马逊
CHUCHU_03,2025-01-14,8,独立站
CHUCHU_01,2025-01-15,15,亚马逊
CHUCHU_01,2025-01-15,6,独立站
CHUCHU_02,2025-01-15,10,亚马逊
CHUCHU_02,2025-01-15,4,独立站
CHUCHU_03,2025-01-15,21,亚马逊
CHUCHU_03,2025-01-15,9,独立站
CHUCHU_01,2025-01-16,13,亚马逊
CHUCHU_01,2025-01-16,5,独立站
CHUCHU_02,2025-01-16,13,亚马逊
CHUCHU_02,2025-01-16,5,独立站
CHUCHU_03,2025-01-16,27,亚马逊
CHUCHU_03,2025-01-16,9,独立站
CHUCHU_01,2025-01-17,14,亚马逊
CHUCHU_01,2025-01-17,7,独立站
CHUCHU_02,2025-01-17,14,亚马逊
CHUCHU_02,2025-01-17,6,独立站
CHUCHU_03,2025-01-17,23,亚马逊
CHUCHU_03,2025-01-17,9,独立站
CHUCHU_01,2025-01-18,13,亚马逊
CHUCHU_01,2025-01-18,6,独立站
CHUCHU_02,2025-01-18,11,亚马逊
CHUCHU_02,2025-01-18,5,独立站
CHUCHU_03,2025-01-18,22,亚马逊
CHUCHU_03,2025-01-18,8,独立站
CHUCHU_01,2025-01-19,14,亚马逊
CHUCHU_01,2025-01-19,5,独立站
CHUCHU_02,2025-01-19,10,亚马逊
CHUCHU_02,2025-01-19,4,独立站
CHUCHU_03,2025-01-19,23,亚马逊
CHUCHU_03,2025-01-19,11,独立站
CHUCHU_01,2025-01-20,17,亚马逊
CHUCHU_01,2025-01-20,8,独立站
CHUCHU_02,2025-01-20,11,亚马逊
CHUCHU_02,2025-01-20,5,独立站
CHUCHU_03,2025-01-20,24,亚马逊
CHUCHU_03,2025-01-20,10,独立站
CHUCHU_01,2025-01-21,16,亚马逊
CHUCHU_01,2025-01-21,6,独立站
CHUCHU_02,2025-01-21,9,亚马逊
CHUCHU_02,2025-01-21,5,独立站
CHUCHU_03,2025-01-21,22,亚马逊
CHUCHU_03,2025-01-21,11,独立站
CHUCHU_01,2025-01-22,17,亚马逊
CHUCHU_01,2025-01-22,6,独立站
CHUCHU_02,2025-01-22,10,亚马逊
CHUCHU_02,2025-01-22,5,独立站
CHUCHU_03,2025-01-22,22,亚马逊
CHUCHU_03,2025-01-22,9,独立站
CHUCHU_01,2025-01-23,12,亚马逊
CHUCHU_01,2025-01-23,5,独立站
CHUCHU_02,2025-01-23,11,亚马逊
CHUCHU_02,2025-01-23,4,独立站
CHUCHU_03,2025-01-23,22,亚马逊
CHUCHU_03,2025-01-23,10,独立站
CHUCHU_01,2025-01-24,14,亚马逊
CHUCHU_01,2025-01-24,6,独立站
CHUCHU_02,2025-01-24,10,亚马逊
CHUCHU_02,2025-01-24,4,独立站
CHUCHU_03,2025-01-24,27,亚马逊
CHUCHU_03,2025-01-24,10,独立站
CHUCHU_01,2025-01-25,15,亚马逊
CHUCHU_01,2025-01-25,5,独立站
CHUCHU_02,2025-01-25,8,亚马逊
CHUCHU_02,2025-01-25,3,独立站
CHUCHU_03,2025-01-25,22,亚马逊
CHUCHU_03,2025-01-25,9,独立站
CHUCHU_01,2025-01-26,20,亚马逊
CHUCHU_01,2025-01-26,6,独立站
CHUCHU_02,2025-01-26,11,亚马逊
CHUCHU_02,2025-01-26,4,独立站
CHUCHU_03,2025-01-26,23,亚马逊
CHUCHU_03,2025-01-26,9,独立站
CHUCHU_01,2025-01-27,19,亚马逊
CHUCHU_01,2025-01-27,7,独立站
CHUCHU_02,2025-01-27,11,亚马逊
CHUCHU_02,2025-01-27,3,独立站
CHUCHU_03,2025-01-27,21,亚马逊
CHUCHU_03,2025-01-27,10,独立站
CHUCHU_01,2025-01-28,16,亚马逊
CHUCHU_01,2025-01-28,6,独立站
CHUCHU_02,2025-01-28,11,亚马逊
CHUCHU_02,2025-01-28,5,独立站
CHUCHU_03,2025-01-28,20,亚马逊
CHUCHU_03,2025-01-28,8,独立站
CHUCHU_01,2025-01-29,12,亚马逊
CHUCHU_01,2025-01-29,6,独立站
CHUCHU_02,2025-01-29,10,亚马逊
CHUCHU_02,2025-01-29,4,独立站
CHUCHU_03,2025-01-29,21,亚马逊
CHUCHU_03,2025-01-29,8,独立站
CHUCHU_01,2025-01-30,15,亚马逊
CHUCHU_01,2025-01-30,7,独立站
CHUCHU_02,2025-01-30,10,亚马逊
CHUCHU_02,2025-01-30,5,独立站
CHUCHU_03,2025-01-30,22,亚马逊
CHUCHU_03,2025-01-30,8,独立站
CHUCHU_01,2025-01-31,21,亚马逊
CHUCHU_01,2025-01-31,7,独立站
CHUCHU_02,2025-01-31,12,亚马逊
CHUCHU_02,2025-01-31,5,独立站
CHUCHU_03,2025-01-31,23,亚马逊
CHUCHU_03,2025-01-31,9,独立站
CHUCHU_01,2025-02-01,21,亚马逊
CHUCHU_01,2025-02-01,8,独立站
CHUCHU_02,2025-02-01,13,亚马逊
CHUCHU_02,2025-02-01,5,独立站
CHUCHU_03,2025-02-01,26,亚马逊
CHUCHU_03,2025-02-01,14,独立站
CHUCHU_01,2025-02-02,20,亚马逊
CHUCHU_01,2025-02-02,8,独立站
CHUCHU_02,2025-02-02,14,亚马逊
CHUCHU_02,2025-02-02,5,独立站
CHUCHU_03,2025-02-02,26,亚马逊
CHUCHU_03,2025-02-02,10,独立站
CHUCHU_01,2025-02-03,21,亚马逊
CHUCHU_01,2025-02-03,8,独立站
CHUCHU_02,2025-02-03,14,亚马逊
CHUCHU_02,2025-02-03,5,独立站
CHUCHU_03,2025-02-03,28,亚马逊
CHUCHU_03,2025-02-03,12,独立站
CHUCHU_01,2025-02-04,20,亚马逊
CHUCHU_01,2025-02-04,7,独立站
CHUCHU_02,2025-02-04,16,亚马逊
CHUCHU_02,2025-02-04,5,独立站
CHUCHU_03,2025-02-04,31,亚马逊
CHUCHU_03,2025-02-04,11,独立站
CHUCHU_01,2025-02-05,22,亚马逊
CHUCHU_01,2025-02-05,7,独立站
CHUCHU_02,2025-02-05,11,亚马逊
CHUCHU_02,2025-02-05,5,独立站
CHUCHU_03,2025-02-05,27,亚马逊
CHUCHU_03,2025-02-05,10,独立站
CHUCHU_01,2025-02-06,20,亚马逊
CHUCHU_01,2025-02-06,9,独立站
CHUCHU_02,2025-02-06,10,亚马逊
CHUCHU_02,2025-02-06,4,独立站
CHUCHU_03,2025-02-06,25,亚马逊
CHUCHU_03,2025-02-06,11,独立站
CHUCHU_01,2025-02-07,18,亚马逊
CHUCHU_01,2025-02-07,10,独立站
CHUCHU_02,2025-02-07,15,亚马逊
CHUCHU_02,2025-02-07,5,独立站
CHUCHU_03,2025-02-07,22,亚马逊
CHUCHU_03,2025-02-07,9,独立站
CHUCHU_01,2025-02-08,14,亚马逊
CHUCHU_01,2025-02-08,7,独立站
CHUCHU_02,2025-02-08,12,亚马逊
CHUCHU_02,2025-02-08,6,独立站
CHUCHU_03,2025-02-08,27,亚马逊
CHUCHU_03,2025-02-08,11,独立站
CHUCHU_01,2025-02-09,21,亚马逊
CHUCHU_01,2025-02-09,8,独立站
CHUCHU_02,2025-02-09,13,亚马逊
CHUCHU_02,2025-02-09,6,独立站
CHUCHU_03,2025-02-09,23,亚马逊
CHUCHU_03,2025-02-09,10,独立站
CHUCHU_01,2025-02-10,20,亚马逊
CHUCHU_01,2025-02-10,8,独立站
CHUCHU_02,2025-02-10,11,亚马逊
CHUCHU_02,2025-02-10,4,独立站
CHUCHU_03,2025-02-10,25,亚马逊
CHUCHU_03,2025-02-10,12,独立站
CHUCHU_01,2025-02-11,15,亚马逊
CHUCHU_01,2025-02-11,7,独立站
CHUCHU_02,2025-02-11,9,亚马逊
CHUCHU_02,2025-02-11,4,独立站
CHUCHU_03,2025-02-11,26,亚马逊
CHUCHU_03,2025-02-11,9,独立站
CHUCHU_01,2025-02-12,22,亚马逊
CHUCHU_01,2025-02-12,8,独立站
CHUCHU_02,2025-02-12,11,亚马逊
CHUCHU_02,2025-02-12,5,独立站
CHUCHU_03,2025-02-12,25,亚马逊
CHUCHU_03,2025-02-12,9,独立站
CHUCHU_01,2025-02-13,14,亚马逊
CHUCHU_01,2025-02-13,6,独立站
CHUCHU_02,2025-02-13,13,亚马逊
CHUCHU_02,2025-02-13,5,独立站
CHUCHU_03,2025-02-13,31,亚马逊
CHUCHU_03,2025-02-13,13,独立站
CHUCHU_01,2025-02-14,17,亚马逊
CHUCHU_01,2025-02-14,6,独立站
CHUCHU_02,2025-02-14,13,亚马逊
CHUCHU_02,2025-02-14,5,独立站
CHUCHU_03,2025-02-14,27,亚马逊
CHUCHU_03,2025-02-14,11,独立站
CHUCHU_01,2025-02-15,20,亚马逊
CHUCHU_01,2025-02-15,8,独立站
CHUCHU_02,2025-02-15,10,亚马逊
CHUCHU_02,2025-02-15,5,独立站
CHUCHU_03,2025-02-15,25,亚马逊
CHUCHU_03,2025-02-15,14,独立站
CHUCHU_01,2025-02-16,22,亚马逊
CHUCHU_01,2025-02-16,8,独立站
CHUCHU_02,2025-02-16,14,亚马逊
CHUCHU_02,2025-02-16,6,独立站
CHUCHU_03,2025-02-16,22,亚马逊
CHUCHU_03,2025-02-16,10,独立站
CHUCHU_01,2025-02-17,18,亚马逊
CHUCHU_01,2025-02-17,6,独立站
CHUCHU_02,2025-02-17,14,亚马逊
CHUCHU_02,2025-02-17,5,独立站
CHUCHU_03,2025-02-17,29,亚马逊
CHUCHU_03,2025-02-17,10,独立站
CHUCHU_01,2025-02-18,18,亚马逊
CHUCHU_01,2025-02-18,6,独立站
CHUCHU_02,2025-02-18,13,亚马逊
CHUCHU_02,2025-02-18,4,独立站
CHUCHU_03,2025-02-18,27,亚马逊
CHUCHU_03,2025-02-18,12,独立站
CHUCHU_01,2025-02-19,20,亚马逊
CHUCHU_01,2025-02-19,8,独立站
CHUCHU_02,2025-02-19,13,亚马逊
CHUCHU_02,2025-02-19,5,独立站
CHUCHU_03,2025-02-19,32,亚马逊
CHUCHU_03,2025-02-19,11,独立站
CHUCHU_01,2025-02-20,18,亚马逊
CHUCHU_01,2025-02-20,8,独立站
CHUCHU_02,2025-02-20,12,亚马逊
CHUCHU_02,2025-02-20,5,独立站
CHUCHU_03,2025-02-20,30,亚马逊
CHUCHU_03,2025-02-20,10,独立站
CHUCHU_01,2025-02-21,18,亚马逊
CHUCHU_01,2025-02-21,7,独立站
CHUCHU_02,2025-02-21,13,亚马逊
CHUCHU_02,2025-02-21,5,独立站
CHUCHU_03,2025-02-21,22,亚马逊
CHUCHU_03,2025-02-21,9,独立站
CHUCHU_01,2025-02-22,17,亚马逊
CHUCHU_01,2025-02-22,6,独立站
CHUCHU_02,2025-02-22,13,亚马逊
CHUCHU_02,2025-02-22,6,独立站
CHUCHU_03,2025-02-22,27,亚马逊
CHUCHU_03,2025-02-22,11,独立站
CHUCHU_01,2025-02-23,17,亚马逊
CHUCHU_01,2025-02-23,7,独立站
CHUCHU_02,2025-02-23,13,亚马逊
CHUCHU_02,2025-02-23,4,独立站
CHUCHU_03,2025-02-23,25,亚马逊
CHUCHU_03,2025-02-23,13,独立站
CHUCHU_01,2025-02-24,20,亚马逊
CHUCHU_01,2025-02-24,9,独立站
CHUCHU_02,2025-02-24,12,亚马逊
CHUCHU_02,2025-02-24,5,独立站
CHUCHU_03,2025-02-24,25,亚马逊
CHUCHU_03,2025-02-24,9,独立站
CHUCHU_01,2025-02-25,18,亚马逊
CHUCHU_01,2025-02-25,7,独立站
CHUCHU_02,2025-02-25,14,亚马逊
CHUCHU_02,2025-02-25,5,独立站
CHUCHU_03,2025-02-25,31,亚马逊
CHUCHU_03,2025-02-25,11,独立站
CHUCHU_01,2025-02-26,19,亚马逊
CHUCHU_01,2025-02-26,7,独立站
CHUCHU_02,2025-02-26,12,亚马逊
CHUCHU_02,2025-02-26,6,独立站
CHUCHU_03,2025-02-26,24,亚马逊
CHUCHU_03,2025-02-26,11,独立站
CHUCHU_01,2025-02-27,21,亚马逊
CHUCHU_01,2025-02-27,9,独立站
CHUCHU_02,2025-02-27,11,亚马逊
CHUCHU_02,2025-02-27,4,独立站
CHUCHU_03,2025-02-27,29,亚马逊
CHUCHU_03,2025-02-27,13,独立站
CHUCHU_01,2025-02-28,18,亚马逊
CHUCHU_01,2025-02-28,7,独立站
CHUCHU_02,2025-02-28,14,亚马逊
CHUCHU_02,2025-02-28,5,独立站
CHUCHU_03,2025-02-28,21,亚马逊
CHUCHU_03,2025-02-28,8,独立站
CHUCHU_01,2025-03-01,21,亚马逊
CHUCHU_01,2025-03-01,8,独立站
CHUCHU_02,2025-03-01,17,亚马逊
CHUCHU_02,2025-03-01,7,独立站
CHUCHU_03,2025-03-01,25,亚马逊
CHUCHU_03,2025-03-01,11,独立站
CHUCHU_01,2025-03-02,19,亚马逊
CHUCHU_01,2025-03-02,8,独立站
CHUCHU_02,2025-03-02,14,亚马逊
CHUCHU_02,2025-03-02,5,独立站
CHUCHU_03,2025-03-02,26,亚马逊
CHUCHU_03,2025-03-02,13,独立站
CHUCHU_01,2025-03-03,21,亚马逊
CHUCHU_01,2025-03-03,9,独立站
CHUCHU_02,2025-03-03,15,亚马逊
CHUCHU_02,2025-03-03,7,独立站
CHUCHU_03,2025-03-03,31,亚马逊
CHUCHU_03,2025-03-03,11,独立站
CHUCHU_01,2025-03-04,26,亚马逊
CHUCHU_01,2025-03-04,9,独立站
CHUCHU_02,2025-03-04,12,亚马逊
CHUCHU_02,2025-03-04,6,独立站
CHUCHU_03,2025-03-04,30,亚马逊
CHUCHU_03,2025-03-04,12,独立站
CHUCHU_01,2025-03-05,17,亚马逊
CHUCHU_01,2025-03-05,7,独立站
CHUCHU_02,2025-03-05,14,亚马逊
CHUCHU_02,2025-03-05,5,独立站
CHUCHU_03,2025-03-05,29,亚马逊
CHUCHU_03,2025-03-05,13,独立站
CHUCHU_01,2025-03-06,22,亚马逊
CHUCHU_01,2025-03-06,8,独立站
CHUCHU_02,2025-03-06,13,亚马逊
CHUCHU_02,2025-03-06,6,独立站
CHUCHU_03,2025-03-06,31,亚马逊
CHUCHU_03,2025-03-06,14,独立站
CHUCHU_01,2025-03-07,21,亚马逊
CHUCHU_01,2025-03-07,8,独立站
CHUCHU_02,2025-03-07,14,亚马逊
CHUCHU_02,2025-03-07,7,独立站
CHUCHU_03,2025-03-07,28,亚马逊
CHUCHU_03,2025-03-07,13,独立站
CHUCHU_01,2025-03-08,20,亚马逊
CHUCHU_01,2025-03-08,8,独立站
CHUCHU_02,2025-03-08,17,亚马逊
CHUCHU_02,2025-03-08,6,独立站
CHUCHU_03,2025-03-08,28,亚马逊
CHUCHU_03,2025-03-08,11,独立站
CHUCHU_01,2025-03-09,21,亚马逊
CHUCHU_01,2025-03-09,10,独立站
CHUCHU_02,2025-03-09,13,亚马逊
CHUCHU_02,2025-03-09,6,独立站
CHUCHU_03,2025-03-09,26,亚马逊
CHUCHU_03,2025-03-09,13,独立站
CHUCHU_01,2025-03-10,17,亚马逊
CHUCHU_01,2025-03-10,9,独立站
CHUCHU_02,2025-03-10,12,亚马逊
CHUCHU_02,2025-03-10,5,独立站
CHUCHU_03,2025-03-10,29,亚马逊
CHUCHU_03,2025-03-10,10,独立站
CHUCHU_01,2025-03-11,26,亚马逊
CHUCHU_01,2025-03-11,11,独立站
CHUCHU_02,2025-03-11,13,亚马逊
CHUCHU_02,2025-03-11,6,独立站
CHUCHU_03,2025-03-11,31,亚马逊
CHUCHU_03,2025-03-11,13,独立站
CHUCHU_01,2025-03-12,16,亚马逊
CHUCHU_01,2025-03-12,7,独立站
CHUCHU_02,2025-03-12,12,亚马逊
CHUCHU_02,2025-03-12,6,独立站
CHUCHU_03,2025-03-12,37,亚马逊
CHUCHU_03,2025-03-12,14,独立站
CHUCHU_01,2025-03-13,22,亚马逊
CHUCHU_01,2025-03-13,10,独立站
CHUCHU_02,2025-03-13,14,亚马逊
CHUCHU_02,2025-03-13,6,独立站
CHUCHU_03,2025-03-13,29,亚马逊
CHUCHU_03,2025-03-13,12,独立站
CHUCHU_01,2025-03-14,20,亚马逊
CHUCHU_01,2025-03-14,9,独立站
CHUCHU_02,2025-03-14,12,亚马逊
CHUCHU_02,2025-03-14,7,独立站
CHUCHU_03,2025-03-14,33,亚马逊
CHUCHU_03,2025-03-14,11,独立站
CHUCHU_01,2025-03-15,22,亚马逊
CHUCHU_01,2025-03-15,10,独立站
CHUCHU_02,2025-03-15,14,亚马逊
CHUCHU_02,2025-03-15,7,独立站
CHUCHU_03,2025-03-15,27,亚马逊
CHUCHU_03,2025-03-15,14,独立站
CHUCHU_01,2025-03-16,22,亚马逊
CHUCHU_01,2025-03-16,10,独立站
CHUCHU_02,2025-03-16,12,亚马逊
CHUCHU_02,2025-03-16,5,独立站
CHUCHU_03,2025-03-16,27,亚马逊
CHUCHU_03,2025-03-16,12,独立站
CHUCHU_01,2025-03-17,20,亚马逊
CHUCHU_01,2025-03-17,7,独立站
CHUCHU_02,2025-03-17,14,亚马逊
CHUCHU_02,2025-03-17,6,独立站
CHUCHU_03,2025-03-17,29,亚马逊
CHUCHU_03,2025-03-17,11,独立站
CHUCHU_01,2025-03-18,22,亚马逊
CHUCHU_01,2025-03-18,8,独立站
CHUCHU_02,2025-03-18,16,亚马逊
CHUCHU_02,2025-03-18,6,独立站
CHUCHU_03,2025-03-18,33,亚马逊
CHUCHU_03,2025-03-18,13,独立站
CHUCHU_01,2025-03-19,22,亚马逊
CHUCHU_01,2025-03-19,11,独立站
CHUCHU_02,2025-03-19,15,亚马逊
CHUCHU_02,2025-03-19,7,独立站
CHUCHU_03,2025-03-19,32,亚马逊
CHUCHU_03,2025-03-19,12,独立站
CHUCHU_01,2025-03-20,23,亚马逊
CHUCHU_01,2025-03-20,9,独立站
CHUCHU_02,2025-03-20,12,亚马逊
CHUCHU_02,2025-03-20,6,独立站
CHUCHU_03,2025-03-20,26,亚马逊
CHUCHU_03,2025-03-20,11,独立站
CHUCHU_01,2025-03-21,18,亚马逊
CHUCHU_01,2025-03-21,8,独立站
CHUCHU_02,2025-03-21,14,亚马逊
CHUCHU_02,2025-03-21,6,独立站
CHUCHU_03,2025-03-21,27,亚马逊
CHUCHU_03,2025-03-21,13,独立站
CHUCHU_01,2025-03-22,18,亚马逊
CHUCHU_01,2025-03-22,7,独立站
CHUCHU_02,2025-03-22,13,亚马逊
CHUCHU_02,2025-03-22,5,独立站
CHUCHU_03,2025-03-22,34,亚马逊
CHUCHU_03,2025-03-22,11,独立站
CHUCHU_01,2025-03-23,19,亚马逊
CHUCHU_01,2025-03-23,8,独立站
CHUCHU_02,2025-03-23,15,亚马逊
CHUCHU_02,2025-03-23,5,独立站
CHUCHU_03,2025-03-23,30,亚马逊
CHUCHU_03,2025-03-23,12,独立站
CHUCHU_01,2025-03-24,18,亚马逊
CHUCHU_01,2025-03-24,7,独立站
CHUCHU_02,2025-03-24,13,亚马逊
CHUCHU_02,2025-03-24,6,独立站
CHUCHU_03,2025-03-24,32,亚马逊
CHUCHU_03,2025-03-24,12,独立站
CHUCHU_01,2025-03-25,22,亚马逊
CHUCHU_01,2025-03-25,7,独立站
CHUCHU_02,2025-03-25,13,亚马逊
CHUCHU_02,2025-03-25,5,独立站
CHUCHU_03,2025-03-25,27,亚马逊
CHUCHU_03,2025-03-25,11,独立站
CHUCHU_01,2025-03-26,20,亚马逊
CHUCHU_01,2025-03-26,7,独立站
CHUCHU_02,2025-03-26,11,亚马逊
CHUCHU_02,2025-03-26,4,独立站
CHUCHU_03,2025-03-26,30,亚马逊
CHUCHU_03,2025-03-26,13,独立站
CHUCHU_01,2025-03-27,20,亚马逊
CHUCHU_01,2025-03-27,8,独立站
CHUCHU_02,2025-03-27,16,亚马逊
CHUCHU_02,2025-03-27,6,独立站
CHUCHU_03,2025-03-27,28,亚马逊
CHUCHU_03,2025-03-27,13,独立站
CHUCHU_01,2025-03-28,20,亚马逊
CHUCHU_01,2025-03-28,9,独立站
CHUCHU_02,2025-03-28,16,亚马逊
CHUCHU_02,2025-03-28,5,独立站
CHUCHU_03,2025-03-28,26,亚马逊
CHUCHU_03,2025-03-28,12,独立站
CHUCHU_01,2025-03-29,20,亚马逊
CHUCHU_01,2025-03-29,10,独立站
CHUCHU_02,2025-03-29,14,亚马逊
CHUCHU_02,2025-03-29,7,独立站
CHUCHU_03,2025-03-29,28,亚马逊
CHUCHU_03,2025-03-29,12,独立站
CHUCHU_01,2025-03-30,24,亚马逊
CHUCHU_01,2025-03-30,8,独立站
CHUCHU_02,2025-03-30,16,亚马逊
CHUCHU_02,2025-03-30,5,独立站
CHUCHU_03,2025-03-30,31,亚马逊
CHUCHU_03,2025-03-30,13,独立站
CHUCHU_01,2025-03-31,20,亚马逊
CHUCHU_01,2025-03-31,6,独立站
CHUCHU_02,2025-03-31,12,亚马逊
CHUCHU_02,2025-03-31,5,独立站
CHUCHU_03,2025-03-31,37,亚马逊
CHUCHU_03,2025-03-31,15,独立站
CHUCHU_01,2025-04-01,22,亚马逊
CHUCHU_01,2025-04-01,9,独立站
CHUCHU_02,2025-04-01,13,亚马逊
CHUCHU_02,2025-04-01,5,独立站
CHUCHU_03,2025-04-01,30,亚马逊
CHUCHU_03,2025-04-01,14,独立站
CHUCHU_01,2025-04-02,24,亚马逊
CHUCHU_01,2025-04-02,10,独立站
CHUCHU_02,2025-04-02,13,亚马逊
CHUCHU_02,2025-04-02,6,独立站
CHUCHU_03,2025-04-02,31,亚马逊
CHUCHU_03,2025-04-02,12,独立站
CHUCHU_01,2025-04-03,23,亚马逊
CHUCHU_01,2025-04-03,10,独立站
CHUCHU_02,2025-04-03,14,亚马逊
CHUCHU_02,2025-04-03,6,独立站
CHUCHU_03,2025-04-03,26,亚马逊
CHUCHU_03,2025-04-03,12,独立站
CHUCHU_01,2025-04-04,23,亚马逊
CHUCHU_01,2025-04-04,9,独立站
CHUCHU_02,2025-04-04,14,亚马逊
CHUCHU_02,2025-04-04,4,独立站
CHUCHU_03,2025-04-04,31,亚马逊
CHUCHU_03,2025-04-04,14,独立站
CHUCHU_01,2025-04-05,19,亚马逊
CHUCHU_01,2025-04-05,9,独立站
CHUCHU_02,2025-04-05,14,亚马逊
CHUCHU_02,2025-04-05,5,独立站
CHUCHU_03,2025-04-05,29,亚马逊
CHUCHU_03,2025-04-05,12,独立站
CHUCHU_01,2025-04-06,24,亚马逊
CHUCHU_01,2025-04-06,9,独立站
CHUCHU_02,2025-04-06,16,亚马逊
CHUCHU_02,2025-04-06,6,独立站
CHUCHU_03,2025-04-06,35,亚马逊
CHUCHU_03,2025-04-06,15,独立站
CHUCHU_01,2025-04-07,18,亚马逊
CHUCHU_01,2025-04-07,7,独立站
CHUCHU_02,2025-04-07,14,亚马逊
CHUCHU_02,2025-04-07,6,独立站
CHUCHU_03,2025-04-07,34,亚马逊
CHUCHU_03,2025-04-07,15,独立站
CHUCHU_01,2025-04-08,20,亚马逊
CHUCHU_01,2025-04-08,8,独立站
CHUCHU_02,2025-04-08,14,亚马逊
CHUCHU_02,2025-04-08,6,独立站
CHUCHU_03,2025-04-08,27,亚马逊
CHUCHU_03,2025-04-08,13,独立站
CHUCHU_01,2025-04-09,26,亚马逊
CHUCHU_01,2025-04-09,8,独立站
CHUCHU_02,2025-04-09,14,亚马逊
CHUCHU_02,2025-04-09,7,独立站
CHUCHU_03,2025-04-09,37,亚马逊
CHUCHU_03,2025-04-09,16,独立站
CHUCHU_01,2025-04-10,22,亚马逊
CHUCHU_01,2025-04-10,9,独立站
CHUCHU_02,2025-04-10,16,亚马逊
CHUCHU_02,2025-04-10,5,独立站
CHUCHU_03,2025-04-10,30,亚马逊
CHUCHU_03,2025-04-10,15,独立站
CHUCHU_01,2025-04-11,18,亚马逊
CHUCHU_01,2025-04-11,9,独立站
CHUCHU_02,2025-04-11,14,亚马逊
CHUCHU_02,2025-04-11,6,独立站
CHUCHU_03,2025-04-11,34,亚马逊
CHUCHU_03,2025-04-11,13,独立站
CHUCHU_01,2025-04-12,20,亚马逊
CHUCHU_01,2025-04-12,8,独立站
CHUCHU_02,2025-04-12,17,亚马逊
CHUCHU_02,2025-04-12,6,独立站
CHUCHU_03,2025-04-12,34,亚马逊
CHUCHU_03,2025-04-12,14,独立站
CHUCHU_01,2025-04-13,22,亚马逊
CHUCHU_01,2025-04-13,9,独立站
CHUCHU_02,2025-04-13,15,亚马逊
CHUCHU_02,2025-04-13,5,独立站
CHUCHU_03,2025-04-13,26,亚马逊
CHUCHU_03,2025-04-13,12,独立站
CHUCHU_01,2025-04-14,24,亚马逊
CHUCHU_01,2025-04-14,8,独立站
CHUCHU_02,2025-04-14,12,亚马逊
CHUCHU_02,2025-04-14,6,独立站
CHUCHU_03,2025-04-14,33,亚马逊
CHUCHU_03,2025-04-14,12,独立站
CHUCHU_01,2025-04-15,25,亚马逊
CHUCHU_01,2025-04-15,8,独立站
CHUCHU_02,2025-04-15,17,亚马逊
CHUCHU_02,2025-04-15,6,独立站
CHUCHU_03,2025-04-15,29,亚马逊
CHUCHU_03,2025-04-15,11,独立站
CHUCHU_01,2025-04-16,20,亚马逊
CHUCHU_01,2025-04-16,8,独立站
CHUCHU_02,2025-04-16,14,亚马逊
CHUCHU_02,2025-04-16,7,独立站
CHUCHU_03,2025-04-16,34,亚马逊
CHUCHU_03,2025-04-16,14,独立站
CHUCHU_01,2025-04-17,26,亚马逊
CHUCHU_01,2025-04-17,10,独立站
CHUCHU_02,2025-04-17,13,亚马逊
CHUCHU_02,2025-04-17,6,独立站
CHUCHU_03,2025-04-17,27,亚马逊
CHUCHU_03,2025-04-17,12,独立站
CHUCHU_01,2025-04-18,27,亚马逊
CHUCHU_01,2025-04-18,11,独立站
CHUCHU_02,2025-04-18,18,亚马逊
CHUCHU_02,2025-04-18,7,独立站
CHUCHU_03,2025-04-18,32,亚马逊
CHUCHU_03,2025-04-18,11,独立站
CHUCHU_01,2025-04-19,25,亚马逊
CHUCHU_01,2025-04-19,9,独立站
CHUCHU_02,2025-04-19,17,亚马逊
CHUCHU_02,2025-04-19,6,独立站
CHUCHU_03,2025-04-19,30,亚马逊
CHUCHU_03,2025-04-19,14,独立站
CHUCHU_01,2025-04-20,20,亚马逊
CHUCHU_01,2025-04-20,8,独立站
CHUCHU_02,2025-04-20,13,亚马逊
CHUCHU_02,2025-04-20,7,独立站
CHUCHU_03,2025-04-20,33,亚马逊
CHUCHU_03,2025-04-20,14,独立站
CHUCHU_01,2025-04-21,26,亚马逊
CHUCHU_01,2025-04-21,10,独立站
CHUCHU_02,2025-04-21,13,亚马逊
CHUCHU_02,2025-04-21,7,独立站
CHUCHU_03,2025-04-21,32,亚马逊
CHUCHU_03,2025-04-21,16,独立站
CHUCHU_01,2025-04-22,25,亚马逊
CHUCHU_01,2025-04-22,9,独立站
CHUCHU_02,2025-04-22,13,亚马逊
CHUCHU_02,2025-04-22,7,独立站
CHUCHU_03,2025-04-22,32,亚马逊
CHUCHU_03,2025-04-22,13,独立站
CHUCHU_01,2025-04-23,23,亚马逊
CHUCHU_01,2025-04-23,8,独立站
CHUCHU_02,2025-04-23,15,亚马逊
CHUCHU_02,2025-04-23,6,独立站
CHUCHU_03,2025-04-23,30,亚马逊
CHUCHU_03,2025-04-23,12,独立站
CHUCHU_01,2025-04-24,21,亚马逊
CHUCHU_01,2025-04-24,9,独立站
CHUCHU_02,2025-04-24,16,亚马逊
CHUCHU_02,2025-04-24,6,独立站
CHUCHU_03,2025-04-24,27,亚马逊
CHUCHU_03,2025-04-24,15,独立站
CHUCHU_01,2025-04-25,22,亚马逊
CHUCHU_01,2025-04-25,9,独立站
CHUCHU_02,2025-04-25,15,亚马逊
CHUCHU_02,2025-04-25,6,独立站
CHUCHU_03,2025-04-25,32,亚马逊
CHUCHU_03,2025-04-25,13,独立站
CHUCHU_01,2025-04-26,22,亚马逊
CHUCHU_01,2025-04-26,9,独立站
CHUCHU_02,2025-04-26,16,亚马逊
CHUCHU_02,2025-04-26,6,独立站
CHUCHU_03,2025-04-26,30,亚马逊
CHUCHU_03,2025-04-26,14,独立站
CHUCHU_01,2025-04-27,22,亚马逊
CHUCHU_01,2025-04-27,8,独立站
CHUCHU_02,2025-04-27,14,亚马逊
CHUCHU_02,2025-04-27,6,独立站
CHUCHU_03,2025-04-27,26,亚马逊
CHUCHU_03,2025-04-27,10,独立站
CHUCHU_01,2025-04-28,24,亚马逊
CHUCHU_01,2025-04-28,11,独立站
CHUCHU_02,2025-04-28,14,亚马逊
CHUCHU_02,2025-04-28,5,独立站
CHUCHU_03,2025-04-28,29,亚马逊
CHUCHU_03,2025-04-28,13,独立站
CHUCHU_01,2025-04-29,18,亚马逊
CHUCHU_01,2025-04-29,10,独立站
CHUCHU_02,2025-04-29,14,亚马逊
CHUCHU_02,2025-04-29,5,独立站
CHUCHU_03,2025-04-29,31,亚马逊
CHUCHU_03,2025-04-29,14,独立站
CHUCHU_01,2025-04-30,22,亚马逊
CHUCHU_01,2025-04-30,9,独立站
CHUCHU_02,2025-04-30,15,亚马逊
CHUCHU_02,2025-04-30,7,独立站
CHUCHU_03,2025-04-30,33,亚马逊
CHUCHU_03,2025-04-30,12,独立站
CHUCHU_01,2025-05-01,24,亚马逊
CHUCHU_01,2025-05-01,8,独立站
CHUCHU_02,2025-05-01,15,亚马逊
CHUCHU_02,2025-05-01,6,独立站
CHUCHU_03,2025-05-01,29,亚马逊
CHUCHU_03,2025-05-01,14,独立站
CHUCHU_01,2025-05-02,17,亚马逊
CHUCHU_01,2025-05-02,8,独立站
CHUCHU_02,2025-05-02,12,亚马逊
CHUCHU_02,2025-05-02,5,独立站
CHUCHU_03,2025-05-02,29,亚马逊
CHUCHU_03,2025-05-02,11,独立站
CHUCHU_01,2025-05-03,21,亚马逊
CHUCHU_01,2025-05-03,9,独立站
CHUCHU_02,2025-05-03,13,亚马逊
CHUCHU_02,2025-05-03,5,独立站
CHUCHU_03,2025-05-03,28,亚马逊
CHUCHU_03,2025-05-03,12,独立站
CHUCHU_01,2025-05-04,18,亚马逊
CHUCHU_01,2025-05-04,9,独立站
CHUCHU_02,2025-05-04,13,亚马逊
CHUCHU_02,2025-05-04,5,独立站
CHUCHU_03,2025-05-04,32,亚马逊
CHUCHU_03,2025-05-04,11,独立站
CHUCHU_01,2025-05-05,18,亚马逊
CHUCHU_01,2025-05-05,10,独立站
CHUCHU_02,2025-05-05,14,亚马逊
CHUCHU_02,2025-05-05,7,独立站
CHUCHU_03,2025-05-05,26,亚马逊
CHUCHU_03,2025-05-05,13,独立站
CHUCHU_01,2025-05-06,23,亚马逊
CHUCHU_01,2025-05-06,10,独立站
CHUCHU_02,2025-05-06,13,亚马逊
CHUCHU_02,2025-05-06,5,独立站
CHUCHU_03,2025-05-06,29,亚马逊
CHUCHU_03,2025-05-06,12,独立站
CHUCHU_01,2025-05-07,21,亚马逊
CHUCHU_01,2025-05-07,7,独立站
CHUCHU_02,2025-05-07,14,亚马逊
CHUCHU_02,2025-05-07,6,独立站
CHUCHU_03,2025-05-07,32,亚马逊
CHUCHU_03,2025-05-07,12,独立站
CHUCHU_01,2025-05-08,23,亚马逊
CHUCHU_01,2025-05-08,8,独立站
CHUCHU_02,2025-05-08,12,亚马逊
CHUCHU_02,2025-05-08,5,独立站
CHUCHU_03,2025-05-08,30,亚马逊
CHUCHU_03,2025-05-08,12,独立站
CHUCHU_01,2025-05-09,18,亚马逊
CHUCHU_01,2025-05-09,8,独立站
CHUCHU_02,2025-05-09,16,亚马逊
CHUCHU_02,2025-05-09,5,独立站
CHUCHU_03,2025-05-09,33,亚马逊
CHUCHU_03,2025-05-09,12,独立站
CHUCHU_01,2025-05-10,24,亚马逊
CHUCHU_01,2025-05-10,9,独立站
CHUCHU_02,2025-05-10,12,亚马逊
CHUCHU_02,2025-05-10,6,独立站
CHUCHU_03,2025-05-10,35,亚马逊
CHUCHU_03,2025-05-10,15,独立站
CHUCHU_01,2025-05-11,20,亚马逊
CHUCHU_01,2025-05-11,9,独立站
CHUCHU_02,2025-05-11,14,亚马逊
CHUCHU_02,2025-05-11,6,独立站
CHUCHU_03,2025-05-11,29,亚马逊
CHUCHU_03,2025-05-11,13,独立站
CHUCHU_01,2025-05-12,20,亚马逊
CHUCHU_01,2025-05-12,8,独立站
CHUCHU_02,2025-05-12,13,亚马逊
CHUCHU_02,2025-05-12,6,独立站
CHUCHU_03,2025-05-12,29,亚马逊
CHUCHU_03,2025-05-12,13,独立站
CHUCHU_01,2025-05-13,21,亚马逊
CHUCHU_01,2025-05-13,9,独立站
CHUCHU_02,2025-05-13,16,亚马逊
CHUCHU_02,2025-05-13,5,独立站
CHUCHU_03,2025-05-13,28,亚马逊
CHUCHU_03,2025-05-13,14,独立站
CHUCHU_01,2025-05-14,19,亚马逊
CHUCHU_01,2025-05-14,7,独立站
CHUCHU_02,2025-05-14,12,亚马逊
CHUCHU_02,2025-05-14,4,独立站
CHUCHU_03,2025-05-14,28,亚马逊
CHUCHU_03,2025-05-14,12,独立站
CHUCHU_01,2025-05-15,19,亚马逊
CHUCHU_01,2025-05-15,8,独立站
CHUCHU_02,2025-05-15,16,亚马逊
CHUCHU_02,2025-05-15,5,独立站
CHUCHU_03,2025-05-15,34,亚马逊
CHUCHU_03,2025-05-15,13,独立站
CHUCHU_01,2025-05-16,24,亚马逊
CHUCHU_01,2025-05-16,9,独立站
CHUCHU_02,2025-05-16,15,亚马逊
CHUCHU_02,2025-05-16,5,独立站
CHUCHU_03,2025-05-16,31,亚马逊
CHUCHU_03,2025-05-16,12,独立站
CHUCHU_01,2025-05-17,19,亚马逊
CHUCHU_01,2025-05-17,9,独立站
CHUCHU_02,2025-05-17,15,亚马逊
CHUCHU_02,2025-05-17,6,独立站
CHUCHU_03,2025-05-17,30,亚马逊
CHUCHU_03,2025-05-17,12,独立站
CHUCHU_01,2025-05-18,24,亚马逊
CHUCHU_01,2025-05-18,9,独立站
CHUCHU_02,2025-05-18,14,亚马逊
CHUCHU_02,2025-05-18,5,独立站
CHUCHU_03,2025-05-18,32,亚马逊
CHUCHU_03,2025-05-18,14,独立站
CHUCHU_01,2025-05-19,23,亚马逊
CHUCHU_01,2025-05-19,8,独立站
CHUCHU_02,2025-05-19,14,亚马逊
CHUCHU_02,2025-05-19,6,独立站
CHUCHU_03,2025-05-19,35,亚马逊
CHUCHU_03,2025-05-19,15,独立站
CHUCHU_01,2025-05-20,22,亚马逊
CHUCHU_01,2025-05-20,8,独立站
CHUCHU_02,2025-05-20,16,亚马逊
CHUCHU_02,2025-05-20,7,独立站
CHUCHU_03,2025-05-20,27,亚马逊
CHUCHU_03,2025-05-20,12,独立站
CHUCHU_01,2025-05-21,22,亚马逊
CHUCHU_01,2025-05-21,8,独立站
CHUCHU_02,2025-05-21,13,亚马逊
CHUCHU_02,2025-05-21,6,独立站
CHUCHU_03,2025-05-21,31,亚马逊
CHUCHU_03,2025-05-21,12,独立站
CHUCHU_01,2025-05-22,24,亚马逊
CHUCHU_01,2025-05-22,9,独立站
CHUCHU_02,2025-05-22,16,亚马逊
CHUCHU_02,2025-05-22,7,独立站
CHUCHU_03,2025-05-22,27,亚马逊
CHUCHU_03,2025-05-22,12,独立站
CHUCHU_01,2025-05-23,18,亚马逊
CHUCHU_01,2025-05-23,8,独立站
CHUCHU_02,2025-05-23,16,亚马逊
CHUCHU_02,2025-05-23,5,独立站
CHUCHU_03,2025-05-23,32,亚马逊
CHUCHU_03,2025-05-23,12,独立站
CHUCHU_01,2025-05-24,23,亚马逊
CHUCHU_01,2025-05-24,9,独立站
CHUCHU_02,2025-05-24,18,亚马逊
CHUCHU_02,2025-05-24,7,独立站
CHUCHU_03,2025-05-24,30,亚马逊
CHUCHU_03,2025-05-24,14,独立站
CHUCHU_01,2025-05-25,22,亚马逊
CHUCHU_01,2025-05-25,9,独立站
CHUCHU_02,2025-05-25,13,亚马逊
CHUCHU_02,2025-05-25,5,独立站
CHUCHU_03,2025-05-25,32,亚马逊
CHUCHU_03,2025-05-25,11,独立站
CHUCHU_01,2025-05-26,25,亚马逊
CHUCHU_01,2025-05-26,10,独立站
CHUCHU_02,2025-05-26,13,亚马逊
CHUCHU_02,2025-05-26,6,独立站
CHUCHU_03,2025-05-26,28,亚马逊
CHUCHU_03,2025-05-26,12,独立站
CHUCHU_01,2025-05-27,18,亚马逊
CHUCHU_01,2025-05-27,8,独立站
CHUCHU_02,2025-05-27,14,亚马逊
CHUCHU_02,2025-05-27,6,独立站
CHUCHU_03,2025-05-27,32,亚马逊
CHUCHU_03,2025-05-27,13,独立站
CHUCHU_01,2025-05-28,27,亚马逊
CHUCHU_01,2025-05-28,10,独立站
CHUCHU_02,2025-05-28,13,亚马逊
CHUCHU_02,2025-05-28,6,独立站
CHUCHU_03,2025-05-28,31,亚马逊
CHUCHU_03,2025-05-28,13,独立站
CHUCHU_01,2025-05-29,21,亚马逊
CHUCHU_01,2025-05-29,10,独立站
CHUCHU_02,2025-05-29,14,亚马逊
CHUCHU_02,2025-05-29,6,独立站
CHUCHU_03,2025-05-29,28,亚马逊
CHUCHU_03,2025-05-29,14,独立站
CHUCHU_01,2025-05-30,24,亚马逊
CHUCHU_01,2025-05-30,10,独立站
CHUCHU_02,2025-05-30,17,亚马逊
CHUCHU_02,2025-05-30,7,独立站
CHUCHU_03,2025-05-30,25,亚马逊
CHUCHU_03,2025-05-30,13,独立站
CHUCHU_01,2025-05-31,24,亚马逊
CHUCHU_01,2025-05-31,9,独立站
CHUCHU_02,2025-05-31,14,亚马逊
CHUCHU_02,2025-05-31,5,独立站
CHUCHU_03,2025-05-31,28,亚马逊
CHUCHU_03,2025-05-31,9,独立站
CHUCHU_01,2025-06-01,20,亚马逊
CHUCHU_01,2025-06-01,8,独立站
CHUCHU_02,2025-06-01,15,亚马逊
CHUCHU_02,2025-06-01,5,独立站
CHUCHU_03,2025-06-01,32,亚马逊
CHUCHU_03,2025-06-01,12,独立站
CHUCHU_01,2025-06-02,18,亚马逊
CHUCHU_01,2025-06-02,7,独立站
CHUCHU_02,2025-06-02,12,亚马逊
CHUCHU_02,2025-06-02,5,独立站
CHUCHU_03,2025-06-02,24,亚马逊
CHUCHU_03,2025-06-02,11,独立站
CHUCHU_01,2025-06-03,22,亚马逊
CHUCHU_01,2025-06-03,7,独立站
CHUCHU_02,2025-06-03,10,亚马逊
CHUCHU_02,2025-06-03,4,独立站
CHUCHU_03,2025-06-03,31,亚马逊
CHUCHU_03,2025-06-03,10,独立站
CHUCHU_01,2025-06-04,22,亚马逊
CHUCHU_01,2025-06-04,8,独立站
CHUCHU_02,2025-06-04,12,亚马逊
CHUCHU_02,2025-06-04,4,独立站
CHUCHU_03,2025-06-04,32,亚马逊
CHUCHU_03,2025-06-04,13,独立站
CHUCHU_01,2025-06-05,17,亚马逊
CHUCHU_01,2025-06-05,6,独立站
CHUCHU_02,2025-06-05,14,亚马逊
CHUCHU_02,2025-06-05,6,独立站
CHUCHU_03,2025-06-05,31,亚马逊
CHUCHU_03,2025-06-05,12,独立站
CHUCHU_01,2025-06-06,20,亚马逊
CHUCHU_01,2025-06-06,9,独立站
CHUCHU_02,2025-06-06,14,亚马逊
CHUCHU_02,2025-06-06,6,独立站
CHUCHU_03,2025-06-06,25,亚马逊
CHUCHU_03,2025-06-06,12,独立站
CHUCHU_01,2025-06-07,18,亚马逊
CHUCHU_01,2025-06-07,9,独立站
CHUCHU_02,2025-06-07,14,亚马逊
CHUCHU_02,2025-06-07,5,独立站
CHUCHU_03,2025-06-07,28,亚马逊
CHUCHU_03,2025-06-07,13,独立站
CHUCHU_01,2025-06-08,18,亚马逊
CHUCHU_01,2025-06-08,7,独立站
CHUCHU_02,2025-06-08,19,亚马逊
CHUCHU_02,2025-06-08,6,独立站
CHUCHU_03,2025-06-08,28,亚马逊
CHUCHU_03,2025-06-08,12,独立站
CHUCHU_01,2025-06-09,20,亚马逊
CHUCHU_01,2025-06-09,7,独立站
CHUCHU_02,2025-06-09,14,亚马逊
CHUCHU_02,2025-06-09,7,独立站
CHUCHU_03,2025-06-09,29,亚马逊
CHUCHU_03,2025-06-09,13,独立站
CHUCHU_01,2025-06-10,17,亚马逊
CHUCHU_01,2025-06-10,7,独立站
CHUCHU_02,2025-06-10,15,亚马逊
CHUCHU_02,2025-06-10,6,独立站
CHUCHU_03,2025-06-10,23,亚马逊
CHUCHU_03,2025-06-10,11,独立站
CHUCHU_01,2025-06-11,21,亚马逊
CHUCHU_01,2025-06-11,8,独立站
CHUCHU_02,2025-06-11,12,亚马逊
CHUCHU_02,2025-06-11,5,独立站
CHUCHU_03,2025-06-11,25,亚马逊
CHUCHU_03,2025-06-11,13,独立站
CHUCHU_01,2025-06-12,17,亚马逊
CHUCHU_01,2025-06-12,9,独立站
CHUCHU_02,2025-06-12,13,亚马逊
CHUCHU_02,2025-06-12,5,独立站
CHUCHU_03,2025-06-12,34,亚马逊
CHUCHU_03,2025-06-12,11,独立站
CHUCHU_01,2025-06-13,19,亚马逊
CHUCHU_01,2025-06-13,9,独立站
CHUCHU_02,2025-06-13,13,亚马逊
CHUCHU_02,2025-06-13,7,独立站
CHUCHU_03,2025-06-13,29,亚马逊
CHUCHU_03,2025-06-13,13,独立站
CHUCHU_01,2025-06-14,20,亚马逊
CHUCHU_01,2025-06-14,7,独立站
CHUCHU_02,2025-06-14,14,亚马逊
CHUCHU_02,2025-06-14,6,独立站
CHUCHU_03,2025-06-14,31,亚马逊
CHUCHU_03,2025-06-14,10,独立站
CHUCHU_01,2025-06-15,18,亚马逊
CHUCHU_01,2025-06-15,7,独立站
CHUCHU_02,2025-06-15,17,亚马逊
CHUCHU_02,2025-06-15,6,独立站
CHUCHU_03,2025-06-15,32,亚马逊
CHUCHU_03,2025-06-15,12,独立站
CHUCHU_01,2025-06-16,22,亚马逊
CHUCHU_01,2025-06-16,7,独立站
CHUCHU_02,2025-06-16,13,亚马逊
CHUCHU_02,2025-06-16,6,独立站
CHUCHU_03,2025-06-16,30,亚马逊
CHUCHU_03,2025-06-16,14,独立站
CHUCHU_01,2025-06-17,16,亚马逊
CHUCHU_01,2025-06-17,6,独立站
CHUCHU_02,2025-06-17,11,亚马逊
CHUCHU_02,2025-06-17,5,独立站
CHUCHU_03,2025-06-17,23,亚马逊
CHUCHU_03,2025-06-17,9,独立站
CHUCHU_01,2025-06-18,19,亚马逊
CHUCHU_01,2025-06-18,9,独立站
CHUCHU_02,2025-06-18,14,亚马逊
CHUCHU_02,2025-06-18,5,独立站
CHUCHU_03,2025-06-18,26,亚马逊
CHUCHU_03,2025-06-18,9,独立站
CHUCHU_01,2025-06-19,23,亚马逊
CHUCHU_01,2025-06-19,10,独立站
CHUCHU_02,2025-06-19,16,亚马逊
CHUCHU_02,2025-06-19,5,独立站
CHUCHU_03,2025-06-19,27,亚马逊
CHUCHU_03,2025-06-19,13,独立站
CHUCHU_01,2025-06-20,22,亚马逊
CHUCHU_01,2025-06-20,9,独立站
CHUCHU_02,2025-06-20,15,亚马逊
CHUCHU_02,2025-06-20,6,独立站
CHUCHU_03,2025-06-20,30,亚马逊
CHUCHU_03,2025-06-20,10,独立站
CHUCHU_01,2025-06-21,22,亚马逊
CHUCHU_01,2025-06-21,8,独立站
CHUCHU_02,2025-06-21,13,亚马逊
CHUCHU_02,2025-06-21,6,独立站
CHUCHU_03,2025-06-21,24,亚马逊
CHUCHU_03,2025-06-21,12,独立站
CHUCHU_01,2025-06-22,21,亚马逊
CHUCHU_01,2025-06-22,8,独立站
CHUCHU_02,2025-06-22,13,亚马逊
CHUCHU_02,2025-06-22,5,独立站
CHUCHU_03,2025-06-22,24,亚马逊
CHUCHU_03,2025-06-22,10,独立站
CHUCHU_01,2025-06-23,19,亚马逊
CHUCHU_01,2025-06-23,9,独立站
CHUCHU_02,2025-06-23,11,亚马逊
CHUCHU_02,2025-06-23,5,独立站
CHUCHU_03,2025-06-23,31,亚马逊
CHUCHU_03,2025-06-23,11,独立站
CHUCHU_01,2025-06-24,18,亚马逊
CHUCHU_01,2025-06-24,9,独立站
CHUCHU_02,2025-06-24,13,亚马逊
CHUCHU_02,2025-06-24,6,独立站
CHUCHU_03,2025-06-24,26,亚马逊
CHUCHU_03,2025-06-24,11,独立站
CHUCHU_01,2025-06-25,16,亚马逊
CHUCHU_01,2025-06-25,7,独立站
CHUCHU_02,2025-06-25,13,亚马逊
CHUCHU_02,2025-06-25,5,独立站
CHUCHU_03,2025-06-25,28,亚马逊
CHUCHU_03,2025-06-25,10,独立站
CHUCHU_01,2025-06-26,20,亚马逊
CHUCHU_01,2025-06-26,9,独立站
CHUCHU_02,2025-06-26,13,亚马逊
CHUCHU_02,2025-06-26,5,独立站
CHUCHU_03,2025-06-26,33,亚马逊
CHUCHU_03,2025-06-26,14,独立站
CHUCHU_01,2025-06-27,18,亚马逊
CHUCHU_01,2025-06-27,7,独立站
CHUCHU_02,2025-06-27,13,亚马逊
CHUCHU_02,2025-06-27,5,独立站
CHUCHU_03,2025-06-27,25,亚马逊
CHUCHU_03,2025-06-27,12,独立站
CHUCHU_01,2025-06-28,17,亚马逊
CHUCHU_01,2025-06-28,7,独立站
CHUCHU_02,2025-06-28,13,亚马逊
CHUCHU_02,2025-06-28,5,独立站
CHUCHU_03,2025-06-28,23,亚马逊
CHUCHU_03,2025-06-28,10,独立站
CHUCHU_01,2025-06-29,20,亚马逊
CHUCHU_01,2025-06-29,8,独立站
CHUCHU_02,2025-06-29,16,亚马逊
CHUCHU_02,2025-06-29,5,独立站
CHUCHU_03,2025-06-29,26,亚马逊
CHUCHU_03,2025-06-29,11,独立站
CHUCHU_01,2025-06-30,17,亚马逊
CHUCHU_01,2025-06-30,8,独立站
CHUCHU_02,2025-06-30,14,亚马逊
CHUCHU_02,2025-06-30,6,独立站
CHUCHU_03,2025-06-30,28,亚马逊
CHUCHU_03,2025-06-30,11,独立站
CHUCHU_01,2025-07-01,13,亚马逊
CHUCHU_01,2025-07-01,7,独立站
CHUCHU_02,2025-07-01,12,亚马逊
CHUCHU_02,2025-07-01,4,独立站
CHUCHU_03,2025-07-01,26,亚马逊
CHUCHU_03,2025-07-01,12,独立站
CHUCHU_01,2025-07-02,18,亚马逊
CHUCHU_01,2025-07-02,7,独立站
CHUCHU_02,2025-07-02,12,亚马逊
CHUCHU_02,2025-07-02,4,独立站
CHUCHU_03,2025-07-02,21,亚马逊
CHUCHU_03,2025-07-02,10,独立站
CHUCHU_01,2025-07-03,16,亚马逊
CHUCHU_01,2025-07-03,7,独立站
CHUCHU_02,2025-07-03,11,亚马逊
CHUCHU_02,2025-07-03,4,独立站
CHUCHU_03,2025-07-03,24,亚马逊
CHUCHU_03,2025-07-03,11,独立站
CHUCHU_01,2025-07-04,17,亚马逊
CHUCHU_01,2025-07-04,8,独立站
CHUCHU_02,2025-07-04,14,亚马逊
CHUCHU_02,2025-07-04,6,独立站
CHUCHU_03,2025-07-04,27,亚马逊
CHUCHU_03,2025-07-04,11,独立站
CHUCHU_01,2025-07-05,17,亚马逊
CHUCHU_01,2025-07-05,6,独立站
CHUCHU_02,2025-07-05,11,亚马逊
CHUCHU_02,2025-07-05,5,独立站
CHUCHU_03,2025-07-05,21,亚马逊
CHUCHU_03,2025-07-05,11,独立站
CHUCHU_01,2025-07-06,21,亚马逊
CHUCHU_01,2025-07-06,7,独立站
CHUCHU_02,2025-07-06,11,亚马逊
CHUCHU_02,2025-07-06,5,独立站
CHUCHU_03,2025-07-06,23,亚马逊
CHUCHU_03,2025-07-06,8,独立站
CHUCHU_01,2025-07-07,16,亚马逊
CHUCHU_01,2025-07-07,7,独立站
CHUCHU_02,2025-07-07,10,亚马逊
CHUCHU_02,2025-07-07,4,独立站
CHUCHU_03,2025-07-07,20,亚马逊
CHUCHU_03,2025-07-07,9,独立站
CHUCHU_01,2025-07-08,17,亚马逊
CHUCHU_01,2025-07-08,7,独立站
CHUCHU_02,2025-07-08,14,亚马逊
CHUCHU_02,2025-07-08,4,独立站
CHUCHU_03,2025-07-08,27,亚马逊
CHUCHU_03,2025-07-08,9,独立站
CHUCHU_01,2025-07-09,19,亚马逊
CHUCHU_01,2025-07-09,7,独立站
CHUCHU_02,2025-07-09,12,亚马逊
CHUCHU_02,2025-07-09,6,独立站
CHUCHU_03,2025-07-09,22,亚马逊
CHUCHU_03,2025-07-09,12,独立站
CHUCHU_01,2025-07-10,13,亚马逊
CHUCHU_01,2025-07-10,7,独立站
CHUCHU_02,2025-07-10,10,亚马逊
CHUCHU_02,2025-07-10,4,独立站
CHUCHU_03,2025-07-10,27,亚马逊
CHUCHU_03,2025-07-10,10,独立站
CHUCHU_01,2025-07-11,14,亚马逊
CHUCHU_01,2025-07-11,6,独立站
CHUCHU_02,2025-07-11,12,亚马逊
CHUCHU_02,2025-07-11,4,独立站
CHUCHU_03,2025-07-11,20,亚马逊
CHUCHU_03,2025-07-11,8,独立站
CHUCHU_01,2025-07-12,14,亚马逊
CHUCHU_01,2025-07-12,6,独立站
CHUCHU_02,2025-07-12,11,亚马逊
CHUCHU_02,2025-07-12,5,独立站
CHUCHU_03,2025-07-12,28,亚马逊
CHUCHU_03,2025-07-12,10,独立站
CHUCHU_01,2025-07-13,19,亚马逊
CHUCHU_01,2025-07-13,7,独立站
CHUCHU_02,2025-07-13,10,亚马逊
CHUCHU_02,2025-07-13,5,独立站
CHUCHU_03,2025-07-13,22,亚马逊
CHUCHU_03,2025-07-13,10,独立站
CHUCHU_01,2025-07-14,18,亚马逊
CHUCHU_01,2025-07-14,6,独立站
CHUCHU_02,2025-07-14,13,亚马逊
CHUCHU_02,2025-07-14,6,独立站
CHUCHU_03,2025-07-14,26,亚马逊
CHUCHU_03,2025-07-14,12,独立站
CHUCHU_01,2025-07-15,14,亚马逊
CHUCHU_01,2025-07-15,7,独立站
CHUCHU_02,2025-07-15,10,亚马逊
CHUCHU_02,2025-07-15,4,独立站
CHUCHU_03,2025-07-15,26,亚马逊
CHUCHU_03,2025-07-15,12,独立站
CHUCHU_01,2025-07-16,20,亚马逊
CHUCHU_01,2025-07-16,7,独立站
CHUCHU_02,2025-07-16,12,亚马逊
CHUCHU_02,2025-07-16,5,独立站
CHUCHU_03,2025-07-16,22,亚马逊
CHUCHU_03,2025-07-16,9,独立站
CHUCHU_01,2025-07-17,15,亚马逊
CHUCHU_01,2025-07-17,7,独立站
CHUCHU_02,2025-07-17,11,亚马逊
CHUCHU_02,2025-07-17,5,独立站
CHUCHU_03,2025-07-17,28,亚马逊
CHUCHU_03,2025-07-17,11,独立站
CHUCHU_01,2025-07-18,20,亚马逊
CHUCHU_01,2025-07-18,7,独立站
CHUCHU_02,2025-07-18,11,亚马逊
CHUCHU_02,2025-07-18,4,独立站
CHUCHU_03,2025-07-18,24,亚马逊
CHUCHU_03,2025-07-18,8,独立站
CHUCHU_01,2025-07-19,17,亚马逊
CHUCHU_01,2025-07-19,7,独立站
CHUCHU_02,2025-07-19,11,亚马逊
CHUCHU_02,2025-07-19,5,独立站
CHUCHU_03,2025-07-19,22,亚马逊
CHUCHU_03,2025-07-19,9,独立站
CHUCHU_01,2025-07-20,12,亚马逊
CHUCHU_01,2025-07-20,6,独立站
CHUCHU_02,2025-07-20,15,亚马逊
CHUCHU_02,2025-07-20,6,独立站
CHUCHU_03,2025-07-20,20,亚马逊
CHUCHU_03,2025-07-20,8,独立站
CHUCHU_01,2025-07-21,16,亚马逊
CHUCHU_01,2025-07-21,6,独立站
CHUCHU_02,2025-07-21,12,亚马逊
CHUCHU_02,2025-07-21,4,独立站
CHUCHU_03,2025-07-21,23,亚马逊
CHUCHU_03,2025-07-21,9,独立站
CHUCHU_01,2025-07-22,16,亚马逊
CHUCHU_01,2025-07-22,8,独立站
CHUCHU_02,2025-07-22,11,亚马逊
CHUCHU_02,2025-07-22,5,独立站
CHUCHU_03,2025-07-22,26,亚马逊
CHUCHU_03,2025-07-22,8,独立站
CHUCHU_01,2025-07-23,17,亚马逊
CHUCHU_01,2025-07-23,7,独立站
CHUCHU_02,2025-07-23,13,亚马逊
CHUCHU_02,2025-07-23,4,独立站
CHUCHU_03,2025-07-23,27,亚马逊
CHUCHU_03,2025-07-23,13,独立站
CHUCHU_01,2025-07-24,15,亚马逊
CHUCHU_01,2025-07-24,7,独立站
CHUCHU_02,2025-07-24,14,亚马逊
CHUCHU_02,2025-07-24,6,独立站
CHUCHU_03,2025-07-24,22,亚马逊
CHUCHU_03,2025-07-24,9,独立站
CHUCHU_01,2025-07-25,19,亚马逊
CHUCHU_01,2025-07-25,7,独立站
CHUCHU_02,2025-07-25,10,亚马逊
CHUCHU_02,2025-07-25,6,独立站
CHUCHU_03,2025-07-25,20,亚马逊
CHUCHU_03,2025-07-25,8,独立站
CHUCHU_01,2025-07-26,20,亚马逊
CHUCHU_01,2025-07-26,8,独立站
CHUCHU_02,2025-07-26,10,亚马逊
CHUCHU_02,2025-07-26,4,独立站
CHUCHU_03,2025-07-26,21,亚马逊
CHUCHU_03,2025-07-26,11,独立站
CHUCHU_01,2025-07-27,17,亚马逊
CHUCHU_01,2025-07-27,7,独立站
CHUCHU_02,2025-07-27,9,亚马逊
CHUCHU_02,2025-07-27,4,独立站
CHUCHU_03,2025-07-27,22,亚马逊
CHUCHU_03,2025-07-27,8,独立站
CHUCHU_01,2025-07-28,21,亚马逊
CHUCHU_01,2025-07-28,7,独立站
CHUCHU_02,2025-07-28,12,亚马逊
CHUCHU_02,2025-07-28,4,独立站
CHUCHU_03,2025-07-28,22,亚马逊
CHUCHU_03,2025-07-28,12,独立站
CHUCHU_01,2025-07-29,18,亚马逊
CHUCHU_01,2025-07-29,7,独立站
CHUCHU_02,2025-07-29,12,亚马逊
CHUCHU_02,2025-07-29,4,独立站
CHUCHU_03,2025-07-29,22,亚马逊
CHUCHU_03,2025-07-29,9,独立站
CHUCHU_01,2025-07-30,16,亚马逊
CHUCHU_01,2025-07-30,7,独立站
CHUCHU_02,2025-07-30,12,亚马逊
CHUCHU_02,2025-07-30,5,独立站
CHUCHU_03,2025-07-30,23,亚马逊
CHUCHU_03,2025-07-30,8,独立站
CHUCHU_01,2025-07-31,13,亚马逊
CHUCHU_01,2025-07-31,7,独立站
CHUCHU_02,2025-07-31,14,亚马逊
CHUCHU_02,2025-07-31,5,独立站
CHUCHU_03,2025-07-31,25,亚马逊
CHUCHU_03,2025-07-31,11,独立站
CHUCHU_01,2025-08-01,18,亚马逊
CHUCHU_01,2025-08-01,7,独立站
CHUCHU_02,2025-08-01,9,亚马逊
CHUCHU_02,2025-08-01,3,独立站
CHUCHU_03,2025-08-01,22,亚马逊
CHUCHU_03,2025-08-01,10,独立站
CHUCHU_01,2025-08-02,17,亚马逊
CHUCHU_01,2025-08-02,7,独立站
CHUCHU_02,2025-08-02,10,亚马逊
CHUCHU_02,2025-08-02,3,独立站
CHUCHU_03,2025-08-02,25,亚马逊
CHUCHU_03,2025-08-02,8,独立站
CHUCHU_01,2025-08-03,14,亚马逊
CHUCHU_01,2025-08-03,5,独立站
CHUCHU_02,2025-08-03,9,亚马逊
CHUCHU_02,2025-08-03,4,独立站
CHUCHU_03,2025-08-03,21,亚马逊
CHUCHU_03,2025-08-03,10,独立站
CHUCHU_01,2025-08-04,12,亚马逊
CHUCHU_01,2025-08-04,6,独立站
CHUCHU_02,2025-08-04,10,亚马逊
CHUCHU_02,2025-08-04,4,独立站
CHUCHU_03,2025-08-04,21,亚马逊
CHUCHU_03,2025-08-04,8,独立站
CHUCHU_01,2025-08-05,13,亚马逊
CHUCHU_01,2025-08-05,4,独立站
CHUCHU_02,2025-08-05,8,亚马逊
CHUCHU_02,2025-08-05,3,独立站
CHUCHU_03,2025-08-05,20,亚马逊
CHUCHU_03,2025-08-05,7,独立站
CHUCHU_01,2025-08-06,17,亚马逊
CHUCHU_01,2025-08-06,5,独立站
CHUCHU_02,2025-08-06,10,亚马逊
CHUCHU_02,2025-08-06,5,独立站
CHUCHU_03,2025-08-06,21,亚马逊
CHUCHU_03,2025-08-06,10,独立站
CHUCHU_01,2025-08-07,12,亚马逊
CHUCHU_01,2025-08-07,5,独立站
CHUCHU_02,2025-08-07,9,亚马逊
CHUCHU_02,2025-08-07,4,独立站
CHUCHU_03,2025-08-07,22,亚马逊
CHUCHU_03,2025-08-07,8,独立站
CHUCHU_01,2025-08-08,12,亚马逊
CHUCHU_01,2025-08-08,6,独立站
CHUCHU_02,2025-08-08,10,亚马逊
CHUCHU_02,2025-08-08,4,独立站
CHUCHU_03,2025-08-08,24,亚马逊
CHUCHU_03,2025-08-08,10,独立站
CHUCHU_01,2025-08-09,11,亚马逊
CHUCHU_01,2025-08-09,5,独立站
CHUCHU_02,2025-08-09,12,亚马逊
CHUCHU_02,2025-08-09,4,独立站
CHUCHU_03,2025-08-09,23,亚马逊
CHUCHU_03,2025-08-09,10,独立站
CHUCHU_01,2025-08-10,16,亚马逊
CHUCHU_01,2025-08-10,6,独立站
CHUCHU_02,2025-08-10,9,亚马逊
CHUCHU_02,2025-08-10,5,独立站
CHUCHU_03,2025-08-10,22,亚马逊
CHUCHU_03,2025-08-10,8,独立站
CHUCHU_01,2025-08-11,13,亚马逊
CHUCHU_01,2025-08-11,5,独立站
CHUCHU_02,2025-08-11,13,亚马逊
CHUCHU_02,2025-08-11,6,独立站
CHUCHU_03,2025-08-11,20,亚马逊
CHUCHU_03,2025-08-11,8,独立站
CHUCHU_01,2025-08-12,14,亚马逊
CHUCHU_01,2025-08-12,7,独立站
CHUCHU_02,2025-08-12,11,亚马逊
CHUCHU_02,2025-08-12,5,独立站
CHUCHU_03,2025-08-12,19,亚马逊
CHUCHU_03,2025-08-12,9,独立站
CHUCHU_01,2025-08-13,15,亚马逊
CHUCHU_01,2025-08-13,5,独立站
CHUCHU_02,2025-08-13,10,亚马逊
CHUCHU_02,2025-08-13,4,独立站
CHUCHU_03,2025-08-13,16,亚马逊
CHUCHU_03,2025-08-13,9,独立站
CHUCHU_01,2025-08-14,14,亚马逊
CHUCHU_01,2025-08-14,7,独立站
CHUCHU_02,2025-08-14,12,亚马逊
CHUCHU_02,2025-08-14,5,独立站
CHUCHU_03,2025-08-14,18,亚马逊
CHUCHU_03,2025-08-14,8,独立站
CHUCHU_01,2025-08-15,13,亚马逊
CHUCHU_01,2025-08-15,6,独立站
CHUCHU_02,2025-08-15,9,亚马逊
CHUCHU_02,2025-08-15,3,独立站
CHUCHU_03,2025-08-15,17,亚马逊
CHUCHU_03,2025-08-15,9,独立站
CHUCHU_01,2025-08-16,19,亚马逊
CHUCHU_01,2025-08-16,7,独立站
CHUCHU_02,2025-08-16,11,亚马逊
CHUCHU_02,2025-08-16,4,独立站
CHUCHU_03,2025-08-16,20,亚马逊
CHUCHU_03,2025-08-16,7,独立站
CHUCHU_01,2025-08-17,15,亚马逊
CHUCHU_01,2025-08-17,6,独立站
CHUCHU_02,2025-08-17,11,亚马逊
CHUCHU_02,2025-08-17,4,独立站
CHUCHU_03,2025-08-17,25,亚马逊
CHUCHU_03,2025-08-17,9,独立站
CHUCHU_01,2025-08-18,13,亚马逊
CHUCHU_01,2025-08-18,4,独立站
CHUCHU_02,2025-08-18,11,亚马逊
CHUCHU_02,2025-08-18,4,独立站
CHUCHU_03,2025-08-18,24,亚马逊
CHUCHU_03,2025-08-18,10,独立站
CHUCHU_01,2025-08-19,11,亚马逊
CHUCHU_01,2025-08-19,4,独立站
CHUCHU_02,2025-08-19,10,亚马逊
CHUCHU_02,2025-08-19,3,独立站
CHUCHU_03,2025-08-19,21,亚马逊
CHUCHU_03,2025-08-19,9,独立站
CHUCHU_01,2025-08-20,12,亚马逊
CHUCHU_01,2025-08-20,6,独立站
CHUCHU_02,2025-08-20,10,亚马逊
CHUCHU_02,2025-08-20,4,独立站
CHUCHU_03,2025-08-20,17,亚马逊
CHUCHU_03,2025-08-20,8,独立站
CHUCHU_01,2025-08-21,14,亚马逊
CHUCHU_01,2025-08-21,7,独立站
CHUCHU_02,2025-08-21,8,亚马逊
CHUCHU_02,2025-08-21,3,独立站
CHUCHU_03,2025-08-21,21,亚马逊
CHUCHU_03,2025-08-21,8,独立站
CHUCHU_01,2025-08-22,14,亚马逊
CHUCHU_01,2025-08-22,6,独立站
CHUCHU_02,2025-08-22,10,亚马逊
CHUCHU_02,2025-08-22,4,独立站
CHUCHU_03,2025-08-22,24,亚马逊
CHUCHU_03,2025-08-22,9,独立站
CHUCHU_01,2025-08-23,12,亚马逊
CHUCHU_01,2025-08-23,6,独立站
CHUCHU_02,2025-08-23,7,亚马逊
CHUCHU_02,2025-08-23,3,独立站
CHUCHU_03,2025-08-23,17,亚马逊
CHUCHU_03,2025-08-23,8,独立站
CHUCHU_01,2025-08-24,12,亚马逊
CHUCHU_01,2025-08-24,4,独立站
CHUCHU_02,2025-08-24,11,亚马逊
CHUCHU_02,2025-08-24,4,独立站
CHUCHU_03,2025-08-24,24,亚马逊
CHUCHU_03,2025-08-24,9,独立站
CHUCHU_01,2025-08-25,16,亚马逊
CHUCHU_01,2025-08-25,6,独立站
CHUCHU_02,2025-08-25,11,亚马逊
CHUCHU_02,2025-08-25,4,独立站
CHUCHU_03,2025-08-25,17,亚马逊
CHUCHU_03,2025-08-25,9,独立站
CHUCHU_01,2025-08-26,13,亚马逊
CHUCHU_01,2025-08-26,6,独立站
CHUCHU_02,2025-08-26,9,亚马逊
CHUCHU_02,2025-08-26,4,独立站
CHUCHU_03,2025-08-26,21,亚马逊
CHUCHU_03,2025-08-26,8,独立站
CHUCHU_01,2025-08-27,16,亚马逊
CHUCHU_01,2025-08-27,6,独立站
CHUCHU_02,2025-08-27,9,亚马逊
CHUCHU_02,2025-08-27,4,独立站
CHUCHU_03,2025-08-27,20,亚马逊
CHUCHU_03,2025-08-27,9,独立站
CHUCHU_01,2025-08-28,14,亚马逊
CHUCHU_01,2025-08-28,5,独立站
CHUCHU_02,2025-08-28,9,亚马逊
CHUCHU_02,2025-08-28,4,独立站
CHUCHU_03,2025-08-28,20,亚马逊
CHUCHU_03,2025-08-28,10,独立站
CHUCHU_01,2025-08-29,18,亚马逊
CHUCHU_01,2025-08-29,6,独立站
CHUCHU_02,2025-08-29,9,亚马逊
CHUCHU_02,2025-08-29,3,独立站
CHUCHU_03,2025-08-29,15,亚马逊
CHUCHU_03,2025-08-29,8,独立站
CHUCHU_01,2025-08-30,16,亚马逊
CHUCHU_01,2025-08-30,6,独立站
CHUCHU_02,2025-08-30,10,亚马逊
CHUCHU_02,2025-08-30,4,独立站
CHUCHU_03,2025-08-30,24,亚马逊
CHUCHU_03,2025-08-30,9,独立站
CHUCHU_01,2025-08-31,14,亚马逊
CHUCHU_01,2025-08-31,6,独立站
CHUCHU_02,2025-08-31,10,亚马逊
CHUCHU_02,2025-08-31,4,独立站
CHUCHU_03,2025-08-31,21,亚马逊
CHUCHU_03,2025-08-31,10,独立站
CHUCHU_01,2025-09-01,13,亚马逊
CHUCHU_01,2025-09-01,6,独立站
CHUCHU_02,2025-09-01,9,亚马逊
CHUCHU_02,2025-09-01,3,独立站
CHUCHU_03,2025-09-01,18,亚马逊
CHUCHU_03,2025-09-01,9,独立站
CHUCHU_01,2025-09-02,17,亚马逊
CHUCHU_01,2025-09-02,6,独立站
CHUCHU_02,2025-09-02,11,亚马逊
CHUCHU_02,2025-09-02,3,独立站
CHUCHU_03,2025-09-02,21,亚马逊
CHUCHU_03,2025-09-02,9,独立站
CHUCHU_01,2025-09-03,11,亚马逊
CHUCHU_01,2025-09-03,5,独立站
CHUCHU_02,2025-09-03,7,亚马逊
CHUCHU_02,2025-09-03,4,独立站
CHUCHU_03,2025-09-03,11,亚马逊
CHUCHU_03,2025-09-03,5,独立站
CHUCHU_01,2025-09-04,11,亚马逊
CHUCHU_01,2025-09-04,4,独立站
CHUCHU_02,2025-09-04,10,亚马逊
CHUCHU_02,2025-09-04,4,独立站
CHUCHU_03,2025-09-04,17,亚马逊
CHUCHU_03,2025-09-04,6,独立站
CHUCHU_01,2025-09-05,14,亚马逊
CHUCHU_01,2025-09-05,6,独立站
CHUCHU_02,2025-09-05,8,亚马逊
CHUCHU_02,2025-09-05,4,独立站
CHUCHU_03,2025-09-05,17,亚马逊
CHUCHU_03,2025-09-05,8,独立站
CHUCHU_01,2025-09-06,11,亚马逊
CHUCHU_01,2025-09-06,5,独立站
CHUCHU_02,2025-09-06,10,亚马逊
CHUCHU_02,2025-09-06,3,独立站
CHUCHU_03,2025-09-06,20,亚马逊
CHUCHU_03,2025-09-06,6,独立站
CHUCHU_01,2025-09-07,13,亚马逊
CHUCHU_01,2025-09-07,4,独立站
CHUCHU_02,2025-09-07,8,亚马逊
CHUCHU_02,2025-09-07,3,独立站
CHUCHU_03,2025-09-07,21,亚马逊
CHUCHU_03,2025-09-07,8,独立站
CHUCHU_01,2025-09-08,12,亚马逊
CHUCHU_01,2025-09-08,6,独立站
CHUCHU_02,2025-09-08,10,亚马逊
CHUCHU_02,2025-09-08,3,独立站
CHUCHU_03,2025-09-08,17,亚马逊
CHUCHU_03,2025-09-08,7,独立站
CHUCHU_01,2025-09-09,11,亚马逊
CHUCHU_01,2025-09-09,5,独立站
CHUCHU_02,2025-09-09,9,亚马逊
CHUCHU_02,2025-09-09,4,独立站
CHUCHU_03,2025-09-09,20,亚马逊
CHUCHU_03,2025-09-09,7,独立站
CHUCHU_01,2025-09-10,13,亚马逊
CHUCHU_01,2025-09-10,5,独立站
CHUCHU_02,2025-09-10,5,亚马逊
CHUCHU_02,2025-09-10,2,独立站
CHUCHU_03,2025-09-10,21,亚马逊
CHUCHU_03,2025-09-10,11,独立站
CHUCHU_01,2025-09-11,12,亚马逊
CHUCHU_01,2025-09-11,5,独立站
CHUCHU_02,2025-09-11,10,亚马逊
CHUCHU_02,2025-09-11,3,独立站
CHUCHU_03,2025-09-11,15,亚马逊
CHUCHU_03,2025-09-11,7,独立站
CHUCHU_01,2025-09-12,14,亚马逊
CHUCHU_01,2025-09-12,5,独立站
CHUCHU_02,2025-09-12,6,亚马逊
CHUCHU_02,2025-09-12,3,独立站
CHUCHU_03,2025-09-12,14,亚马逊
CHUCHU_03,2025-09-12,6,独立站
CHUCHU_01,2025-09-13,12,亚马逊
CHUCHU_01,2025-09-13,4,独立站
CHUCHU_02,2025-09-13,9,亚马逊
CHUCHU_02,2025-09-13,4,独立站
CHUCHU_03,2025-09-13,15,亚马逊
CHUCHU_03,2025-09-13,8,独立站
CHUCHU_01,2025-09-14,13,亚马逊
CHUCHU_01,2025-09-14,6,独立站
CHUCHU_02,2025-09-14,8,亚马逊
CHUCHU_02,2025-09-14,4,独立站
CHUCHU_03,2025-09-14,18,亚马逊
CHUCHU_03,2025-09-14,6,独立站
CHUCHU_01,2025-09-15,12,亚马逊
CHUCHU_01,2025-09-15,6,独立站
CHUCHU_02,2025-09-15,10,亚马逊
CHUCHU_02,2025-09-15,3,独立站
CHUCHU_03,2025-09-15,17,亚马逊
CHUCHU_03,2025-09-15,8,独立站
CHUCHU_01,2025-09-16,12,亚马逊
CHUCHU_01,2025-09-16,5,独立站
CHUCHU_02,2025-09-16,6,亚马逊
CHUCHU_02,2025-09-16,3,独立站
CHUCHU_03,2025-09-16,19,亚马逊
CHUCHU_03,2025-09-16,7,独立站
CHUCHU_01,2025-09-17,12,亚马逊
CHUCHU_01,2025-09-17,5,独立站
CHUCHU_02,2025-09-17,10,亚马逊
CHUCHU_02,2025-09-17,3,独立站
CHUCHU_03,2025-09-17,14,亚马逊
CHUCHU_03,2025-09-17,6,独立站
CHUCHU_01,2025-09-18,14,亚马逊
CHUCHU_01,2025-09-18,6,独立站
CHUCHU_02,2025-09-18,9,亚马逊
CHUCHU_02,2025-09-18,3,独立站
CHUCHU_03,2025-09-18,17,亚马逊
CHUCHU_03,2025-09-18,7,独立站
CHUCHU_01,2025-09-19,14,亚马逊
CHUCHU_01,2025-09-19,6,独立站
CHUCHU_02,2025-09-19,9,亚马逊
CHUCHU_02,2025-09-19,3,独立站
CHUCHU_03,2025-09-19,20,亚马逊
CHUCHU_03,2025-09-19,8,独立站
CHUCHU_01,2025-09-20,13,亚马逊
CHUCHU_01,2025-09-20,6,独立站
CHUCHU_02,2025-09-20,8,亚马逊
CHUCHU_02,2025-09-20,3,独立站
CHUCHU_03,2025-09-20,15,亚马逊
CHUCHU_03,2025-09-20,7,独立站
CHUCHU_01,2025-09-21,10,亚马逊
CHUCHU_01,2025-09-21,5,独立站
CHUCHU_02,2025-09-21,7,亚马逊
CHUCHU_02,2025-09-21,4,独立站
CHUCHU_03,2025-09-21,17,亚马逊
CHUCHU_03,2025-09-21,7,独立站
CHUCHU_01,2025-09-22,10,亚马逊
CHUCHU_01,2025-09-22,4,独立站
CHUCHU_02,2025-09-22,9,亚马逊
CHUCHU_02,2025-09-22,3,独立站
CHUCHU_03,2025-09-22,14,亚马逊
CHUCHU_03,2025-09-22,6,独立站
CHUCHU_01,2025-09-23,15,亚马逊
CHUCHU_01,2025-09-23,6,独立站
CHUCHU_02,2025-09-23,7,亚马逊
CHUCHU_02,2025-09-23,3,独立站
CHUCHU_03,2025-09-23,17,亚马逊
CHUCHU_03,2025-09-23,7,独立站
CHUCHU_01,2025-09-24,13,亚马逊
CHUCHU_01,2025-09-24,5,独立站
CHUCHU_02,2025-09-24,9,亚马逊
CHUCHU_02,2025-09-24,5,独立站
CHUCHU_03,2025-09-24,16,亚马逊
CHUCHU_03,2025-09-24,6,独立站
CHUCHU_01,2025-09-25,11,亚马逊
CHUCHU_01,2025-09-25,4,独立站
CHUCHU_02,2025-09-25,8,亚马逊
CHUCHU_02,2025-09-25,3,独立站
CHUCHU_03,2025-09-25,14,亚马逊
CHUCHU_03,2025-09-25,6,独立站
CHUCHU_01,2025-09-26,12,亚马逊
CHUCHU_01,2025-09-26,5,独立站
CHUCHU_02,2025-09-26,7,亚马逊
CHUCHU_02,2025-09-26,3,独立站
CHUCHU_03,2025-09-26,16,亚马逊
CHUCHU_03,2025-09-26,9,独立站
CHUCHU_01,2025-09-27,12,亚马逊
CHUCHU_01,2025-09-27,4,独立站
CHUCHU_02,2025-09-27,9,亚马逊
CHUCHU_02,2025-09-27,3,独立站
CHUCHU_03,2025-09-27,18,亚马逊
CHUCHU_03,2025-09-27,8,独立站
CHUCHU_01,2025-09-28,17,亚马逊
CHUCHU_01,2025-09-28,7,独立站
CHUCHU_02,2025-09-28,11,亚马逊
CHUCHU_02,2025-09-28,3,独立站
CHUCHU_03,2025-09-28,23,亚马逊
CHUCHU_03,2025-09-28,9,独立站
CHUCHU_01,2025-09-29,12,亚马逊
CHUCHU_01,2025-09-29,6,独立站
CHUCHU_02,2025-09-29,8,亚马逊
CHUCHU_02,2025-09-29,3,独立站
CHUCHU_03,2025-09-29,17,亚马逊
CHUCHU_03,2025-09-29,6,独立站
CHUCHU_01,2025-09-30,15,亚马逊
CHUCHU_01,2025-09-30,6,独立站
CHUCHU_02,2025-09-30,7,亚马逊
CHUCHU_02,2025-09-30,2,独立站
CHUCHU_03,2025-09-30,20,亚马逊
CHUCHU_03,2025-09-30,6,独立站
CHUCHU_01,2025-10-01,13,亚马逊
CHUCHU_01,2025-10-01,6,独立站
CHUCHU_02,2025-10-01,7,亚马逊
CHUCHU_02,2025-10-01,3,独立站
CHUCHU_03,2025-10-01,17,亚马逊
CHUCHU_03,2025-10-01,7,独立站
CHUCHU_01,2025-10-02,13,亚马逊
CHUCHU_01,2025-10-02,4,独立站
CHUCHU_02,2025-10-02,7,亚马逊
CHUCHU_02,2025-10-02,3,独立站
CHUCHU_03,2025-10-02,17,亚马逊
CHUCHU_03,2025-10-02,8,独立站
CHUCHU_01,2025-10-03,15,亚马逊
CHUCHU_01,2025-10-03,5,独立站
CHUCHU_02,2025-10-03,7,亚马逊
CHUCHU_02,2025-10-03,3,独立站
CHUCHU_03,2025-10-03,21,亚马逊
CHUCHU_03,2025-10-03,7,独立站
CHUCHU_01,2025-10-04,12,亚马逊
CHUCHU_01,2025-10-04,4,独立站
CHUCHU_02,2025-10-04,9,亚马逊
CHUCHU_02,2025-10-04,3,独立站
CHUCHU_03,2025-10-04,20,亚马逊
CHUCHU_03,2025-10-04,8,独立站
CHUCHU_01,2025-10-05,12,亚马逊
CHUCHU_01,2025-10-05,5,独立站
CHUCHU_02,2025-10-05,9,亚马逊
CHUCHU_02,2025-10-05,4,独立站
CHUCHU_03,2025-10-05,19,亚马逊
CHUCHU_03,2025-10-05,7,独立站
CHUCHU_01,2025-10-06,14,亚马逊
CHUCHU_01,2025-10-06,5,独立站
CHUCHU_02,2025-10-06,8,亚马逊
CHUCHU_02,2025-10-06,3,独立站
CHUCHU_03,2025-10-06,18,亚马逊
CHUCHU_03,2025-10-06,7,独立站
CHUCHU_01,2025-10-07,14,亚马逊
CHUCHU_01,2025-10-07,6,独立站
CHUCHU_02,2025-10-07,8,亚马逊
CHUCHU_02,2025-10-07,3,独立站
CHUCHU_03,2025-10-07,16,亚马逊
CHUCHU_03,2025-10-07,8,独立站
CHUCHU_01,2025-10-08,12,亚马逊
CHUCHU_01,2025-10-08,6,独立站
CHUCHU_02,2025-10-08,10,亚马逊
CHUCHU_02,2025-10-08,4,独立站
CHUCHU_03,2025-10-08,12,亚马逊
CHUCHU_03,2025-10-08,6,独立站
CHUCHU_01,2025-10-09,12,亚马逊
CHUCHU_01,2025-10-09,5,独立站
CHUCHU_02,2025-10-09,7,亚马逊
CHUCHU_02,2025-10-09,3,独立站
CHUCHU_03,2025-10-09,18,亚马逊
CHUCHU_03,2025-10-09,7,独立站
CHUCHU_01,2025-10-10,10,亚马逊
CHUCHU_01,2025-10-10,5,独立站
CHUCHU_02,2025-10-10,9,亚马逊
CHUCHU_02,2025-10-10,4,独立站
CHUCHU_03,2025-10-10,15,亚马逊
CHUCHU_03,2025-10-10,5,独立站
CHUCHU_01,2025-10-11,13,亚马逊
CHUCHU_01,2025-10-11,6,独立站
CHUCHU_02,2025-10-11,8,亚马逊
CHUCHU_02,2025-10-11,3,独立站
CHUCHU_03,2025-10-11,14,亚马逊
CHUCHU_03,2025-10-11,5,独立站
CHUCHU_01,2025-10-12,15,亚马逊
CHUCHU_01,2025-10-12,5,独立站
CHUCHU_02,2025-10-12,9,亚马逊
CHUCHU_02,2025-10-12,4,独立站
CHUCHU_03,2025-10-12,21,亚马逊
CHUCHU_03,2025-10-12,9,独立站
CHUCHU_01,2025-10-13,13,亚马逊
CHUCHU_01,2025-10-13,5,独立站
CHUCHU_02,2025-10-13,11,亚马逊
CHUCHU_02,2025-10-13,5,独立站
CHUCHU_03,2025-10-13,15,亚马逊
CHUCHU_03,2025-10-13,7,独立站
CHUCHU_01,2025-10-14,13,亚马逊
CHUCHU_01,2025-10-14,5,独立站
CHUCHU_02,2025-10-14,8,亚马逊
CHUCHU_02,2025-10-14,3,独立站
CHUCHU_03,2025-10-14,13,亚马逊
CHUCHU_03,2025-10-14,6,独立站
CHUCHU_01,2025-10-15,13,亚马逊
CHUCHU_01,2025-10-15,6,独立站
CHUCHU_02,2025-10-15,7,亚马逊
CHUCHU_02,2025-10-15,4,独立站
CHUCHU_03,2025-10-15,15,亚马逊
CHUCHU_03,2025-10-15,6,独立站
CHUCHU_01,2025-10-16,12,亚马逊
CHUCHU_01,2025-10-16,5,独立站
CHUCHU_02,2025-10-16,9,亚马逊
CHUCHU_02,2025-10-16,3,独立站
CHUCHU_03,2025-10-16,16,亚马逊
CHUCHU_03,2025-10-16,8,独立站
CHUCHU_01,2025-10-17,11,亚马逊
CHUCHU_01,2025-10-17,4,独立站
CHUCHU_02,2025-10-17,7,亚马逊
CHUCHU_02,2025-10-17,3,独立站
CHUCHU_03,2025-10-17,17,亚马逊
CHUCHU_03,2025-10-17,6,独立站
CHUCHU_01,2025-10-18,14,亚马逊
CHUCHU_01,2025-10-18,6,独立站
CHUCHU_02,2025-10-18,7,亚马逊
CHUCHU_02,2025-10-18,3,独立站
CHUCHU_03,2025-10-18,18,亚马逊
CHUCHU_03,2025-10-18,6,独立站
CHUCHU_01,2025-10-19,13,亚马逊
CHUCHU_01,2025-10-19,6,独立站
CHUCHU_02,2025-10-19,11,亚马逊
CHUCHU_02,2025-10-19,4,独立站
CHUCHU_03,2025-10-19,19,亚马逊
CHUCHU_03,2025-10-19,9,独立站
CHUCHU_01,2025-10-20,10,亚马逊
CHUCHU_01,2025-10-20,3,独立站
CHUCHU_02,2025-10-20,7,亚马逊
CHUCHU_02,2025-10-20,3,独立站
CHUCHU_03,2025-10-20,16,亚马逊
CHUCHU_03,2025-10-20,7,独立站
CHUCHU_01,2025-10-21,13,亚马逊
CHUCHU_01,2025-10-21,4,独立站
CHUCHU_02,2025-10-21,8,亚马逊
CHUCHU_02,2025-10-21,3,独立站
CHUCHU_03,2025-10-21,18,亚马逊
CHUCHU_03,2025-10-21,8,独立站
CHUCHU_01,2025-10-22,14,亚马逊
CHUCHU_01,2025-10-22,6,独立站
CHUCHU_02,2025-10-22,8,亚马逊
CHUCHU_02,2025-10-22,3,独立站
CHUCHU_03,2025-10-22,15,亚马逊
CHUCHU_03,2025-10-22,6,独立站
CHUCHU_01,2025-10-23,13,亚马逊
CHUCHU_01,2025-10-23,4,独立站
CHUCHU_02,2025-10-23,9,亚马逊
CHUCHU_02,2025-10-23,3,独立站
CHUCHU_03,2025-10-23,14,亚马逊
CHUCHU_03,2025-10-23,6,独立站
CHUCHU_01,2025-10-24,10,亚马逊
CHUCHU_01,2025-10-24,4,独立站
CHUCHU_02,2025-10-24,11,亚马逊
CHUCHU_02,2025-10-24,3,独立站
CHUCHU_03,2025-10-24,16,亚马逊
CHUCHU_03,2025-10-24,8,独立站
CHUCHU_01,2025-10-25,11,亚马逊
CHUCHU_01,2025-10-25,4,独立站
CHUCHU_02,2025-10-25,7,亚马逊
CHUCHU_02,2025-10-25,3,独立站
CHUCHU_03,2025-10-25,18,亚马逊
CHUCHU_03,2025-10-25,8,独立站
CHUCHU_01,2025-10-26,11,亚马逊
CHUCHU_01,2025-10-26,6,独立站
CHUCHU_02,2025-10-26,10,亚马逊
CHUCHU_02,2025-10-26,4,独立站
CHUCHU_03,2025-10-26,16,亚马逊
CHUCHU_03,2025-10-26,6,独立站
CHUCHU_01,2025-10-27,14,亚马逊
CHUCHU_01,2025-10-27,4,独立站
CHUCHU_02,2025-10-27,8,亚马逊
CHUCHU_02,2025-10-27,2,独立站
CHUCHU_03,2025-10-27,14,亚马逊
CHUCHU_03,2025-10-27,7,独立站
CHUCHU_01,2025-10-28,14,亚马逊
CHUCHU_01,2025-10-28,6,独立站
CHUCHU_02,2025-10-28,9,亚马逊
CHUCHU_02,2025-10-28,3,独立站
CHUCHU_03,2025-10-28,18,亚马逊
CHUCHU_03,2025-10-28,8,独立站
CHUCHU_01,2025-10-29,12,亚马逊
CHUCHU_01,2025-10-29,5,独立站
CHUCHU_02,2025-10-29,10,亚马逊
CHUCHU_02,2025-10-29,3,独立站
CHUCHU_03,2025-10-29,16,亚马逊
CHUCHU_03,2025-10-29,6,独立站
CHUCHU_01,2025-10-30,11,亚马逊
CHUCHU_01,2025-10-30,5,独立站
CHUCHU_02,2025-10-30,11,亚马逊
CHUCHU_02,2025-10-30,5,独立站
CHUCHU_03,2025-10-30,18,亚马逊
CHUCHU_03,2025-10-30,7,独立站
CHUCHU_01,2025-10-31,12,亚马逊
CHUCHU_01,2025-10-31,4,独立站
CHUCHU_02,2025-10-31,6,亚马逊
CHUCHU_02,2025-10-31,3,独立站
CHUCHU_03,2025-10-31,13,亚马逊
CHUCHU_03,2025-10-31,6,独立站
CHUCHU_01,2025-11-01,14,亚马逊
CHUCHU_01,2025-11-01,6,独立站
CHUCHU_02,2025-11-01,11,亚马逊
CHUCHU_02,2025-11-01,4,独立站
CHUCHU_03,2025-11-01,22,亚马逊
CHUCHU_03,2025-11-01,7,独立站
CHUCHU_01,2025-11-02,12,亚马逊
CHUCHU_01,2025-11-02,5,独立站
CHUCHU_02,2025-11-02,9,亚马逊
CHUCHU_02,2025-11-02,3,独立站
CHUCHU_03,2025-11-02,19,亚马逊
CHUCHU_03,2025-11-02,7,独立站
CHUCHU_01,2025-11-03,14,亚马逊
CHUCHU_01,2025-11-03,5,独立站
CHUCHU_02,2025-11-03,8,亚马逊
CHUCHU_02,2025-11-03,3,独立站
CHUCHU_03,2025-11-03,15,亚马逊
CHUCHU_03,2025-11-03,6,独立站
CHUCHU_01,2025-11-04,16,亚马逊
CHUCHU_01,2025-11-04,6,独立站
CHUCHU_02,2025-11-04,11,亚马逊
CHUCHU_02,2025-11-04,5,独立站
CHUCHU_03,2025-11-04,20,亚马逊
CHUCHU_03,2025-11-04,7,独立站
CHUCHU_01,2025-11-05,15,亚马逊
CHUCHU_01,2025-11-05,5,独立站
CHUCHU_02,2025-11-05,9,亚马逊
CHUCHU_02,2025-11-05,3,独立站
CHUCHU_03,2025-11-05,17,亚马逊
CHUCHU_03,2025-11-05,8,独立站
CHUCHU_01,2025-11-06,12,亚马逊
CHUCHU_01,2025-11-06,5,独立站
CHUCHU_02,2025-11-06,9,亚马逊
CHUCHU_02,2025-11-06,3,独立站
CHUCHU_03,2025-11-06,18,亚马逊
CHUCHU_03,2025-11-06,6,独立站
CHUCHU_01,2025-11-07,14,亚马逊
CHUCHU_01,2025-11-07,6,独立站
CHUCHU_02,2025-11-07,10,亚马逊
CHUCHU_02,2025-11-07,4,独立站
CHUCHU_03,2025-11-07,20,亚马逊
CHUCHU_03,2025-11-07,7,独立站
CHUCHU_01,2025-11-08,18,亚马逊
CHUCHU_01,2025-11-08,7,独立站
CHUCHU_02,2025-11-08,9,亚马逊
CHUCHU_02,2025-11-08,4,独立站
CHUCHU_03,2025-11-08,17,亚马逊
CHUCHU_03,2025-11-08,8,独立站
CHUCHU_01,2025-11-09,14,亚马逊
CHUCHU_01,2025-11-09,6,独立站
CHUCHU_02,2025-11-09,8,亚马逊
CHUCHU_02,2025-11-09,3,独立站
CHUCHU_03,2025-11-09,15,亚马逊
CHUCHU_03,2025-11-09,7,独立站
CHUCHU_01,2025-11-10,11,亚马逊
CHUCHU_01,2025-11-10,5,独立站
CHUCHU_02,2025-11-10,9,亚马逊
CHUCHU_02,2025-11-10,3,独立站
CHUCHU_03,2025-11-10,16,亚马逊
CHUCHU_03,2025-11-10,8,独立站
CHUCHU_01,2025-11-11,13,亚马逊
CHUCHU_01,2025-11-11,6,独立站
CHUCHU_02,2025-11-11,8,亚马逊
CHUCHU_02,2025-11-11,3,独立站
CHUCHU_03,2025-11-11,19,亚马逊
CHUCHU_03,2025-11-11,7,独立站
CHUCHU_01,2025-11-12,11,亚马逊
CHUCHU_01,2025-11-12,5,独立站
CHUCHU_02,2025-11-12,7,亚马逊
CHUCHU_02,2025-11-12,3,独立站
CHUCHU_03,2025-11-12,21,亚马逊
CHUCHU_03,2025-11-12,8,独立站
CHUCHU_01,2025-11-13,14,亚马逊
CHUCHU_01,2025-11-13,4,独立站
CHUCHU_02,2025-11-13,9,亚马逊
CHUCHU_02,2025-11-13,4,独立站
CHUCHU_03,2025-11-13,19,亚马逊
CHUCHU_03,2025-11-13,6,独立站
CHUCHU_01,2025-11-14,14,亚马逊
CHUCHU_01,2025-11-14,6,独立站
CHUCHU_02,2025-11-14,11,亚马逊
CHUCHU_02,2025-11-14,4,独立站
CHUCHU_03,2025-11-14,21,亚马逊
CHUCHU_03,2025-11-14,7,独立站
CHUCHU_01,2025-11-15,15,亚马逊
CHUCHU_01,2025-11-15,6,独立站
CHUCHU_02,2025-11-15,9,亚马逊
CHUCHU_02,2025-11-15,4,独立站
CHUCHU_03,2025-11-15,19,亚马逊
CHUCHU_03,2025-11-15,9,独立站
CHUCHU_01,2025-11-16,12,亚马逊
CHUCHU_01,2025-11-16,5,独立站
CHUCHU_02,2025-11-16,11,亚马逊
CHUCHU_02,2025-11-16,4,独立站
CHUCHU_03,2025-11-16,17,亚马逊
CHUCHU_03,2025-11-16,8,独立站
CHUCHU_01,2025-11-17,13,亚马逊
CHUCHU_01,2025-11-17,4,独立站
CHUCHU_02,2025-11-17,9,亚马逊
CHUCHU_02,2025-11-17,3,独立站
CHUCHU_03,2025-11-17,16,亚马逊
CHUCHU_03,2025-11-17,6,独立站
CHUCHU_01,2025-11-18,15,亚马逊
CHUCHU_01,2025-11-18,6,独立站
CHUCHU_02,2025-11-18,8,亚马逊
CHUCHU_02,2025-11-18,3,独立站
CHUCHU_03,2025-11-18,16,亚马逊
CHUCHU_03,2025-11-18,7,独立站
CHUCHU_01,2025-11-19,15,亚马逊
CHUCHU_01,2025-11-19,7,独立站
CHUCHU_02,2025-11-19,10,亚马逊
CHUCHU_02,2025-11-19,3,独立站
CHUCHU_03,2025-11-19,18,亚马逊
CHUCHU_03,2025-11-19,7,独立站
CHUCHU_01,2025-11-20,9,亚马逊
CHUCHU_01,2025-11-20,4,独立站
CHUCHU_02,2025-11-20,11,亚马逊
CHUCHU_02,2025-11-20,3,独立站
CHUCHU_03,2025-11-20,20,亚马逊
CHUCHU_03,2025-11-20,8,独立站
CHUCHU_01,2025-11-21,13,亚马逊
CHUCHU_01,2025-11-21,6,独立站
CHUCHU_02,2025-11-21,9,亚马逊
CHUCHU_02,2025-11-21,3,独立站
CHUCHU_03,2025-11-21,16,亚马逊
CHUCHU_03,2025-11-21,8,独立站
CHUCHU_01,2025-11-22,15,亚马逊
CHUCHU_01,2025-11-22,5,独立站
CHUCHU_02,2025-11-22,8,亚马逊
CHUCHU_02,2025-11-22,3,独立站
CHUCHU_03,2025-11-22,20,亚马逊
CHUCHU_03,2025-11-22,6,独立站
CHUCHU_01,2025-11-23,13,亚马逊
CHUCHU_01,2025-11-23,5,独立站
CHUCHU_02,2025-11-23,7,亚马逊
CHUCHU_02,2025-11-23,3,独立站
CHUCHU_03,2025-11-23,21,亚马逊
CHUCHU_03,2025-11-23,7,独立站
CHUCHU_01,2025-11-24,14,亚马逊
CHUCHU_01,2025-11-24,6,独立站
CHUCHU_02,2025-11-24,8,亚马逊
CHUCHU_02,2025-11-24,3,独立站
CHUCHU_03,2025-11-24,16,亚马逊
CHUCHU_03,2025-11-24,7,独立站
CHUCHU_01,2025-11-25,13,亚马逊
CHUCHU_01,2025-11-25,6,独立站
CHUCHU_02,2025-11-25,8,亚马逊
CHUCHU_02,2025-11-25,3,独立站
CHUCHU_03,2025-11-25,17,亚马逊
CHUCHU_03,2025-11-25,5,独立站
CHUCHU_01,2025-11-26,10,亚马逊
CHUCHU_01,2025-11-26,5,独立站
CHUCHU_02,2025-11-26,7,亚马逊
CHUCHU_02,2025-11-26,4,独立站
CHUCHU_03,2025-11-26,20,亚马逊
CHUCHU_03,2025-11-26,8,独立站
CHUCHU_01,2025-11-27,19,亚马逊
CHUCHU_01,2025-11-27,8,独立站
CHUCHU_02,2025-11-27,6,亚马逊
CHUCHU_02,2025-11-27,3,独立站
CHUCHU_03,2025-11-27,18,亚马逊
CHUCHU_03,2025-11-27,7,独立站
CHUCHU_01,2025-11-28,14,亚马逊
CHUCHU_01,2025-11-28,4,独立站
CHUCHU_02,2025-11-28,11,亚马逊
CHUCHU_02,2025-11-28,4,独立站
CHUCHU_03,2025-11-28,18,亚马逊
CHUCHU_03,2025-11-28,8,独立站
CHUCHU_01,2025-11-29,12,亚马逊
CHUCHU_01,2025-11-29,4,独立站
CHUCHU_02,2025-11-29,6,亚马逊
CHUCHU_02,2025-11-29,3,独立站
CHUCHU_03,2025-11-29,16,亚马逊
CHUCHU_03,2025-11-29,7,独立站
CHUCHU_01,2025-11-30,14,亚马逊
CHUCHU_01,2025-11-30,5,独立站
CHUCHU_02,2025-11-30,8,亚马逊
CHUCHU_02,2025-11-30,4,独立站
CHUCHU_03,2025-11-30,23,亚马逊
CHUCHU_03,2025-11-30,7,独立站
CHUCHU_01,2025-12-01,12,亚马逊
CHUCHU_01,2025-12-01,5,独立站
CHUCHU_02,2025-12-01,11,亚马逊
CHUCHU_02,2025-12-01,5,独立站
CHUCHU_03,2025-12-01,21,亚马逊
CHUCHU_03,2025-12-01,8,独立站
CHUCHU_01,2025-12-02,17,亚马逊
CHUCHU_01,2025-12-02,6,独立站
CHUCHU_02,2025-12-02,11,亚马逊
CHUCHU_02,2025-12-02,4,独立站
CHUCHU_03,2025-12-02,22,亚马逊
CHUCHU_03,2025-12-02,8,独立站
CHUCHU_01,2025-12-03,17,亚马逊
CHUCHU_01,2025-12-03,7,独立站
CHUCHU_02,2025-12-03,8,亚马逊
CHUCHU_02,2025-12-03,3,独立站
CHUCHU_03,2025-12-03,22,亚马逊
CHUCHU_03,2025-12-03,10,独立站
CHUCHU_01,2025-12-04,15,亚马逊
CHUCHU_01,2025-12-04,5,独立站
CHUCHU_02,2025-12-04,12,亚马逊
CHUCHU_02,2025-12-04,4,独立站
CHUCHU_03,2025-12-04,20,亚马逊
CHUCHU_03,2025-12-04,9,独立站
CHUCHU_01,2025-12-05,12,亚马逊
CHUCHU_01,2025-12-05,6,独立站
CHUCHU_02,2025-12-05,9,亚马逊
CHUCHU_02,2025-12-05,3,独立站
CHUCHU_03,2025-12-05,26,亚马逊
CHUCHU_03,2025-12-05,10,独立站
CHUCHU_01,2025-12-06,14,亚马逊
CHUCHU_01,2025-12-06,7,独立站
CHUCHU_02,2025-12-06,9,亚马逊
CHUCHU_02,2025-12-06,4,独立站
CHUCHU_03,2025-12-06,20,亚马逊
CHUCHU_03,2025-12-06,10,独立站
CHUCHU_01,2025-12-07,15,亚马逊
CHUCHU_01,2025-12-07,5,独立站
CHUCHU_02,2025-12-07,11,亚马逊
CHUCHU_02,2025-12-07,5,独立站
CHUCHU_03,2025-12-07,20,亚马逊
CHUCHU_03,2025-12-07,9,独立站
CHUCHU_01,2025-12-08,17,亚马逊
CHUCHU_01,2025-12-08,7,独立站
CHUCHU_02,2025-12-08,10,亚马逊
CHUCHU_02,2025-12-08,3,独立站
CHUCHU_03,2025-12-08,24,亚马逊
CHUCHU_03,2025-12-08,9,独立站
CHUCHU_01,2025-12-09,17,亚马逊
CHUCHU_01,2025-12-09,7,独立站
CHUCHU_02,2025-12-09,10,亚马逊
CHUCHU_02,2025-12-09,4,独立站
CHUCHU_03,2025-12-09,21,亚马逊
CHUCHU_03,2025-12-09,9,独立站
CHUCHU_01,2025-12-10,14,亚马逊
CHUCHU_01,2025-12-10,6,独立站
CHUCHU_02,2025-12-10,10,亚马逊
CHUCHU_02,2025-12-10,3,独立站
CHUCHU_03,2025-12-10,27,亚马逊
CHUCHU_03,2025-12-10,10,独立站
CHUCHU_01,2025-12-11,20,亚马逊
CHUCHU_01,2025-12-11,9,独立站
CHUCHU_02,2025-12-11,11,亚马逊
CHUCHU_02,2025-12-11,4,独立站
CHUCHU_03,2025-12-11,21,亚马逊
CHUCHU_03,2025-12-11,8,独立站
CHUCHU_01,2025-12-12,18,亚马逊
CHUCHU_01,2025-12-12,6,独立站
CHUCHU_02,2025-12-12,9,亚马逊
CHUCHU_02,2025-12-12,4,独立站
CHUCHU_03,2025-12-12,23,亚马逊
CHUCHU_03,2025-12-12,11,独立站
CHUCHU_01,2025-12-13,13,亚马逊
CHUCHU_01,2025-12-13,5,独立站
CHUCHU_02,2025-12-13,13,亚马逊
CHUCHU_02,2025-12-13,4,独立站
CHUCHU_03,2025-12-13,25,亚马逊
CHUCHU_03,2025-12-13,10,独立站
CHUCHU_01,2025-12-14,15,亚马逊
CHUCHU_01,2025-12-14,5,独立站
CHUCHU_02,2025-12-14,8,亚马逊
CHUCHU_02,2025-12-14,3,独立站
CHUCHU_03,2025-12-14,19,亚马逊
CHUCHU_03,2025-12-14,6,独立站
CHUCHU_01,2025-12-15,17,亚马逊
CHUCHU_01,2025-12-15,6,独立站
CHUCHU_02,2025-12-15,11,亚马逊
CHUCHU_02,2025-12-15,5,独立站
CHUCHU_03,2025-12-15,21,亚马逊
CHUCHU_03,2025-12-15,9,独立站
CHUCHU_01,2025-12-16,14,亚马逊
CHUCHU_01,2025-12-16,6,独立站
CHUCHU_02,2025-12-16,9,亚马逊
CHUCHU_02,2025-12-16,3,独立站
CHUCHU_03,2025-12-16,17,亚马逊
CHUCHU_03,2025-12-16,7,独立站
CHUCHU_01,2025-12-17,15,亚马逊
CHUCHU_01,2025-12-17,6,独立站
CHUCHU_02,2025-12-17,10,亚马逊
CHUCHU_02,2025-12-17,4,独立站
CHUCHU_03,2025-12-17,20,亚马逊
CHUCHU_03,2025-12-17,9,独立站
CHUCHU_01,2025-12-18,15,亚马逊
CHUCHU_01,2025-12-18,7,独立站
CHUCHU_02,2025-12-18,9,亚马逊
CHUCHU_02,2025-12-18,5,独立站
CHUCHU_03,2025-12-18,26,亚马逊
CHUCHU_03,2025-12-18,10,独立站
CHUCHU_01,2025-12-19,14,亚马逊
CHUCHU_01,2025-12-19,6,独立站
CHUCHU_02,2025-12-19,11,亚马逊
CHUCHU_02,2025-12-19,5,独立站
CHUCHU_03,2025-12-19,21,亚马逊
CHUCHU_03,2025-12-19,9,独立站
CHUCHU_01,2025-12-20,14,亚马逊
CHUCHU_01,2025-12-20,5,独立站
CHUCHU_02,2025-12-20,11,亚马逊
CHUCHU_02,2025-12-20,4,独立站
CHUCHU_03,2025-12-20,24,亚马逊
CHUCHU_03,2025-12-20,8,独立站
CHUCHU_01,2025-12-21,17,亚马逊
CHUCHU_01,2025-12-21,6,独立站
CHUCHU_02,2025-12-21,10,亚马逊
CHUCHU_02,2025-12-21,3,独立站
CHUCHU_03,2025-12-21,21,亚马逊
CHUCHU_03,2025-12-21,7,独立站
CHUCHU_01,2025-12-22,18,亚马逊
CHUCHU_01,2025-12-22,7,独立站
CHUCHU_02,2025-12-22,11,亚马逊
CHUCHU_02,2025-12-22,5,独立站
CHUCHU_03,2025-12-22,21,亚马逊
CHUCHU_03,2025-12-22,10,独立站
CHUCHU_01,2025-12-23,14,亚马逊
CHUCHU_01,2025-12-23,6,独立站
CHUCHU_02,2025-12-23,10,亚马逊
CHUCHU_02,2025-12-23,4,独立站
CHUCHU_03,2025-12-23,20,亚马逊
CHUCHU_03,2025-12-23,7,独立站
CHUCHU_01,2025-12-24,16,亚马逊
CHUCHU_01,2025-12-24,7,独立站
CHUCHU_02,2025-12-24,11,亚马逊
CHUCHU_02,2025-12-24,5,独立站
CHUCHU_03,2025-12-24,22,亚马逊
CHUCHU_03,2025-12-24,9,独立站
CHUCHU_01,2025-12-25,16,亚马逊
CHUCHU_01,2025-12-25,6,独立站
CHUCHU_02,2025-12-25,11,亚马逊
CHUCHU_02,2025-12-25,6,独立站
CHUCHU_03,2025-12-25,19,亚马逊
CHUCHU_03,2025-12-25,8,独立站
CHUCHU_01,2025-12-26,17,亚马逊
CHUCHU_01,2025-12-26,5,独立站
CHUCHU_02,2025-12-26,9,亚马逊
CHUCHU_02,2025-12-26,4,独立站
CHUCHU_03,2025-12-26,24,亚马逊
CHUCHU_03,2025-12-26,9,独立站
CHUCHU_01,2025-12-27,13,亚马逊
CHUCHU_01,2025-12-27,6,独立站
CHUCHU_02,2025-12-27,11,亚马逊
CHUCHU_02,2025-12-27,4,独立站
CHUCHU_03,2025-12-27,22,亚马逊
CHUCHU_03,2025-12-27,8,独立站
CHUCHU_01,2025-12-28,16,亚马逊
CHUCHU_01,2025-12-28,7,独立站
CHUCHU_02,2025-12-28,12,亚马逊
CHUCHU_02,2025-12-28,4,独立站
CHUCHU_03,2025-12-28,26,亚马逊
CHUCHU_03,2025-12-28,12,独立站
CHUCHU_01,2025-12-29,13,亚马逊
CHUCHU_01,2025-12-29,6,独立站
CHUCHU_02,2025-12-29,7,亚马逊
CHUCHU_02,2025-12-29,4,独立站
CHUCHU_03,2025-12-29,22,亚马逊
CHUCHU_03,2025-12-29,8,独立站
CHUCHU_01,2025-12-30,13,亚马逊
CHUCHU_01,2025-12-30,6,独立站
CHUCHU_02,2025-12-30,11,亚马逊
CHUCHU_02,2025-12-30,4,独立站
CHUCHU_03,2025-12-30,26,亚马逊
CHUCHU_03,2025-12-30,9,独立站
CHUCHU_01,2025-12-31,16,亚马逊
CHUCHU_01,2025-12-31,6,独立站
CHUCHU_02,2025-12-31,12,亚马逊
CHUCHU_02,2025-12-31,4,独立站
CHUCHU_03,2025-12-31,28,亚马逊
CHUCHU_03,2025-12-31,10,独立站
