SKU,日期,销量,渠道
SKU001,2024-01-01,116,亚马逊
SKU001,2024-01-01,48,独立站
SKU002,2024-01-01,62,亚马逊
SKU002,2024-01-01,26,独立站
SKU003,2024-01-01,148,亚马逊
SKU003,2024-01-01,84,独立站
SKU001,2024-01-02,122,亚马逊
SKU001,2024-01-02,43,独立站
SKU002,2024-01-02,63,亚马逊
SKU002,2024-01-02,29,独立站
SKU003,2024-01-02,145,亚马逊
SKU003,2024-01-02,59,独立站
SKU001,2024-01-03,90,亚马逊
SKU001,2024-01-03,39,独立站
SKU002,2024-01-03,70,亚马逊
SKU002,2024-01-03,33,独立站
SKU003,2024-01-03,158,亚马逊
SKU003,2024-01-03,57,独立站
SKU001,2024-01-04,96,亚马逊
SKU001,2024-01-04,35,独立站
SKU002,2024-01-04,70,亚马逊
SKU002,2024-01-04,27,独立站
SKU003,2024-01-04,133,亚马逊
SKU003,2024-01-04,64,独立站
SKU001,2024-01-05,105,亚马逊
SKU001,2024-01-05,48,独立站
SKU002,2024-01-05,63,亚马逊
SKU002,2024-01-05,24,独立站
SKU003,2024-01-05,142,亚马逊
SKU003,2024-01-05,63,独立站
SKU001,2024-01-06,91,亚马逊
SKU001,2024-01-06,43,独立站
SKU002,2024-01-06,67,亚马逊
SKU002,2024-01-06,25,独立站
SKU003,2024-01-06,136,亚马逊
SKU003,2024-01-06,63,独立站
SKU001,2024-01-07,94,亚马逊
SKU001,2024-01-07,52,独立站
SKU002,2024-01-07,73,亚马逊
SKU002,2024-01-07,26,独立站
SKU003,2024-01-07,180,亚马逊
SKU003,2024-01-07,62,独立站
SKU001,2024-01-08,107,亚马逊
SKU001,2024-01-08,42,独立站
SKU002,2024-01-08,67,亚马逊
SKU002,2024-01-08,26,独立站
SKU003,2024-01-08,157,亚马逊
SKU003,2024-01-08,67,独立站
SKU001,2024-01-09,125,亚马逊
SKU001,2024-01-09,47,独立站
SKU002,2024-01-09,68,亚马逊
SKU002,2024-01-09,35,独立站
SKU003,2024-01-09,171,亚马逊
SKU003,2024-01-09,67,独立站
SKU001,2024-01-10,119,亚马逊
SKU001,2024-01-10,49,独立站
SKU002,2024-01-10,66,亚马逊
SKU002,2024-01-10,30,独立站
SKU003,2024-01-10,168,亚马逊
SKU003,2024-01-10,59,独立站
SKU001,2024-01-11,108,亚马逊
SKU001,2024-01-11,44,独立站
SKU002,2024-01-11,62,亚马逊
SKU002,2024-01-11,25,独立站
SKU003,2024-01-11,180,亚马逊
SKU003,2024-01-11,64,独立站
SKU001,2024-01-12,120,亚马逊
SKU001,2024-01-12,46,独立站
SKU002,2024-01-12,60,亚马逊
SKU002,2024-01-12,27,独立站
SKU003,2024-01-12,164,亚马逊
SKU003,2024-01-12,71,独立站
SKU001,2024-01-13,102,亚马逊
SKU001,2024-01-13,41,独立站
SKU002,2024-01-13,60,亚马逊
SKU002,2024-01-13,27,独立站
SKU003,2024-01-13,152,亚马逊
SKU003,2024-01-13,69,独立站
SKU001,2024-01-14,104,亚马逊
SKU001,2024-01-14,53,独立站
SKU002,2024-01-14,55,亚马逊
SKU002,2024-01-14,21,独立站
SKU003,2024-01-14,159,亚马逊
SKU003,2024-01-14,66,独立站
SKU001,2024-01-15,92,亚马逊
SKU001,2024-01-15,44,独立站
SKU002,2024-01-15,81,亚马逊
SKU002,2024-01-15,28,独立站
SKU003,2024-01-15,154,亚马逊
SKU003,2024-01-15,76,独立站
SKU001,2024-01-16,106,亚马逊
SKU001,2024-01-16,49,独立站
SKU002,2024-01-16,64,亚马逊
SKU002,2024-01-16,34,独立站
SKU003,2024-01-16,171,亚马逊
SKU003,2024-01-16,70,独立站
SKU001,2024-01-17,111,亚马逊
SKU001,2024-01-17,38,独立站
SKU002,2024-01-17,67,亚马逊
SKU002,2024-01-17,26,独立站
SKU003,2024-01-17,149,亚马逊
SKU003,2024-01-17,58,独立站
SKU001,2024-01-18,123,亚马逊
SKU001,2024-01-18,41,独立站
SKU002,2024-01-18,74,亚马逊
SKU002,2024-01-18,31,独立站
SKU003,2024-01-18,139,亚马逊
SKU003,2024-01-18,67,独立站
SKU001,2024-01-19,108,亚马逊
SKU001,2024-01-19,42,独立站
SKU002,2024-01-19,67,亚马逊
SKU002,2024-01-19,36,独立站
SKU003,2024-01-19,149,亚马逊
SKU003,2024-01-19,64,独立站
SKU001,2024-01-20,118,亚马逊
SKU001,2024-01-20,53,独立站
SKU002,2024-01-20,74,亚马逊
SKU002,2024-01-20,26,独立站
SKU003,2024-01-20,142,亚马逊
SKU003,2024-01-20,75,独立站
SKU001,2024-01-21,91,亚马逊
SKU001,2024-01-21,41,独立站
SKU002,2024-01-21,66,亚马逊
SKU002,2024-01-21,29,独立站
SKU003,2024-01-21,148,亚马逊
SKU003,2024-01-21,54,独立站
SKU001,2024-01-22,104,亚马逊
SKU001,2024-01-22,50,独立站
SKU002,2024-01-22,79,亚马逊
SKU002,2024-01-22,33,独立站
SKU003,2024-01-22,140,亚马逊
SKU003,2024-01-22,65,独立站
SKU001,2024-01-23,111,亚马逊
SKU001,2024-01-23,40,独立站
SKU002,2024-01-23,72,亚马逊
SKU002,2024-01-23,28,独立站
SKU003,2024-01-23,158,亚马逊
SKU003,2024-01-23,66,独立站
SKU001,2024-01-24,106,亚马逊
SKU001,2024-01-24,53,独立站
SKU002,2024-01-24,72,亚马逊
SKU002,2024-01-24,31,独立站
SKU003,2024-01-24,180,亚马逊
SKU003,2024-01-24,66,独立站
SKU001,2024-01-25,124,亚马逊
SKU001,2024-01-25,51,独立站
SKU002,2024-01-25,65,亚马逊
SKU002,2024-01-25,28,独立站
SKU003,2024-01-25,133,亚马逊
SKU003,2024-01-25,64,独立站
SKU001,2024-01-26,126,亚马逊
SKU001,2024-01-26,50,独立站
SKU002,2024-01-26,67,亚马逊
SKU002,2024-01-26,32,独立站
SKU003,2024-01-26,139,亚马逊
SKU003,2024-01-26,67,独立站
SKU001,2024-01-27,114,亚马逊
SKU001,2024-01-27,49,独立站
SKU002,2024-01-27,69,亚马逊
SKU002,2024-01-27,29,独立站
SKU003,2024-01-27,177,亚马逊
SKU003,2024-01-27,77,独立站
SKU001,2024-01-28,109,亚马逊
SKU001,2024-01-28,46,独立站
SKU002,2024-01-28,77,亚马逊
SKU002,2024-01-28,33,独立站
SKU003,2024-01-28,187,亚马逊
SKU003,2024-01-28,68,独立站
SKU001,2024-01-29,101,亚马逊
SKU001,2024-01-29,36,独立站
SKU002,2024-01-29,67,亚马逊
SKU002,2024-01-29,29,独立站
SKU003,2024-01-29,139,亚马逊
SKU003,2024-01-29,59,独立站
SKU001,2024-01-30,100,亚马逊
SKU001,2024-01-30,37,独立站
SKU002,2024-01-30,75,亚马逊
SKU002,2024-01-30,27,独立站
SKU003,2024-01-30,145,亚马逊
SKU003,2024-01-30,52,独立站
SKU001,2024-01-31,106,亚马逊
SKU001,2024-01-31,47,独立站
SKU002,2024-01-31,71,亚马逊
SKU002,2024-01-31,32,独立站
SKU003,2024-01-31,140,亚马逊
SKU003,2024-01-31,51,独立站
SKU001,2024-02-01,120,亚马逊
SKU001,2024-02-01,45,独立站
SKU002,2024-02-01,81,亚马逊
SKU002,2024-02-01,32,独立站
SKU003,2024-02-01,169,亚马逊
SKU003,2024-02-01,74,独立站
SKU001,2024-02-02,142,亚马逊
SKU001,2024-02-02,54,独立站
SKU002,2024-02-02,93,亚马逊
SKU002,2024-02-02,37,独立站
SKU003,2024-02-02,199,亚马逊
SKU003,2024-02-02,80,独立站
SKU001,2024-02-03,124,亚马逊
SKU001,2024-02-03,60,独立站
SKU002,2024-02-03,82,亚马逊
SKU002,2024-02-03,31,独立站
SKU003,2024-02-03,187,亚马逊
SKU003,2024-02-03,79,独立站
SKU001,2024-02-04,115,亚马逊
SKU001,2024-02-04,52,独立站
SKU002,2024-02-04,76,亚马逊
SKU002,2024-02-04,27,独立站
SKU003,2024-02-04,196,亚马逊
SKU003,2024-02-04,92,独立站
SKU001,2024-02-05,114,亚马逊
SKU001,2024-02-05,42,独立站
SKU002,2024-02-05,70,亚马逊
SKU002,2024-02-05,36,独立站
SKU003,2024-02-05,193,亚马逊
SKU003,2024-02-05,74,独立站
SKU001,2024-02-06,132,亚马逊
SKU001,2024-02-06,58,独立站
SKU002,2024-02-06,83,亚马逊
SKU002,2024-02-06,30,独立站
SKU003,2024-02-06,157,亚马逊
SKU003,2024-02-06,73,独立站
SKU001,2024-02-07,128,亚马逊
SKU001,2024-02-07,42,独立站
SKU002,2024-02-07,68,亚马逊
SKU002,2024-02-07,34,独立站
SKU003,2024-02-07,195,亚马逊
SKU003,2024-02-07,89,独立站
SKU001,2024-02-08,119,亚马逊
SKU001,2024-02-08,49,独立站
SKU002,2024-02-08,90,亚马逊
SKU002,2024-02-08,39,独立站
SKU003,2024-02-08,170,亚马逊
SKU003,2024-02-08,82,独立站
SKU001,2024-02-09,116,亚马逊
SKU001,2024-02-09,59,独立站
SKU002,2024-02-09,85,亚马逊
SKU002,2024-02-09,36,独立站
SKU003,2024-02-09,168,亚马逊
SKU003,2024-02-09,92,独立站
SKU001,2024-02-10,125,亚马逊
SKU001,2024-02-10,63,独立站
SKU002,2024-02-10,77,亚马逊
SKU002,2024-02-10,29,独立站
SKU003,2024-02-10,206,亚马逊
SKU003,2024-02-10,79,独立站
SKU001,2024-02-11,125,亚马逊
SKU001,2024-02-11,50,独立站
SKU002,2024-02-11,78,亚马逊
SKU002,2024-02-11,34,独立站
SKU003,2024-02-11,177,亚马逊
SKU003,2024-02-11,75,独立站
SKU001,2024-02-12,105,亚马逊
SKU001,2024-02-12,52,独立站
SKU002,2024-02-12,74,亚马逊
SKU002,2024-02-12,36,独立站
SKU003,2024-02-12,150,亚马逊
SKU003,2024-02-12,77,独立站
SKU001,2024-02-13,122,亚马逊
SKU001,2024-02-13,44,独立站
SKU002,2024-02-13,71,亚马逊
SKU002,2024-02-13,38,独立站
SKU003,2024-02-13,182,亚马逊
SKU003,2024-02-13,64,独立站
SKU001,2024-02-14,119,亚马逊
SKU001,2024-02-14,53,独立站
SKU002,2024-02-14,83,亚马逊
SKU002,2024-02-14,33,独立站
SKU003,2024-02-14,183,亚马逊
SKU003,2024-02-14,73,独立站
SKU001,2024-02-15,116,亚马逊
SKU001,2024-02-15,57,独立站
SKU002,2024-02-15,68,亚马逊
SKU002,2024-02-15,34,独立站
SKU003,2024-02-15,143,亚马逊
SKU003,2024-02-15,62,独立站
SKU001,2024-02-16,133,亚马逊
SKU001,2024-02-16,54,独立站
SKU002,2024-02-16,86,亚马逊
SKU002,2024-02-16,31,独立站
SKU003,2024-02-16,171,亚马逊
SKU003,2024-02-16,91,独立站
SKU001,2024-02-17,100,亚马逊
SKU001,2024-02-17,57,独立站
SKU002,2024-02-17,71,亚马逊
SKU002,2024-02-17,35,独立站
SKU003,2024-02-17,203,亚马逊
SKU003,2024-02-17,77,独立站
SKU001,2024-02-18,131,亚马逊
SKU001,2024-02-18,59,独立站
SKU002,2024-02-18,88,亚马逊
SKU002,2024-02-18,41,独立站
SKU003,2024-02-18,191,亚马逊
SKU003,2024-02-18,79,独立站
SKU001,2024-02-19,112,亚马逊
SKU001,2024-02-19,46,独立站
SKU002,2024-02-19,87,亚马逊
SKU002,2024-02-19,37,独立站
SKU003,2024-02-19,190,亚马逊
SKU003,2024-02-19,77,独立站
SKU001,2024-02-20,136,亚马逊
SKU001,2024-02-20,49,独立站
SKU002,2024-02-20,87,亚马逊
SKU002,2024-02-20,36,独立站
SKU003,2024-02-20,182,亚马逊
SKU003,2024-02-20,76,独立站
SKU001,2024-02-21,117,亚马逊
SKU001,2024-02-21,50,独立站
SKU002,2024-02-21,100,亚马逊
SKU002,2024-02-21,33,独立站
SKU003,2024-02-21,177,亚马逊
SKU003,2024-02-21,71,独立站
SKU001,2024-02-22,117,亚马逊
SKU001,2024-02-22,48,独立站
SKU002,2024-02-22,75,亚马逊
SKU002,2024-02-22,41,独立站
SKU003,2024-02-22,192,亚马逊
SKU003,2024-02-22,86,独立站
SKU001,2024-02-23,134,亚马逊
SKU001,2024-02-23,48,独立站
SKU002,2024-02-23,85,亚马逊
SKU002,2024-02-23,33,独立站
SKU003,2024-02-23,162,亚马逊
SKU003,2024-02-23,79,独立站
SKU001,2024-02-24,95,亚马逊
SKU001,2024-02-24,48,独立站
SKU002,2024-02-24,88,亚马逊
SKU002,2024-02-24,40,独立站
SKU003,2024-02-24,195,亚马逊
SKU003,2024-02-24,84,独立站
SKU001,2024-02-25,135,亚马逊
SKU001,2024-02-25,50,独立站
SKU002,2024-02-25,89,亚马逊
SKU002,2024-02-25,32,独立站
SKU003,2024-02-25,173,亚马逊
SKU003,2024-02-25,71,独立站
SKU001,2024-02-26,125,亚马逊
SKU001,2024-02-26,54,独立站
SKU002,2024-02-26,79,亚马逊
SKU002,2024-02-26,28,独立站
SKU003,2024-02-26,190,亚马逊
SKU003,2024-02-26,87,独立站
SKU001,2024-02-27,135,亚马逊
SKU001,2024-02-27,59,独立站
SKU002,2024-02-27,69,亚马逊
SKU002,2024-02-27,34,独立站
SKU003,2024-02-27,176,亚马逊
SKU003,2024-02-27,72,独立站
SKU001,2024-02-28,95,亚马逊
SKU001,2024-02-28,41,独立站
SKU002,2024-02-28,75,亚马逊
SKU002,2024-02-28,32,独立站
SKU003,2024-02-28,165,亚马逊
SKU003,2024-02-28,74,独立站
SKU001,2024-02-29,126,亚马逊
SKU001,2024-02-29,48,独立站
SKU002,2024-02-29,67,亚马逊
SKU002,2024-02-29,27,独立站
SKU003,2024-02-29,165,亚马逊
SKU003,2024-02-29,73,独立站
SKU001,2024-03-01,120,亚马逊
SKU001,2024-03-01,54,独立站
SKU002,2024-03-01,82,亚马逊
SKU002,2024-03-01,37,独立站
SKU003,2024-03-01,207,亚马逊
SKU003,2024-03-01,90,独立站
SKU001,2024-03-02,117,亚马逊
SKU001,2024-03-02,54,独立站
SKU002,2024-03-02,83,亚马逊
SKU002,2024-03-02,36,独立站
SKU003,2024-03-02,197,亚马逊
SKU003,2024-03-02,87,独立站
SKU001,2024-03-03,119,亚马逊
SKU001,2024-03-03,55,独立站
SKU002,2024-03-03,83,亚马逊
SKU002,2024-03-03,38,独立站
SKU003,2024-03-03,203,亚马逊
SKU003,2024-03-03,87,独立站
SKU001,2024-03-04,119,亚马逊
SKU001,2024-03-04,57,独立站
SKU002,2024-03-04,74,亚马逊
SKU002,2024-03-04,32,独立站
SKU003,2024-03-04,169,亚马逊
SKU003,2024-03-04,80,独立站
SKU001,2024-03-05,113,亚马逊
SKU001,2024-03-05,61,独立站
SKU002,2024-03-05,84,亚马逊
SKU002,2024-03-05,37,独立站
SKU003,2024-03-05,171,亚马逊
SKU003,2024-03-05,84,独立站
SKU001,2024-03-06,149,亚马逊
SKU001,2024-03-06,66,独立站
SKU002,2024-03-06,77,亚马逊
SKU002,2024-03-06,33,独立站
SKU003,2024-03-06,201,亚马逊
SKU003,2024-03-06,84,独立站
SKU001,2024-03-07,106,亚马逊
SKU001,2024-03-07,46,独立站
SKU002,2024-03-07,84,亚马逊
SKU002,2024-03-07,35,独立站
SKU003,2024-03-07,169,亚马逊
SKU003,2024-03-07,90,独立站
SKU001,2024-03-08,110,亚马逊
SKU001,2024-03-08,54,独立站
SKU002,2024-03-08,79,亚马逊
SKU002,2024-03-08,37,独立站
SKU003,2024-03-08,222,亚马逊
SKU003,2024-03-08,92,独立站
SKU001,2024-03-09,115,亚马逊
SKU001,2024-03-09,57,独立站
SKU002,2024-03-09,105,亚马逊
SKU002,2024-03-09,40,独立站
SKU003,2024-03-09,189,亚马逊
SKU003,2024-03-09,67,独立站
SKU001,2024-03-10,130,亚马逊
SKU001,2024-03-10,57,独立站
SKU002,2024-03-10,69,亚马逊
SKU002,2024-03-10,35,独立站
SKU003,2024-03-10,184,亚马逊
SKU003,2024-03-10,86,独立站
SKU001,2024-03-11,134,亚马逊
SKU001,2024-03-11,49,独立站
SKU002,2024-03-11,77,亚马逊
SKU002,2024-03-11,31,独立站
SKU003,2024-03-11,193,亚马逊
SKU003,2024-03-11,94,独立站
SKU001,2024-03-12,138,亚马逊
SKU001,2024-03-12,56,独立站
SKU002,2024-03-12,71,亚马逊
SKU002,2024-03-12,36,独立站
SKU003,2024-03-12,204,亚马逊
SKU003,2024-03-12,90,独立站
SKU001,2024-03-13,154,亚马逊
SKU001,2024-03-13,52,独立站
SKU002,2024-03-13,74,亚马逊
SKU002,2024-03-13,39,独立站
SKU003,2024-03-13,187,亚马逊
SKU003,2024-03-13,97,独立站
SKU001,2024-03-14,123,亚马逊
SKU001,2024-03-14,52,独立站
SKU002,2024-03-14,95,亚马逊
SKU002,2024-03-14,39,独立站
SKU003,2024-03-14,182,亚马逊
SKU003,2024-03-14,90,独立站
SKU001,2024-03-15,140,亚马逊
SKU001,2024-03-15,59,独立站
SKU002,2024-03-15,85,亚马逊
SKU002,2024-03-15,34,独立站
SKU003,2024-03-15,180,亚马逊
SKU003,2024-03-15,94,独立站
SKU001,2024-03-16,142,亚马逊
SKU001,2024-03-16,64,独立站
SKU002,2024-03-16,79,亚马逊
SKU002,2024-03-16,43,独立站
SKU003,2024-03-16,212,亚马逊
SKU003,2024-03-16,83,独立站
SKU001,2024-03-17,140,亚马逊
SKU001,2024-03-17,58,独立站
SKU002,2024-03-17,96,亚马逊
SKU002,2024-03-17,40,独立站
SKU003,2024-03-17,176,亚马逊
SKU003,2024-03-17,87,独立站
SKU001,2024-03-18,108,亚马逊
SKU001,2024-03-18,55,独立站
SKU002,2024-03-18,86,亚马逊
SKU002,2024-03-18,42,独立站
SKU003,2024-03-18,176,亚马逊
SKU003,2024-03-18,94,独立站
SKU001,2024-03-19,142,亚马逊
SKU001,2024-03-19,50,独立站
SKU002,2024-03-19,76,亚马逊
SKU002,2024-03-19,38,独立站
SKU003,2024-03-19,218,亚马逊
SKU003,2024-03-19,89,独立站
SKU001,2024-03-20,134,亚马逊
SKU001,2024-03-20,59,独立站
SKU002,2024-03-20,77,亚马逊
SKU002,2024-03-20,38,独立站
SKU003,2024-03-20,191,亚马逊
SKU003,2024-03-20,94,独立站
SKU001,2024-03-21,131,亚马逊
SKU001,2024-03-21,73,独立站
SKU002,2024-03-21,101,亚马逊
SKU002,2024-03-21,39,独立站
SKU003,2024-03-21,214,亚马逊
SKU003,2024-03-21,77,独立站
SKU001,2024-03-22,138,亚马逊
SKU001,2024-03-22,59,独立站
SKU002,2024-03-22,109,亚马逊
SKU002,2024-03-22,47,独立站
SKU003,2024-03-22,186,亚马逊
SKU003,2024-03-22,71,独立站
SKU001,2024-03-23,137,亚马逊
SKU001,2024-03-23,55,独立站
SKU002,2024-03-23,81,亚马逊
SKU002,2024-03-23,38,独立站
SKU003,2024-03-23,185,亚马逊
SKU003,2024-03-23,88,独立站
SKU001,2024-03-24,113,亚马逊
SKU001,2024-03-24,48,独立站
SKU002,2024-03-24,79,亚马逊
SKU002,2024-03-24,36,独立站
SKU003,2024-03-24,192,亚马逊
SKU003,2024-03-24,83,独立站
SKU001,2024-03-25,124,亚马逊
SKU001,2024-03-25,45,独立站
SKU002,2024-03-25,90,亚马逊
SKU002,2024-03-25,39,独立站
SKU003,2024-03-25,168,亚马逊
SKU003,2024-03-25,94,独立站
SKU001,2024-03-26,123,亚马逊
SKU001,2024-03-26,54,独立站
SKU002,2024-03-26,81,亚马逊
SKU002,2024-03-26,42,独立站
SKU003,2024-03-26,178,亚马逊
SKU003,2024-03-26,75,独立站
SKU001,2024-03-27,135,亚马逊
SKU001,2024-03-27,49,独立站
SKU002,2024-03-27,92,亚马逊
SKU002,2024-03-27,36,独立站
SKU003,2024-03-27,158,亚马逊
SKU003,2024-03-27,71,独立站
SKU001,2024-03-28,128,亚马逊
SKU001,2024-03-28,55,独立站
SKU002,2024-03-28,83,亚马逊
SKU002,2024-03-28,33,独立站
SKU003,2024-03-28,159,亚马逊
SKU003,2024-03-28,71,独立站
SKU001,2024-03-29,121,亚马逊
SKU001,2024-03-29,55,独立站
SKU002,2024-03-29,88,亚马逊
SKU002,2024-03-29,43,独立站
SKU003,2024-03-29,197,亚马逊
SKU003,2024-03-29,74,独立站
SKU001,2024-03-30,120,亚马逊
SKU001,2024-03-30,54,独立站
SKU002,2024-03-30,101,亚马逊
SKU002,2024-03-30,38,独立站
SKU003,2024-03-30,211,亚马逊
SKU003,2024-03-30,78,独立站
SKU001,2024-03-31,118,亚马逊
SKU001,2024-03-31,52,独立站
SKU002,2024-03-31,79,亚马逊
SKU002,2024-03-31,31,独立站
SKU003,2024-03-31,194,亚马逊
SKU003,2024-03-31,95,独立站
SKU001,2024-04-01,139,亚马逊
SKU001,2024-04-01,52,独立站
SKU002,2024-04-01,89,亚马逊
SKU002,2024-04-01,34,独立站
SKU003,2024-04-01,192,亚马逊
SKU003,2024-04-01,77,独立站
SKU001,2024-04-02,112,亚马逊
SKU001,2024-04-02,58,独立站
SKU002,2024-04-02,109,亚马逊
SKU002,2024-04-02,38,独立站
SKU003,2024-04-02,226,亚马逊
SKU003,2024-04-02,94,独立站
SKU001,2024-04-03,144,亚马逊
SKU001,2024-04-03,54,独立站
SKU002,2024-04-03,97,亚马逊
SKU002,2024-04-03,37,独立站
SKU003,2024-04-03,161,亚马逊
SKU003,2024-04-03,85,独立站
SKU001,2024-04-04,124,亚马逊
SKU001,2024-04-04,55,独立站
SKU002,2024-04-04,80,亚马逊
SKU002,2024-04-04,45,独立站
SKU003,2024-04-04,191,亚马逊
SKU003,2024-04-04,89,独立站
SKU001,2024-04-05,135,亚马逊
SKU001,2024-04-05,60,独立站
SKU002,2024-04-05,95,亚马逊
SKU002,2024-04-05,41,独立站
SKU003,2024-04-05,193,亚马逊
SKU003,2024-04-05,103,独立站
SKU001,2024-04-06,123,亚马逊
SKU001,2024-04-06,45,独立站
SKU002,2024-04-06,76,亚马逊
SKU002,2024-04-06,38,独立站
SKU003,2024-04-06,189,亚马逊
SKU003,2024-04-06,84,独立站
SKU001,2024-04-07,123,亚马逊
SKU001,2024-04-07,53,独立站
SKU002,2024-04-07,87,亚马逊
SKU002,2024-04-07,36,独立站
SKU003,2024-04-07,226,亚马逊
SKU003,2024-04-07,104,独立站
SKU001,2024-04-08,112,亚马逊
SKU001,2024-04-08,52,独立站
SKU002,2024-04-08,98,亚马逊
SKU002,2024-04-08,35,独立站
SKU003,2024-04-08,222,亚马逊
SKU003,2024-04-08,108,独立站
SKU001,2024-04-09,121,亚马逊
SKU001,2024-04-09,51,独立站
SKU002,2024-04-09,96,亚马逊
SKU002,2024-04-09,38,独立站
SKU003,2024-04-09,207,亚马逊
SKU003,2024-04-09,105,独立站
SKU001,2024-04-10,133,亚马逊
SKU001,2024-04-10,63,独立站
SKU002,2024-04-10,93,亚马逊
SKU002,2024-04-10,36,独立站
SKU003,2024-04-10,182,亚马逊
SKU003,2024-04-10,87,独立站
SKU001,2024-04-11,159,亚马逊
SKU001,2024-04-11,65,独立站
SKU002,2024-04-11,100,亚马逊
SKU002,2024-04-11,45,独立站
SKU003,2024-04-11,200,亚马逊
SKU003,2024-04-11,92,独立站
SKU001,2024-04-12,127,亚马逊
SKU001,2024-04-12,61,独立站
SKU002,2024-04-12,104,亚马逊
SKU002,2024-04-12,34,独立站
SKU003,2024-04-12,213,亚马逊
SKU003,2024-04-12,92,独立站
SKU001,2024-04-13,166,亚马逊
SKU001,2024-04-13,62,独立站
SKU002,2024-04-13,86,亚马逊
SKU002,2024-04-13,43,独立站
SKU003,2024-04-13,174,亚马逊
SKU003,2024-04-13,89,独立站
SKU001,2024-04-14,117,亚马逊
SKU001,2024-04-14,60,独立站
SKU002,2024-04-14,85,亚马逊
SKU002,2024-04-14,41,独立站
SKU003,2024-04-14,202,亚马逊
SKU003,2024-04-14,93,独立站
SKU001,2024-04-15,127,亚马逊
SKU001,2024-04-15,59,独立站
SKU002,2024-04-15,85,亚马逊
SKU002,2024-04-15,34,独立站
SKU003,2024-04-15,237,亚马逊
SKU003,2024-04-15,78,独立站
SKU001,2024-04-16,156,亚马逊
SKU001,2024-04-16,64,独立站
SKU002,2024-04-16,112,亚马逊
SKU002,2024-04-16,40,独立站
SKU003,2024-04-16,194,亚马逊
SKU003,2024-04-16,87,独立站
SKU001,2024-04-17,166,亚马逊
SKU001,2024-04-17,73,独立站
SKU002,2024-04-17,86,亚马逊
SKU002,2024-04-17,40,独立站
SKU003,2024-04-17,203,亚马逊
SKU003,2024-04-17,83,独立站
SKU001,2024-04-18,118,亚马逊
SKU001,2024-04-18,49,独立站
SKU002,2024-04-18,74,亚马逊
SKU002,2024-04-18,31,独立站
SKU003,2024-04-18,195,亚马逊
SKU003,2024-04-18,91,独立站
SKU001,2024-04-19,128,亚马逊
SKU001,2024-04-19,68,独立站
SKU002,2024-04-19,110,亚马逊
SKU002,2024-04-19,41,独立站
SKU003,2024-04-19,207,亚马逊
SKU003,2024-04-19,77,独立站
SKU001,2024-04-20,143,亚马逊
SKU001,2024-04-20,59,独立站
SKU002,2024-04-20,86,亚马逊
SKU002,2024-04-20,36,独立站
SKU003,2024-04-20,211,亚马逊
SKU003,2024-04-20,79,独立站
SKU001,2024-04-21,115,亚马逊
SKU001,2024-04-21,65,独立站
SKU002,2024-04-21,105,亚马逊
SKU002,2024-04-21,38,独立站
SKU003,2024-04-21,213,亚马逊
SKU003,2024-04-21,76,独立站
SKU001,2024-04-22,143,亚马逊
SKU001,2024-04-22,61,独立站
SKU002,2024-04-22,73,亚马逊
SKU002,2024-04-22,39,独立站
SKU003,2024-04-22,218,亚马逊
SKU003,2024-04-22,95,独立站
SKU001,2024-04-23,149,亚马逊
SKU001,2024-04-23,62,独立站
SKU002,2024-04-23,83,亚马逊
SKU002,2024-04-23,39,独立站
SKU003,2024-04-23,219,亚马逊
SKU003,2024-04-23,90,独立站
SKU001,2024-04-24,120,亚马逊
SKU001,2024-04-24,54,独立站
SKU002,2024-04-24,107,亚马逊
SKU002,2024-04-24,38,独立站
SKU003,2024-04-24,201,亚马逊
SKU003,2024-04-24,89,独立站
SKU001,2024-04-25,162,亚马逊
SKU001,2024-04-25,60,独立站
SKU002,2024-04-25,89,亚马逊
SKU002,2024-04-25,45,独立站
SKU003,2024-04-25,246,亚马逊
SKU003,2024-04-25,101,独立站
SKU001,2024-04-26,153,亚马逊
SKU001,2024-04-26,65,独立站
SKU002,2024-04-26,97,亚马逊
SKU002,2024-04-26,43,独立站
SKU003,2024-04-26,190,亚马逊
SKU003,2024-04-26,92,独立站
SKU001,2024-04-27,125,亚马逊
SKU001,2024-04-27,65,独立站
SKU002,2024-04-27,78,亚马逊
SKU002,2024-04-27,36,独立站
SKU003,2024-04-27,226,亚马逊
SKU003,2024-04-27,107,独立站
SKU001,2024-04-28,131,亚马逊
SKU001,2024-04-28,54,独立站
SKU002,2024-04-28,103,亚马逊
SKU002,2024-04-28,36,独立站
SKU003,2024-04-28,234,亚马逊
SKU003,2024-04-28,84,独立站
SKU001,2024-04-29,157,亚马逊
SKU001,2024-04-29,73,独立站
SKU002,2024-04-29,83,亚马逊
SKU002,2024-04-29,40,独立站
SKU003,2024-04-29,178,亚马逊
SKU003,2024-04-29,90,独立站
SKU001,2024-04-30,128,亚马逊
SKU001,2024-04-30,70,独立站
SKU002,2024-04-30,95,亚马逊
SKU002,2024-04-30,40,独立站
SKU003,2024-04-30,211,亚马逊
SKU003,2024-04-30,72,独立站
SKU001,2024-05-01,117,亚马逊
SKU001,2024-05-01,55,独立站
SKU002,2024-05-01,103,亚马逊
SKU002,2024-05-01,41,独立站
SKU003,2024-05-01,183,亚马逊
SKU003,2024-05-01,96,独立站
SKU001,2024-05-02,109,亚马逊
SKU001,2024-05-02,56,独立站
SKU002,2024-05-02,81,亚马逊
SKU002,2024-05-02,30,独立站
SKU003,2024-05-02,209,亚马逊
SKU003,2024-05-02,79,独立站
SKU001,2024-05-03,147,亚马逊
SKU001,2024-05-03,49,独立站
SKU002,2024-05-03,90,亚马逊
SKU002,2024-05-03,41,独立站
SKU003,2024-05-03,189,亚马逊
SKU003,2024-05-03,78,独立站
SKU001,2024-05-04,149,亚马逊
SKU001,2024-05-04,52,独立站
SKU002,2024-05-04,82,亚马逊
SKU002,2024-05-04,33,独立站
SKU003,2024-05-04,201,亚马逊
SKU003,2024-05-04,77,独立站
SKU001,2024-05-05,166,亚马逊
SKU001,2024-05-05,56,独立站
SKU002,2024-05-05,98,亚马逊
SKU002,2024-05-05,43,独立站
SKU003,2024-05-05,218,亚马逊
SKU003,2024-05-05,90,独立站
SKU001,2024-05-06,147,亚马逊
SKU001,2024-05-06,57,独立站
SKU002,2024-05-06,82,亚马逊
SKU002,2024-05-06,35,独立站
SKU003,2024-05-06,172,亚马逊
SKU003,2024-05-06,80,独立站
SKU001,2024-05-07,130,亚马逊
SKU001,2024-05-07,65,独立站
SKU002,2024-05-07,88,亚马逊
SKU002,2024-05-07,39,独立站
SKU003,2024-05-07,161,亚马逊
SKU003,2024-05-07,70,独立站
SKU001,2024-05-08,134,亚马逊
SKU001,2024-05-08,52,独立站
SKU002,2024-05-08,80,亚马逊
SKU002,2024-05-08,35,独立站
SKU003,2024-05-08,170,亚马逊
SKU003,2024-05-08,90,独立站
SKU001,2024-05-09,119,亚马逊
SKU001,2024-05-09,57,独立站
SKU002,2024-05-09,99,亚马逊
SKU002,2024-05-09,35,独立站
SKU003,2024-05-09,197,亚马逊
SKU003,2024-05-09,89,独立站
SKU001,2024-05-10,113,亚马逊
SKU001,2024-05-10,49,独立站
SKU002,2024-05-10,82,亚马逊
SKU002,2024-05-10,32,独立站
SKU003,2024-05-10,239,亚马逊
SKU003,2024-05-10,85,独立站
SKU001,2024-05-11,125,亚马逊
SKU001,2024-05-11,52,独立站
SKU002,2024-05-11,83,亚马逊
SKU002,2024-05-11,47,独立站
SKU003,2024-05-11,180,亚马逊
SKU003,2024-05-11,90,独立站
SKU001,2024-05-12,148,亚马逊
SKU001,2024-05-12,65,独立站
SKU002,2024-05-12,87,亚马逊
SKU002,2024-05-12,43,独立站
SKU003,2024-05-12,210,亚马逊
SKU003,2024-05-12,95,独立站
SKU001,2024-05-13,136,亚马逊
SKU001,2024-05-13,62,独立站
SKU002,2024-05-13,94,亚马逊
SKU002,2024-05-13,33,独立站
SKU003,2024-05-13,218,亚马逊
SKU003,2024-05-13,77,独立站
SKU001,2024-05-14,145,亚马逊
SKU001,2024-05-14,59,独立站
SKU002,2024-05-14,87,亚马逊
SKU002,2024-05-14,39,独立站
SKU003,2024-05-14,179,亚马逊
SKU003,2024-05-14,89,独立站
SKU001,2024-05-15,117,亚马逊
SKU001,2024-05-15,49,独立站
SKU002,2024-05-15,97,亚马逊
SKU002,2024-05-15,40,独立站
SKU003,2024-05-15,189,亚马逊
SKU003,2024-05-15,73,独立站
SKU001,2024-05-16,142,亚马逊
SKU001,2024-05-16,45,独立站
SKU002,2024-05-16,89,亚马逊
SKU002,2024-05-16,35,独立站
SKU003,2024-05-16,217,亚马逊
SKU003,2024-05-16,104,独立站
SKU001,2024-05-17,145,亚马逊
SKU001,2024-05-17,54,独立站
SKU002,2024-05-17,104,亚马逊
SKU002,2024-05-17,36,独立站
SKU003,2024-05-17,183,亚马逊
SKU003,2024-05-17,78,独立站
SKU001,2024-05-18,137,亚马逊
SKU001,2024-05-18,61,独立站
SKU002,2024-05-18,82,亚马逊
SKU002,2024-05-18,36,独立站
SKU003,2024-05-18,181,亚马逊
SKU003,2024-05-18,93,独立站
SKU001,2024-05-19,141,亚马逊
SKU001,2024-05-19,62,独立站
SKU002,2024-05-19,86,亚马逊
SKU002,2024-05-19,39,独立站
SKU003,2024-05-19,200,亚马逊
SKU003,2024-05-19,69,独立站
SKU001,2024-05-20,133,亚马逊
SKU001,2024-05-20,46,独立站
SKU002,2024-05-20,109,亚马逊
SKU002,2024-05-20,40,独立站
SKU003,2024-05-20,188,亚马逊
SKU003,2024-05-20,93,独立站
SKU001,2024-05-21,120,亚马逊
SKU001,2024-05-21,48,独立站
SKU002,2024-05-21,88,亚马逊
SKU002,2024-05-21,37,独立站
SKU003,2024-05-21,179,亚马逊
SKU003,2024-05-21,95,独立站
SKU001,2024-05-22,145,亚马逊
SKU001,2024-05-22,61,独立站
SKU002,2024-05-22,103,亚马逊
SKU002,2024-05-22,47,独立站
SKU003,2024-05-22,180,亚马逊
SKU003,2024-05-22,72,独立站
SKU001,2024-05-23,133,亚马逊
SKU001,2024-05-23,64,独立站
SKU002,2024-05-23,87,亚马逊
SKU002,2024-05-23,39,独立站
SKU003,2024-05-23,169,亚马逊
SKU003,2024-05-23,75,独立站
SKU001,2024-05-24,140,亚马逊
SKU001,2024-05-24,61,独立站
SKU002,2024-05-24,90,亚马逊
SKU002,2024-05-24,40,独立站
SKU003,2024-05-24,192,亚马逊
SKU003,2024-05-24,95,独立站
SKU001,2024-05-25,142,亚马逊
SKU001,2024-05-25,47,独立站
SKU002,2024-05-25,94,亚马逊
SKU002,2024-05-25,33,独立站
SKU003,2024-05-25,233,亚马逊
SKU003,2024-05-25,104,独立站
SKU001,2024-05-26,134,亚马逊
SKU001,2024-05-26,59,独立站
SKU002,2024-05-26,101,亚马逊
SKU002,2024-05-26,39,独立站
SKU003,2024-05-26,193,亚马逊
SKU003,2024-05-26,94,独立站
SKU001,2024-05-27,139,亚马逊
SKU001,2024-05-27,64,独立站
SKU002,2024-05-27,104,亚马逊
SKU002,2024-05-27,33,独立站
SKU003,2024-05-27,214,亚马逊
SKU003,2024-05-27,78,独立站
SKU001,2024-05-28,139,亚马逊
SKU001,2024-05-28,63,独立站
SKU002,2024-05-28,102,亚马逊
SKU002,2024-05-28,38,独立站
SKU003,2024-05-28,231,亚马逊
SKU003,2024-05-28,98,独立站
SKU001,2024-05-29,134,亚马逊
SKU001,2024-05-29,52,独立站
SKU002,2024-05-29,89,亚马逊
SKU002,2024-05-29,32,独立站
SKU003,2024-05-29,188,亚马逊
SKU003,2024-05-29,81,独立站
SKU001,2024-05-30,142,亚马逊
SKU001,2024-05-30,62,独立站
SKU002,2024-05-30,77,亚马逊
SKU002,2024-05-30,34,独立站
SKU003,2024-05-30,225,亚马逊
SKU003,2024-05-30,92,独立站
SKU001,2024-05-31,137,亚马逊
SKU001,2024-05-31,67,独立站
SKU002,2024-05-31,64,亚马逊
SKU002,2024-05-31,30,独立站
SKU003,2024-05-31,217,亚马逊
SKU003,2024-05-31,93,独立站
SKU001,2024-06-01,135,亚马逊
SKU001,2024-06-01,60,独立站
SKU002,2024-06-01,104,亚马逊
SKU002,2024-06-01,43,独立站
SKU003,2024-06-01,175,亚马逊
SKU003,2024-06-01,92,独立站
SKU001,2024-06-02,108,亚马逊
SKU001,2024-06-02,60,独立站
SKU002,2024-06-02,76,亚马逊
SKU002,2024-06-02,30,独立站
SKU003,2024-06-02,165,亚马逊
SKU003,2024-06-02,71,独立站
SKU001,2024-06-03,117,亚马逊
SKU001,2024-06-03,55,独立站
SKU002,2024-06-03,95,亚马逊
SKU002,2024-06-03,35,独立站
SKU003,2024-06-03,151,亚马逊
SKU003,2024-06-03,75,独立站
SKU001,2024-06-04,109,亚马逊
SKU001,2024-06-04,52,独立站
SKU002,2024-06-04,79,亚马逊
SKU002,2024-06-04,31,独立站
SKU003,2024-06-04,210,亚马逊
SKU003,2024-06-04,78,独立站
SKU001,2024-06-05,107,亚马逊
SKU001,2024-06-05,55,独立站
SKU002,2024-06-05,101,亚马逊
SKU002,2024-06-05,39,独立站
SKU003,2024-06-05,166,亚马逊
SKU003,2024-06-05,70,独立站
SKU001,2024-06-06,127,亚马逊
SKU001,2024-06-06,51,独立站
SKU002,2024-06-06,80,亚马逊
SKU002,2024-06-06,29,独立站
SKU003,2024-06-06,188,亚马逊
SKU003,2024-06-06,72,独立站
SKU001,2024-06-07,121,亚马逊
SKU001,2024-06-07,49,独立站
SKU002,2024-06-07,85,亚马逊
SKU002,2024-06-07,32,独立站
SKU003,2024-06-07,172,亚马逊
SKU003,2024-06-07,70,独立站
SKU001,2024-06-08,108,亚马逊
SKU001,2024-06-08,56,独立站
SKU002,2024-06-08,79,亚马逊
SKU002,2024-06-08,35,独立站
SKU003,2024-06-08,214,亚马逊
SKU003,2024-06-08,89,独立站
SKU001,2024-06-09,113,亚马逊
SKU001,2024-06-09,53,独立站
SKU002,2024-06-09,96,亚马逊
SKU002,2024-06-09,44,独立站
SKU003,2024-06-09,174,亚马逊
SKU003,2024-06-09,70,独立站
SKU001,2024-06-10,119,亚马逊
SKU001,2024-06-10,65,独立站
SKU002,2024-06-10,71,亚马逊
SKU002,2024-06-10,32,独立站
SKU003,2024-06-10,146,亚马逊
SKU003,2024-06-10,72,独立站
SKU001,2024-06-11,138,亚马逊
SKU001,2024-06-11,55,独立站
SKU002,2024-06-11,73,亚马逊
SKU002,2024-06-11,29,独立站
SKU003,2024-06-11,225,亚马逊
SKU003,2024-06-11,88,独立站
SKU001,2024-06-12,114,亚马逊
SKU001,2024-06-12,51,独立站
SKU002,2024-06-12,79,亚马逊
SKU002,2024-06-12,37,独立站
SKU003,2024-06-12,162,亚马逊
SKU003,2024-06-12,81,独立站
SKU001,2024-06-13,109,亚马逊
SKU001,2024-06-13,52,独立站
SKU002,2024-06-13,79,亚马逊
SKU002,2024-06-13,30,独立站
SKU003,2024-06-13,219,亚马逊
SKU003,2024-06-13,76,独立站
SKU001,2024-06-14,124,亚马逊
SKU001,2024-06-14,49,独立站
SKU002,2024-06-14,88,亚马逊
SKU002,2024-06-14,39,独立站
SKU003,2024-06-14,160,亚马逊
SKU003,2024-06-14,84,独立站
SKU001,2024-06-15,134,亚马逊
SKU001,2024-06-15,56,独立站
SKU002,2024-06-15,69,亚马逊
SKU002,2024-06-15,32,独立站
SKU003,2024-06-15,149,亚马逊
SKU003,2024-06-15,82,独立站
SKU001,2024-06-16,113,亚马逊
SKU001,2024-06-16,44,独立站
SKU002,2024-06-16,77,亚马逊
SKU002,2024-06-16,32,独立站
SKU003,2024-06-16,172,亚马逊
SKU003,2024-06-16,65,独立站
SKU001,2024-06-17,118,亚马逊
SKU001,2024-06-17,58,独立站
SKU002,2024-06-17,90,亚马逊
SKU002,2024-06-17,37,独立站
SKU003,2024-06-17,150,亚马逊
SKU003,2024-06-17,71,独立站
SKU001,2024-06-18,118,亚马逊
SKU001,2024-06-18,59,独立站
SKU002,2024-06-18,85,亚马逊
SKU002,2024-06-18,38,独立站
SKU003,2024-06-18,160,亚马逊
SKU003,2024-06-18,85,独立站
SKU001,2024-06-19,126,亚马逊
SKU001,2024-06-19,56,独立站
SKU002,2024-06-19,77,亚马逊
SKU002,2024-06-19,36,独立站
SKU003,2024-06-19,160,亚马逊
SKU003,2024-06-19,62,独立站
SKU001,2024-06-20,103,亚马逊
SKU001,2024-06-20,45,独立站
SKU002,2024-06-20,93,亚马逊
SKU002,2024-06-20,34,独立站
SKU003,2024-06-20,177,亚马逊
SKU003,2024-06-20,80,独立站
SKU001,2024-06-21,119,亚马逊
SKU001,2024-06-21,45,独立站
SKU002,2024-06-21,83,亚马逊
SKU002,2024-06-21,36,独立站
SKU003,2024-06-21,154,亚马逊
SKU003,2024-06-21,87,独立站
SKU001,2024-06-22,117,亚马逊
SKU001,2024-06-22,61,独立站
SKU002,2024-06-22,82,亚马逊
SKU002,2024-06-22,29,独立站
SKU003,2024-06-22,177,亚马逊
SKU003,2024-06-22,87,独立站
SKU001,2024-06-23,119,亚马逊
SKU001,2024-06-23,56,独立站
SKU002,2024-06-23,88,亚马逊
SKU002,2024-06-23,36,独立站
SKU003,2024-06-23,156,亚马逊
SKU003,2024-06-23,68,独立站
SKU001,2024-06-24,132,亚马逊
SKU001,2024-06-24,55,独立站
SKU002,2024-06-24,67,亚马逊
SKU002,2024-06-24,31,独立站
SKU003,2024-06-24,159,亚马逊
SKU003,2024-06-24,56,独立站
SKU001,2024-06-25,93,亚马逊
SKU001,2024-06-25,43,独立站
SKU002,2024-06-25,94,亚马逊
SKU002,2024-06-25,38,独立站
SKU003,2024-06-25,159,亚马逊
SKU003,2024-06-25,78,独立站
SKU001,2024-06-26,126,亚马逊
SKU001,2024-06-26,60,独立站
SKU002,2024-06-26,72,亚马逊
SKU002,2024-06-26,32,独立站
SKU003,2024-06-26,180,亚马逊
SKU003,2024-06-26,71,独立站
SKU001,2024-06-27,109,亚马逊
SKU001,2024-06-27,51,独立站
SKU002,2024-06-27,80,亚马逊
SKU002,2024-06-27,35,独立站
SKU003,2024-06-27,181,亚马逊
SKU003,2024-06-27,72,独立站
SKU001,2024-06-28,121,亚马逊
SKU001,2024-06-28,62,独立站
SKU002,2024-06-28,98,亚马逊
SKU002,2024-06-28,44,独立站
SKU003,2024-06-28,179,亚马逊
SKU003,2024-06-28,76,独立站
SKU001,2024-06-29,110,亚马逊
SKU001,2024-06-29,56,独立站
SKU002,2024-06-29,77,亚马逊
SKU002,2024-06-29,34,独立站
SKU003,2024-06-29,153,亚马逊
SKU003,2024-06-29,64,独立站
SKU001,2024-06-30,141,亚马逊
SKU001,2024-06-30,57,独立站
SKU002,2024-06-30,70,亚马逊
SKU002,2024-06-30,34,独立站
SKU003,2024-06-30,176,亚马逊
SKU003,2024-06-30,65,独立站
SKU001,2024-07-01,109,亚马逊
SKU001,2024-07-01,43,独立站
SKU002,2024-07-01,65,亚马逊
SKU002,2024-07-01,36,独立站
SKU003,2024-07-01,176,亚马逊
SKU003,2024-07-01,70,独立站
SKU001,2024-07-02,91,亚马逊
SKU001,2024-07-02,38,独立站
SKU002,2024-07-02,81,亚马逊
SKU002,2024-07-02,33,独立站
SKU003,2024-07-02,141,亚马逊
SKU003,2024-07-02,80,独立站
SKU001,2024-07-03,116,亚马逊
SKU001,2024-07-03,44,独立站
SKU002,2024-07-03,78,亚马逊
SKU002,2024-07-03,35,独立站
SKU003,2024-07-03,146,亚马逊
SKU003,2024-07-03,67,独立站
SKU001,2024-07-04,131,亚马逊
SKU001,2024-07-04,45,独立站
SKU002,2024-07-04,63,亚马逊
SKU002,2024-07-04,28,独立站
SKU003,2024-07-04,150,亚马逊
SKU003,2024-07-04,52,独立站
SKU001,2024-07-05,117,亚马逊
SKU001,2024-07-05,46,独立站
SKU002,2024-07-05,64,亚马逊
SKU002,2024-07-05,32,独立站
SKU003,2024-07-05,167,亚马逊
SKU003,2024-07-05,65,独立站
SKU001,2024-07-06,120,亚马逊
SKU001,2024-07-06,50,独立站
SKU002,2024-07-06,67,亚马逊
SKU002,2024-07-06,32,独立站
SKU003,2024-07-06,197,亚马逊
SKU003,2024-07-06,83,独立站
SKU001,2024-07-07,121,亚马逊
SKU001,2024-07-07,43,独立站
SKU002,2024-07-07,67,亚马逊
SKU002,2024-07-07,31,独立站
SKU003,2024-07-07,166,亚马逊
SKU003,2024-07-07,69,独立站
SKU001,2024-07-08,114,亚马逊
SKU001,2024-07-08,53,独立站
SKU002,2024-07-08,78,亚马逊
SKU002,2024-07-08,34,独立站
SKU003,2024-07-08,145,亚马逊
SKU003,2024-07-08,68,独立站
SKU001,2024-07-09,114,亚马逊
SKU001,2024-07-09,41,独立站
SKU002,2024-07-09,67,亚马逊
SKU002,2024-07-09,30,独立站
SKU003,2024-07-09,136,亚马逊
SKU003,2024-07-09,66,独立站
SKU001,2024-07-10,112,亚马逊
SKU001,2024-07-10,40,独立站
SKU002,2024-07-10,75,亚马逊
SKU002,2024-07-10,27,独立站
SKU003,2024-07-10,157,亚马逊
SKU003,2024-07-10,63,独立站
SKU001,2024-07-11,130,亚马逊
SKU001,2024-07-11,46,独立站
SKU002,2024-07-11,68,亚马逊
SKU002,2024-07-11,31,独立站
SKU003,2024-07-11,155,亚马逊
SKU003,2024-07-11,66,独立站
SKU001,2024-07-12,121,亚马逊
SKU001,2024-07-12,41,独立站
SKU002,2024-07-12,67,亚马逊
SKU002,2024-07-12,23,独立站
SKU003,2024-07-12,178,亚马逊
SKU003,2024-07-12,73,独立站
SKU001,2024-07-13,104,亚马逊
SKU001,2024-07-13,44,独立站
SKU002,2024-07-13,73,亚马逊
SKU002,2024-07-13,31,独立站
SKU003,2024-07-13,159,亚马逊
SKU003,2024-07-13,80,独立站
SKU001,2024-07-14,111,亚马逊
SKU001,2024-07-14,41,独立站
SKU002,2024-07-14,75,亚马逊
SKU002,2024-07-14,31,独立站
SKU003,2024-07-14,165,亚马逊
SKU003,2024-07-14,65,独立站
SKU001,2024-07-15,92,亚马逊
SKU001,2024-07-15,40,独立站
SKU002,2024-07-15,61,亚马逊
SKU002,2024-07-15,27,独立站
SKU003,2024-07-15,202,亚马逊
SKU003,2024-07-15,85,独立站
SKU001,2024-07-16,117,亚马逊
SKU001,2024-07-16,47,独立站
SKU002,2024-07-16,69,亚马逊
SKU002,2024-07-16,32,独立站
SKU003,2024-07-16,182,亚马逊
SKU003,2024-07-16,68,独立站
SKU001,2024-07-17,111,亚马逊
SKU001,2024-07-17,50,独立站
SKU002,2024-07-17,75,亚马逊
SKU002,2024-07-17,29,独立站
SKU003,2024-07-17,149,亚马逊
SKU003,2024-07-17,77,独立站
SKU001,2024-07-18,85,亚马逊
SKU001,2024-07-18,38,独立站
SKU002,2024-07-18,73,亚马逊
SKU002,2024-07-18,31,独立站
SKU003,2024-07-18,133,亚马逊
SKU003,2024-07-18,56,独立站
SKU001,2024-07-19,105,亚马逊
SKU001,2024-07-19,49,独立站
SKU002,2024-07-19,87,亚马逊
SKU002,2024-07-19,31,独立站
SKU003,2024-07-19,155,亚马逊
SKU003,2024-07-19,65,独立站
SKU001,2024-07-20,124,亚马逊
SKU001,2024-07-20,41,独立站
SKU002,2024-07-20,65,亚马逊
SKU002,2024-07-20,28,独立站
SKU003,2024-07-20,173,亚马逊
SKU003,2024-07-20,61,独立站
SKU001,2024-07-21,113,亚马逊
SKU001,2024-07-21,53,独立站
SKU002,2024-07-21,57,亚马逊
SKU002,2024-07-21,28,独立站
SKU003,2024-07-21,120,亚马逊
SKU003,2024-07-21,60,独立站
SKU001,2024-07-22,98,亚马逊
SKU001,2024-07-22,51,独立站
SKU002,2024-07-22,80,亚马逊
SKU002,2024-07-22,26,独立站
SKU003,2024-07-22,159,亚马逊
SKU003,2024-07-22,65,独立站
SKU001,2024-07-23,103,亚马逊
SKU001,2024-07-23,49,独立站
SKU002,2024-07-23,63,亚马逊
SKU002,2024-07-23,31,独立站
SKU003,2024-07-23,121,亚马逊
SKU003,2024-07-23,52,独立站
SKU001,2024-07-24,107,亚马逊
SKU001,2024-07-24,46,独立站
SKU002,2024-07-24,72,亚马逊
SKU002,2024-07-24,27,独立站
SKU003,2024-07-24,190,亚马逊
SKU003,2024-07-24,78,独立站
SKU001,2024-07-25,109,亚马逊
SKU001,2024-07-25,40,独立站
SKU002,2024-07-25,68,亚马逊
SKU002,2024-07-25,29,独立站
SKU003,2024-07-25,161,亚马逊
SKU003,2024-07-25,68,独立站
SKU001,2024-07-26,119,亚马逊
SKU001,2024-07-26,49,独立站
SKU002,2024-07-26,77,亚马逊
SKU002,2024-07-26,30,独立站
SKU003,2024-07-26,128,亚马逊
SKU003,2024-07-26,69,独立站
SKU001,2024-07-27,91,亚马逊
SKU001,2024-07-27,41,独立站
SKU002,2024-07-27,71,亚马逊
SKU002,2024-07-27,28,独立站
SKU003,2024-07-27,180,亚马逊
SKU003,2024-07-27,77,独立站
SKU001,2024-07-28,96,亚马逊
SKU001,2024-07-28,44,独立站
SKU002,2024-07-28,77,亚马逊
SKU002,2024-07-28,32,独立站
SKU003,2024-07-28,138,亚马逊
SKU003,2024-07-28,70,独立站
SKU001,2024-07-29,112,亚马逊
SKU001,2024-07-29,50,独立站
SKU002,2024-07-29,70,亚马逊
SKU002,2024-07-29,33,独立站
SKU003,2024-07-29,173,亚马逊
SKU003,2024-07-29,75,独立站
SKU001,2024-07-30,110,亚马逊
SKU001,2024-07-30,42,独立站
SKU002,2024-07-30,64,亚马逊
SKU002,2024-07-30,32,独立站
SKU003,2024-07-30,182,亚马逊
SKU003,2024-07-30,68,独立站
SKU001,2024-07-31,94,亚马逊
SKU001,2024-07-31,49,独立站
SKU002,2024-07-31,71,亚马逊
SKU002,2024-07-31,26,独立站
SKU003,2024-07-31,160,亚马逊
SKU003,2024-07-31,87,独立站
SKU001,2024-08-01,89,亚马逊
SKU001,2024-08-01,35,独立站
SKU002,2024-08-01,68,亚马逊
SKU002,2024-08-01,27,独立站
SKU003,2024-08-01,145,亚马逊
SKU003,2024-08-01,53,独立站
SKU001,2024-08-02,80,亚马逊
SKU001,2024-08-02,32,独立站
SKU002,2024-08-02,67,亚马逊
SKU002,2024-08-02,28,独立站
SKU003,2024-08-02,123,亚马逊
SKU003,2024-08-02,64,独立站
SKU001,2024-08-03,85,亚马逊
SKU001,2024-08-03,44,独立站
SKU002,2024-08-03,65,亚马逊
SKU002,2024-08-03,24,独立站
SKU003,2024-08-03,149,亚马逊
SKU003,2024-08-03,71,独立站
SKU001,2024-08-04,72,亚马逊
SKU001,2024-08-04,34,独立站
SKU002,2024-08-04,54,亚马逊
SKU002,2024-08-04,22,独立站
SKU003,2024-08-04,127,亚马逊
SKU003,2024-08-04,57,独立站
SKU001,2024-08-05,85,亚马逊
SKU001,2024-08-05,39,独立站
SKU002,2024-08-05,73,亚马逊
SKU002,2024-08-05,31,独立站
SKU003,2024-08-05,124,亚马逊
SKU003,2024-08-05,61,独立站
SKU001,2024-08-06,98,亚马逊
SKU001,2024-08-06,35,独立站
SKU002,2024-08-06,63,亚马逊
SKU002,2024-08-06,24,独立站
SKU003,2024-08-06,116,亚马逊
SKU003,2024-08-06,61,独立站
SKU001,2024-08-07,85,亚马逊
SKU001,2024-08-07,43,独立站
SKU002,2024-08-07,69,亚马逊
SKU002,2024-08-07,28,独立站
SKU003,2024-08-07,110,亚马逊
SKU003,2024-08-07,46,独立站
SKU001,2024-08-08,106,亚马逊
SKU001,2024-08-08,44,独立站
SKU002,2024-08-08,66,亚马逊
SKU002,2024-08-08,27,独立站
SKU003,2024-08-08,146,亚马逊
SKU003,2024-08-08,60,独立站
SKU001,2024-08-09,78,亚马逊
SKU001,2024-08-09,37,独立站
SKU002,2024-08-09,68,亚马逊
SKU002,2024-08-09,27,独立站
SKU003,2024-08-09,152,亚马逊
SKU003,2024-08-09,50,独立站
SKU001,2024-08-10,93,亚马逊
SKU001,2024-08-10,41,独立站
SKU002,2024-08-10,56,亚马逊
SKU002,2024-08-10,28,独立站
SKU003,2024-08-10,151,亚马逊
SKU003,2024-08-10,65,独立站
SKU001,2024-08-11,76,亚马逊
SKU001,2024-08-11,43,独立站
SKU002,2024-08-11,60,亚马逊
SKU002,2024-08-11,22,独立站
SKU003,2024-08-11,164,亚马逊
SKU003,2024-08-11,56,独立站
SKU001,2024-08-12,83,亚马逊
SKU001,2024-08-12,37,独立站
SKU002,2024-08-12,60,亚马逊
SKU002,2024-08-12,30,独立站
SKU003,2024-08-12,135,亚马逊
SKU003,2024-08-12,58,独立站
SKU001,2024-08-13,82,亚马逊
SKU001,2024-08-13,28,独立站
SKU002,2024-08-13,73,亚马逊
SKU002,2024-08-13,25,独立站
SKU003,2024-08-13,136,亚马逊
SKU003,2024-08-13,61,独立站
SKU001,2024-08-14,79,亚马逊
SKU001,2024-08-14,43,独立站
SKU002,2024-08-14,69,亚马逊
SKU002,2024-08-14,25,独立站
SKU003,2024-08-14,163,亚马逊
SKU003,2024-08-14,64,独立站
SKU001,2024-08-15,96,亚马逊
SKU001,2024-08-15,40,独立站
SKU002,2024-08-15,61,亚马逊
SKU002,2024-08-15,25,独立站
SKU003,2024-08-15,124,亚马逊
SKU003,2024-08-15,46,独立站
SKU001,2024-08-16,107,亚马逊
SKU001,2024-08-16,47,独立站
SKU002,2024-08-16,62,亚马逊
SKU002,2024-08-16,29,独立站
SKU003,2024-08-16,130,亚马逊
SKU003,2024-08-16,58,独立站
SKU001,2024-08-17,95,亚马逊
SKU001,2024-08-17,37,独立站
SKU002,2024-08-17,63,亚马逊
SKU002,2024-08-17,22,独立站
SKU003,2024-08-17,144,亚马逊
SKU003,2024-08-17,64,独立站
SKU001,2024-08-18,76,亚马逊
SKU001,2024-08-18,34,独立站
SKU002,2024-08-18,68,亚马逊
SKU002,2024-08-18,24,独立站
SKU003,2024-08-18,120,亚马逊
SKU003,2024-08-18,46,独立站
SKU001,2024-08-19,82,亚马逊
SKU001,2024-08-19,38,独立站
SKU002,2024-08-19,64,亚马逊
SKU002,2024-08-19,25,独立站
SKU003,2024-08-19,125,亚马逊
SKU003,2024-08-19,50,独立站
SKU001,2024-08-20,78,亚马逊
SKU001,2024-08-20,39,独立站
SKU002,2024-08-20,56,亚马逊
SKU002,2024-08-20,26,独立站
SKU003,2024-08-20,147,亚马逊
SKU003,2024-08-20,67,独立站
SKU001,2024-08-21,105,亚马逊
SKU001,2024-08-21,34,独立站
SKU002,2024-08-21,55,亚马逊
SKU002,2024-08-21,23,独立站
SKU003,2024-08-21,129,亚马逊
SKU003,2024-08-21,52,独立站
SKU001,2024-08-22,85,亚马逊
SKU001,2024-08-22,37,独立站
SKU002,2024-08-22,72,亚马逊
SKU002,2024-08-22,23,独立站
SKU003,2024-08-22,118,亚马逊
SKU003,2024-08-22,47,独立站
SKU001,2024-08-23,95,亚马逊
SKU001,2024-08-23,41,独立站
SKU002,2024-08-23,58,亚马逊
SKU002,2024-08-23,24,独立站
SKU003,2024-08-23,109,亚马逊
SKU003,2024-08-23,51,独立站
SKU001,2024-08-24,78,亚马逊
SKU001,2024-08-24,37,独立站
SKU002,2024-08-24,68,亚马逊
SKU002,2024-08-24,27,独立站
SKU003,2024-08-24,123,亚马逊
SKU003,2024-08-24,44,独立站
SKU001,2024-08-25,107,亚马逊
SKU001,2024-08-25,49,独立站
SKU002,2024-08-25,70,亚马逊
SKU002,2024-08-25,24,独立站
SKU003,2024-08-25,154,亚马逊
SKU003,2024-08-25,51,独立站
SKU001,2024-08-26,69,亚马逊
SKU001,2024-08-26,33,独立站
SKU002,2024-08-26,57,亚马逊
SKU002,2024-08-26,25,独立站
SKU003,2024-08-26,112,亚马逊
SKU003,2024-08-26,55,独立站
SKU001,2024-08-27,88,亚马逊
SKU001,2024-08-27,42,独立站
SKU002,2024-08-27,69,亚马逊
SKU002,2024-08-27,27,独立站
SKU003,2024-08-27,147,亚马逊
SKU003,2024-08-27,55,独立站
SKU001,2024-08-28,98,亚马逊
SKU001,2024-08-28,46,独立站
SKU002,2024-08-28,62,亚马逊
SKU002,2024-08-28,26,独立站
SKU003,2024-08-28,125,亚马逊
SKU003,2024-08-28,58,独立站
SKU001,2024-08-29,94,亚马逊
SKU001,2024-08-29,43,独立站
SKU002,2024-08-29,63,亚马逊
SKU002,2024-08-29,25,独立站
SKU003,2024-08-29,145,亚马逊
SKU003,2024-08-29,56,独立站
SKU001,2024-08-30,79,亚马逊
SKU001,2024-08-30,32,独立站
SKU002,2024-08-30,67,亚马逊
SKU002,2024-08-30,29,独立站
SKU003,2024-08-30,123,亚马逊
SKU003,2024-08-30,51,独立站
SKU001,2024-08-31,94,亚马逊
SKU001,2024-08-31,39,独立站
SKU002,2024-08-31,60,亚马逊
SKU002,2024-08-31,22,独立站
SKU003,2024-08-31,133,亚马逊
SKU003,2024-08-31,48,独立站
SKU001,2024-09-01,75,亚马逊
SKU001,2024-09-01,36,独立站
SKU002,2024-09-01,50,亚马逊
SKU002,2024-09-01,19,独立站
SKU003,2024-09-01,104,亚马逊
SKU003,2024-09-01,42,独立站
SKU001,2024-09-02,82,亚马逊
SKU001,2024-09-02,32,独立站
SKU002,2024-09-02,49,亚马逊
SKU002,2024-09-02,27,独立站
SKU003,2024-09-02,107,亚马逊
SKU003,2024-09-02,54,独立站
SKU001,2024-09-03,102,亚马逊
SKU001,2024-09-03,35,独立站
SKU002,2024-09-03,62,亚马逊
SKU002,2024-09-03,22,独立站
SKU003,2024-09-03,98,亚马逊
SKU003,2024-09-03,37,独立站
SKU001,2024-09-04,71,亚马逊
SKU001,2024-09-04,30,独立站
SKU002,2024-09-04,55,亚马逊
SKU002,2024-09-04,22,独立站
SKU003,2024-09-04,114,亚马逊
SKU003,2024-09-04,48,独立站
SKU001,2024-09-05,72,亚马逊
SKU001,2024-09-05,38,独立站
SKU002,2024-09-05,51,亚马逊
SKU002,2024-09-05,20,独立站
SKU003,2024-09-05,101,亚马逊
SKU003,2024-09-05,46,独立站
SKU001,2024-09-06,81,亚马逊
SKU001,2024-09-06,34,独立站
SKU002,2024-09-06,61,亚马逊
SKU002,2024-09-06,23,独立站
SKU003,2024-09-06,137,亚马逊
SKU003,2024-09-06,52,独立站
SKU001,2024-09-07,94,亚马逊
SKU001,2024-09-07,50,独立站
SKU002,2024-09-07,49,亚马逊
SKU002,2024-09-07,20,独立站
SKU003,2024-09-07,116,亚马逊
SKU003,2024-09-07,60,独立站
SKU001,2024-09-08,71,亚马逊
SKU001,2024-09-08,37,独立站
SKU002,2024-09-08,64,亚马逊
SKU002,2024-09-08,21,独立站
SKU003,2024-09-08,111,亚马逊
SKU003,2024-09-08,55,独立站
SKU001,2024-09-09,91,亚马逊
SKU001,2024-09-09,36,独立站
SKU002,2024-09-09,49,亚马逊
SKU002,2024-09-09,20,独立站
SKU003,2024-09-09,110,亚马逊
SKU003,2024-09-09,46,独立站
SKU001,2024-09-10,93,亚马逊
SKU001,2024-09-10,43,独立站
SKU002,2024-09-10,57,亚马逊
SKU002,2024-09-10,24,独立站
SKU003,2024-09-10,123,亚马逊
SKU003,2024-09-10,59,独立站
SKU001,2024-09-11,85,亚马逊
SKU001,2024-09-11,32,独立站
SKU002,2024-09-11,57,亚马逊
SKU002,2024-09-11,24,独立站
SKU003,2024-09-11,129,亚马逊
SKU003,2024-09-11,60,独立站
SKU001,2024-09-12,46,亚马逊
SKU001,2024-09-12,23,独立站
SKU002,2024-09-12,62,亚马逊
SKU002,2024-09-12,22,独立站
SKU003,2024-09-12,121,亚马逊
SKU003,2024-09-12,53,独立站
SKU001,2024-09-13,67,亚马逊
SKU001,2024-09-13,36,独立站
SKU002,2024-09-13,49,亚马逊
SKU002,2024-09-13,28,独立站
SKU003,2024-09-13,121,亚马逊
SKU003,2024-09-13,47,独立站
SKU001,2024-09-14,89,亚马逊
SKU001,2024-09-14,39,独立站
SKU002,2024-09-14,52,亚马逊
SKU002,2024-09-14,22,独立站
SKU003,2024-09-14,129,亚马逊
SKU003,2024-09-14,57,独立站
SKU001,2024-09-15,72,亚马逊
SKU001,2024-09-15,35,独立站
SKU002,2024-09-15,51,亚马逊
SKU002,2024-09-15,24,独立站
SKU003,2024-09-15,103,亚马逊
SKU003,2024-09-15,41,独立站
SKU001,2024-09-16,85,亚马逊
SKU001,2024-09-16,38,独立站
SKU002,2024-09-16,36,亚马逊
SKU002,2024-09-16,18,独立站
SKU003,2024-09-16,131,亚马逊
SKU003,2024-09-16,54,独立站
SKU001,2024-09-17,60,亚马逊
SKU001,2024-09-17,26,独立站
SKU002,2024-09-17,52,亚马逊
SKU002,2024-09-17,23,独立站
SKU003,2024-09-17,121,亚马逊
SKU003,2024-09-17,54,独立站
SKU001,2024-09-18,71,亚马逊
SKU001,2024-09-18,34,独立站
SKU002,2024-09-18,50,亚马逊
SKU002,2024-09-18,23,独立站
SKU003,2024-09-18,107,亚马逊
SKU003,2024-09-18,57,独立站
SKU001,2024-09-19,55,亚马逊
SKU001,2024-09-19,23,独立站
SKU002,2024-09-19,46,亚马逊
SKU002,2024-09-19,24,独立站
SKU003,2024-09-19,139,亚马逊
SKU003,2024-09-19,59,独立站
SKU001,2024-09-20,72,亚马逊
SKU001,2024-09-20,30,独立站
SKU002,2024-09-20,51,亚马逊
SKU002,2024-09-20,23,独立站
SKU003,2024-09-20,103,亚马逊
SKU003,2024-09-20,42,独立站
SKU001,2024-09-21,80,亚马逊
SKU001,2024-09-21,30,独立站
SKU002,2024-09-21,45,亚马逊
SKU002,2024-09-21,23,独立站
SKU003,2024-09-21,124,亚马逊
SKU003,2024-09-21,41,独立站
SKU001,2024-09-22,75,亚马逊
SKU001,2024-09-22,37,独立站
SKU002,2024-09-22,46,亚马逊
SKU002,2024-09-22,19,独立站
SKU003,2024-09-22,125,亚马逊
SKU003,2024-09-22,45,独立站
SKU001,2024-09-23,80,亚马逊
SKU001,2024-09-23,39,独立站
SKU002,2024-09-23,51,亚马逊
SKU002,2024-09-23,26,独立站
SKU003,2024-09-23,120,亚马逊
SKU003,2024-09-23,49,独立站
SKU001,2024-09-24,77,亚马逊
SKU001,2024-09-24,34,独立站
SKU002,2024-09-24,66,亚马逊
SKU002,2024-09-24,26,独立站
SKU003,2024-09-24,150,亚马逊
SKU003,2024-09-24,60,独立站
SKU001,2024-09-25,80,亚马逊
SKU001,2024-09-25,33,独立站
SKU002,2024-09-25,44,亚马逊
SKU002,2024-09-25,20,独立站
SKU003,2024-09-25,115,亚马逊
SKU003,2024-09-25,49,独立站
SKU001,2024-09-26,77,亚马逊
SKU001,2024-09-26,34,独立站
SKU002,2024-09-26,53,亚马逊
SKU002,2024-09-26,20,独立站
SKU003,2024-09-26,126,亚马逊
SKU003,2024-09-26,54,独立站
SKU001,2024-09-27,84,亚马逊
SKU001,2024-09-27,40,独立站
SKU002,2024-09-27,42,亚马逊
SKU002,2024-09-27,20,独立站
SKU003,2024-09-27,86,亚马逊
SKU003,2024-09-27,43,独立站
SKU001,2024-09-28,93,亚马逊
SKU001,2024-09-28,35,独立站
SKU002,2024-09-28,49,亚马逊
SKU002,2024-09-28,18,独立站
SKU003,2024-09-28,154,亚马逊
SKU003,2024-09-28,55,独立站
SKU001,2024-09-29,66,亚马逊
SKU001,2024-09-29,32,独立站
SKU002,2024-09-29,48,亚马逊
SKU002,2024-09-29,24,独立站
SKU003,2024-09-29,114,亚马逊
SKU003,2024-09-29,47,独立站
SKU001,2024-09-30,72,亚马逊
SKU001,2024-09-30,31,独立站
SKU002,2024-09-30,59,亚马逊
SKU002,2024-09-30,22,独立站
SKU003,2024-09-30,120,亚马逊
SKU003,2024-09-30,46,独立站
SKU001,2024-10-01,82,亚马逊
SKU001,2024-10-01,40,独立站
SKU002,2024-10-01,48,亚马逊
SKU002,2024-10-01,20,独立站
SKU003,2024-10-01,106,亚马逊
SKU003,2024-10-01,47,独立站
SKU001,2024-10-02,68,亚马逊
SKU001,2024-10-02,32,独立站
SKU002,2024-10-02,48,亚马逊
SKU002,2024-10-02,20,独立站
SKU003,2024-10-02,111,亚马逊
SKU003,2024-10-02,52,独立站
SKU001,2024-10-03,85,亚马逊
SKU001,2024-10-03,28,独立站
SKU002,2024-10-03,56,亚马逊
SKU002,2024-10-03,23,独立站
SKU003,2024-10-03,105,亚马逊
SKU003,2024-10-03,43,独立站
SKU001,2024-10-04,76,亚马逊
SKU001,2024-10-04,34,独立站
SKU002,2024-10-04,53,亚马逊
SKU002,2024-10-04,21,独立站
SKU003,2024-10-04,78,亚马逊
SKU003,2024-10-04,44,独立站
SKU001,2024-10-05,86,亚马逊
SKU001,2024-10-05,28,独立站
SKU002,2024-10-05,49,亚马逊
SKU002,2024-10-05,20,独立站
SKU003,2024-10-05,110,亚马逊
SKU003,2024-10-05,49,独立站
SKU001,2024-10-06,74,亚马逊
SKU001,2024-10-06,27,独立站
SKU002,2024-10-06,51,亚马逊
SKU002,2024-10-06,23,独立站
SKU003,2024-10-06,116,亚马逊
SKU003,2024-10-06,51,独立站
SKU001,2024-10-07,72,亚马逊
SKU001,2024-10-07,35,独立站
SKU002,2024-10-07,55,亚马逊
SKU002,2024-10-07,19,独立站
SKU003,2024-10-07,89,亚马逊
SKU003,2024-10-07,49,独立站
SKU001,2024-10-08,94,亚马逊
SKU001,2024-10-08,37,独立站
SKU002,2024-10-08,53,亚马逊
SKU002,2024-10-08,24,独立站
SKU003,2024-10-08,121,亚马逊
SKU003,2024-10-08,47,独立站
SKU001,2024-10-09,48,亚马逊
SKU001,2024-10-09,21,独立站
SKU002,2024-10-09,57,亚马逊
SKU002,2024-10-09,23,独立站
SKU003,2024-10-09,120,亚马逊
SKU003,2024-10-09,41,独立站
SKU001,2024-10-10,91,亚马逊
SKU001,2024-10-10,39,独立站
SKU002,2024-10-10,39,亚马逊
SKU002,2024-10-10,17,独立站
SKU003,2024-10-10,102,亚马逊
SKU003,2024-10-10,52,独立站
SKU001,2024-10-11,85,亚马逊
SKU001,2024-10-11,30,独立站
SKU002,2024-10-11,50,亚马逊
SKU002,2024-10-11,23,独立站
SKU003,2024-10-11,126,亚马逊
SKU003,2024-10-11,46,独立站
SKU001,2024-10-12,65,亚马逊
SKU001,2024-10-12,29,独立站
SKU002,2024-10-12,41,亚马逊
SKU002,2024-10-12,19,独立站
SKU003,2024-10-12,125,亚马逊
SKU003,2024-10-12,43,独立站
SKU001,2024-10-13,60,亚马逊
SKU001,2024-10-13,30,独立站
SKU002,2024-10-13,57,亚马逊
SKU002,2024-10-13,20,独立站
SKU003,2024-10-13,105,亚马逊
SKU003,2024-10-13,47,独立站
SKU001,2024-10-14,66,亚马逊
SKU001,2024-10-14,30,独立站
SKU002,2024-10-14,62,亚马逊
SKU002,2024-10-14,20,独立站
SKU003,2024-10-14,117,亚马逊
SKU003,2024-10-14,44,独立站
SKU001,2024-10-15,99,亚马逊
SKU001,2024-10-15,42,独立站
SKU002,2024-10-15,47,亚马逊
SKU002,2024-10-15,19,独立站
SKU003,2024-10-15,104,亚马逊
SKU003,2024-10-15,42,独立站
SKU001,2024-10-16,86,亚马逊
SKU001,2024-10-16,32,独立站
SKU002,2024-10-16,46,亚马逊
SKU002,2024-10-16,18,独立站
SKU003,2024-10-16,85,亚马逊
SKU003,2024-10-16,38,独立站
SKU001,2024-10-17,81,亚马逊
SKU001,2024-10-17,31,独立站
SKU002,2024-10-17,52,亚马逊
SKU002,2024-10-17,23,独立站
SKU003,2024-10-17,123,亚马逊
SKU003,2024-10-17,54,独立站
SKU001,2024-10-18,85,亚马逊
SKU001,2024-10-18,37,独立站
SKU002,2024-10-18,53,亚马逊
SKU002,2024-10-18,20,独立站
SKU003,2024-10-18,123,亚马逊
SKU003,2024-10-18,48,独立站
SKU001,2024-10-19,61,亚马逊
SKU001,2024-10-19,30,独立站
SKU002,2024-10-19,47,亚马逊
SKU002,2024-10-19,19,独立站
SKU003,2024-10-19,85,亚马逊
SKU003,2024-10-19,36,独立站
SKU001,2024-10-20,73,亚马逊
SKU001,2024-10-20,34,独立站
SKU002,2024-10-20,48,亚马逊
SKU002,2024-10-20,25,独立站
SKU003,2024-10-20,128,亚马逊
SKU003,2024-10-20,50,独立站
SKU001,2024-10-21,63,亚马逊
SKU001,2024-10-21,33,独立站
SKU002,2024-10-21,42,亚马逊
SKU002,2024-10-21,20,独立站
SKU003,2024-10-21,117,亚马逊
SKU003,2024-10-21,40,独立站
SKU001,2024-10-22,71,亚马逊
SKU001,2024-10-22,30,独立站
SKU002,2024-10-22,57,亚马逊
SKU002,2024-10-22,25,独立站
SKU003,2024-10-22,94,亚马逊
SKU003,2024-10-22,38,独立站
SKU001,2024-10-23,94,亚马逊
SKU001,2024-10-23,33,独立站
SKU002,2024-10-23,43,亚马逊
SKU002,2024-10-23,21,独立站
SKU003,2024-10-23,106,亚马逊
SKU003,2024-10-23,46,独立站
SKU001,2024-10-24,77,亚马逊
SKU001,2024-10-24,38,独立站
SKU002,2024-10-24,49,亚马逊
SKU002,2024-10-24,19,独立站
SKU003,2024-10-24,134,亚马逊
SKU003,2024-10-24,43,独立站
SKU001,2024-10-25,76,亚马逊
SKU001,2024-10-25,37,独立站
SKU002,2024-10-25,44,亚马逊
SKU002,2024-10-25,15,独立站
SKU003,2024-10-25,131,亚马逊
SKU003,2024-10-25,66,独立站
SKU001,2024-10-26,113,亚马逊
SKU001,2024-10-26,46,独立站
SKU002,2024-10-26,54,亚马逊
SKU002,2024-10-26,21,独立站
SKU003,2024-10-26,143,亚马逊
SKU003,2024-10-26,63,独立站
SKU001,2024-10-27,75,亚马逊
SKU001,2024-10-27,33,独立站
SKU002,2024-10-27,44,亚马逊
SKU002,2024-10-27,22,独立站
SKU003,2024-10-27,124,亚马逊
SKU003,2024-10-27,51,独立站
SKU001,2024-10-28,93,亚马逊
SKU001,2024-10-28,35,独立站
SKU002,2024-10-28,47,亚马逊
SKU002,2024-10-28,20,独立站
SKU003,2024-10-28,102,亚马逊
SKU003,2024-10-28,39,独立站
SKU001,2024-10-29,66,亚马逊
SKU001,2024-10-29,29,独立站
SKU002,2024-10-29,48,亚马逊
SKU002,2024-10-29,23,独立站
SKU003,2024-10-29,118,亚马逊
SKU003,2024-10-29,52,独立站
SKU001,2024-10-30,63,亚马逊
SKU001,2024-10-30,32,独立站
SKU002,2024-10-30,33,亚马逊
SKU002,2024-10-30,17,独立站
SKU003,2024-10-30,112,亚马逊
SKU003,2024-10-30,50,独立站
SKU001,2024-10-31,86,亚马逊
SKU001,2024-10-31,38,独立站
SKU002,2024-10-31,44,亚马逊
SKU002,2024-10-31,21,独立站
SKU003,2024-10-31,142,亚马逊
SKU003,2024-10-31,46,独立站
SKU001,2024-11-01,86,亚马逊
SKU001,2024-11-01,30,独立站
SKU002,2024-11-01,40,亚马逊
SKU002,2024-11-01,17,独立站
SKU003,2024-11-01,127,亚马逊
SKU003,2024-11-01,50,独立站
SKU001,2024-11-02,65,亚马逊
SKU001,2024-11-02,34,独立站
SKU002,2024-11-02,58,亚马逊
SKU002,2024-11-02,26,独立站
SKU003,2024-11-02,89,亚马逊
SKU003,2024-11-02,42,独立站
SKU001,2024-11-03,103,亚马逊
SKU001,2024-11-03,40,独立站
SKU002,2024-11-03,54,亚马逊
SKU002,2024-11-03,24,独立站
SKU003,2024-11-03,146,亚马逊
SKU003,2024-11-03,51,独立站
SKU001,2024-11-04,70,亚马逊
SKU001,2024-11-04,35,独立站
SKU002,2024-11-04,41,亚马逊
SKU002,2024-11-04,20,独立站
SKU003,2024-11-04,123,亚马逊
SKU003,2024-11-04,52,独立站
SKU001,2024-11-05,70,亚马逊
SKU001,2024-11-05,29,独立站
SKU002,2024-11-05,40,亚马逊
SKU002,2024-11-05,19,独立站
SKU003,2024-11-05,102,亚马逊
SKU003,2024-11-05,44,独立站
SKU001,2024-11-06,84,亚马逊
SKU001,2024-11-06,30,独立站
SKU002,2024-11-06,47,亚马逊
SKU002,2024-11-06,26,独立站
SKU003,2024-11-06,114,亚马逊
SKU003,2024-11-06,49,独立站
SKU001,2024-11-07,81,亚马逊
SKU001,2024-11-07,30,独立站
SKU002,2024-11-07,61,亚马逊
SKU002,2024-11-07,25,独立站
SKU003,2024-11-07,97,亚马逊
SKU003,2024-11-07,41,独立站
SKU001,2024-11-08,100,亚马逊
SKU001,2024-11-08,33,独立站
SKU002,2024-11-08,48,亚马逊
SKU002,2024-11-08,26,独立站
SKU003,2024-11-08,114,亚马逊
SKU003,2024-11-08,55,独立站
SKU001,2024-11-09,88,亚马逊
SKU001,2024-11-09,37,独立站
SKU002,2024-11-09,53,亚马逊
SKU002,2024-11-09,20,独立站
SKU003,2024-11-09,115,亚马逊
SKU003,2024-11-09,57,独立站
SKU001,2024-11-10,81,亚马逊
SKU001,2024-11-10,40,独立站
SKU002,2024-11-10,58,亚马逊
SKU002,2024-11-10,19,独立站
SKU003,2024-11-10,103,亚马逊
SKU003,2024-11-10,54,独立站
SKU001,2024-11-11,88,亚马逊
SKU001,2024-11-11,32,独立站
SKU002,2024-11-11,53,亚马逊
SKU002,2024-11-11,18,独立站
SKU003,2024-11-11,99,亚马逊
SKU003,2024-11-11,43,独立站
SKU001,2024-11-12,73,亚马逊
SKU001,2024-11-12,26,独立站
SKU002,2024-11-12,52,亚马逊
SKU002,2024-11-12,27,独立站
SKU003,2024-11-12,101,亚马逊
SKU003,2024-11-12,42,独立站
SKU001,2024-11-13,64,亚马逊
SKU001,2024-11-13,31,独立站
SKU002,2024-11-13,60,亚马逊
SKU002,2024-11-13,21,独立站
SKU003,2024-11-13,155,亚马逊
SKU003,2024-11-13,64,独立站
SKU001,2024-11-14,95,亚马逊
SKU001,2024-11-14,36,独立站
SKU002,2024-11-14,50,亚马逊
SKU002,2024-11-14,24,独立站
SKU003,2024-11-14,130,亚马逊
SKU003,2024-11-14,48,独立站
SKU001,2024-11-15,84,亚马逊
SKU001,2024-11-15,42,独立站
SKU002,2024-11-15,55,亚马逊
SKU002,2024-11-15,24,独立站
SKU003,2024-11-15,166,亚马逊
SKU003,2024-11-15,66,独立站
SKU001,2024-11-16,81,亚马逊
SKU001,2024-11-16,31,独立站
SKU002,2024-11-16,65,亚马逊
SKU002,2024-11-16,25,独立站
SKU003,2024-11-16,162,亚马逊
SKU003,2024-11-16,53,独立站
SKU001,2024-11-17,80,亚马逊
SKU001,2024-11-17,29,独立站
SKU002,2024-11-17,48,亚马逊
SKU002,2024-11-17,21,独立站
SKU003,2024-11-17,101,亚马逊
SKU003,2024-11-17,50,独立站
SKU001,2024-11-18,79,亚马逊
SKU001,2024-11-18,30,独立站
SKU002,2024-11-18,55,亚马逊
SKU002,2024-11-18,23,独立站
SKU003,2024-11-18,140,亚马逊
SKU003,2024-11-18,57,独立站
SKU001,2024-11-19,73,亚马逊
SKU001,2024-11-19,33,独立站
SKU002,2024-11-19,47,亚马逊
SKU002,2024-11-19,20,独立站
SKU003,2024-11-19,103,亚马逊
SKU003,2024-11-19,44,独立站
SKU001,2024-11-20,79,亚马逊
SKU001,2024-11-20,40,独立站
SKU002,2024-11-20,63,亚马逊
SKU002,2024-11-20,22,独立站
SKU003,2024-11-20,134,亚马逊
SKU003,2024-11-20,56,独立站
SKU001,2024-11-21,53,亚马逊
SKU001,2024-11-21,25,独立站
SKU002,2024-11-21,48,亚马逊
SKU002,2024-11-21,25,独立站
SKU003,2024-11-21,164,亚马逊
SKU003,2024-11-21,73,独立站
SKU001,2024-11-22,82,亚马逊
SKU001,2024-11-22,37,独立站
SKU002,2024-11-22,50,亚马逊
SKU002,2024-11-22,25,独立站
SKU003,2024-11-22,115,亚马逊
SKU003,2024-11-22,47,独立站
SKU001,2024-11-23,64,亚马逊
SKU001,2024-11-23,26,独立站
SKU002,2024-11-23,59,亚马逊
SKU002,2024-11-23,22,独立站
SKU003,2024-11-23,113,亚马逊
SKU003,2024-11-23,47,独立站
SKU001,2024-11-24,65,亚马逊
SKU001,2024-11-24,29,独立站
SKU002,2024-11-24,46,亚马逊
SKU002,2024-11-24,20,独立站
SKU003,2024-11-24,92,亚马逊
SKU003,2024-11-24,49,独立站
SKU001,2024-11-25,78,亚马逊
SKU001,2024-11-25,32,独立站
SKU002,2024-11-25,44,亚马逊
SKU002,2024-11-25,20,独立站
SKU003,2024-11-25,99,亚马逊
SKU003,2024-11-25,36,独立站
SKU001,2024-11-26,63,亚马逊
SKU001,2024-11-26,25,独立站
SKU002,2024-11-26,53,亚马逊
SKU002,2024-11-26,20,独立站
SKU003,2024-11-26,101,亚马逊
SKU003,2024-11-26,40,独立站
SKU001,2024-11-27,87,亚马逊
SKU001,2024-11-27,32,独立站
SKU002,2024-11-27,52,亚马逊
SKU002,2024-11-27,24,独立站
SKU003,2024-11-27,112,亚马逊
SKU003,2024-11-27,42,独立站
SKU001,2024-11-28,106,亚马逊
SKU001,2024-11-28,46,独立站
SKU002,2024-11-28,43,亚马逊
SKU002,2024-11-28,17,独立站
SKU003,2024-11-28,134,亚马逊
SKU003,2024-11-28,57,独立站
SKU001,2024-11-29,105,亚马逊
SKU001,2024-11-29,40,独立站
SKU002,2024-11-29,58,亚马逊
SKU002,2024-11-29,23,独立站
SKU003,2024-11-29,121,亚马逊
SKU003,2024-11-29,52,独立站
SKU001,2024-11-30,71,亚马逊
SKU001,2024-11-30,34,独立站
SKU002,2024-11-30,58,亚马逊
SKU002,2024-11-30,20,独立站
SKU003,2024-11-30,146,亚马逊
SKU003,2024-11-30,48,独立站
SKU001,2024-12-01,76,亚马逊
SKU001,2024-12-01,27,独立站
SKU002,2024-12-01,67,亚马逊
SKU002,2024-12-01,33,独立站
SKU003,2024-12-01,132,亚马逊
SKU003,2024-12-01,52,独立站
SKU001,2024-12-02,83,亚马逊
SKU001,2024-12-02,32,独立站
SKU002,2024-12-02,52,亚马逊
SKU002,2024-12-02,23,独立站
SKU003,2024-12-02,156,亚马逊
SKU003,2024-12-02,53,独立站
SKU001,2024-12-03,94,亚马逊
SKU001,2024-12-03,46,独立站
SKU002,2024-12-03,65,亚马逊
SKU002,2024-12-03,27,独立站
SKU003,2024-12-03,138,亚马逊
SKU003,2024-12-03,50,独立站
SKU001,2024-12-04,104,亚马逊
SKU001,2024-12-04,44,独立站
SKU002,2024-12-04,76,亚马逊
SKU002,2024-12-04,30,独立站
SKU003,2024-12-04,146,亚马逊
SKU003,2024-12-04,65,独立站
SKU001,2024-12-05,76,亚马逊
SKU001,2024-12-05,32,独立站
SKU002,2024-12-05,70,亚马逊
SKU002,2024-12-05,29,独立站
SKU003,2024-12-05,146,亚马逊
SKU003,2024-12-05,63,独立站
SKU001,2024-12-06,97,亚马逊
SKU001,2024-12-06,36,独立站
SKU002,2024-12-06,65,亚马逊
SKU002,2024-12-06,30,独立站
SKU003,2024-12-06,118,亚马逊
SKU003,2024-12-06,49,独立站
SKU001,2024-12-07,79,亚马逊
SKU001,2024-12-07,36,独立站
SKU002,2024-12-07,55,亚马逊
SKU002,2024-12-07,23,独立站
SKU003,2024-12-07,156,亚马逊
SKU003,2024-12-07,61,独立站
SKU001,2024-12-08,105,亚马逊
SKU001,2024-12-08,38,独立站
SKU002,2024-12-08,71,亚马逊
SKU002,2024-12-08,26,独立站
SKU003,2024-12-08,131,亚马逊
SKU003,2024-12-08,55,独立站
SKU001,2024-12-09,88,亚马逊
SKU001,2024-12-09,44,独立站
SKU002,2024-12-09,59,亚马逊
SKU002,2024-12-09,28,独立站
SKU003,2024-12-09,130,亚马逊
SKU003,2024-12-09,55,独立站
SKU001,2024-12-10,75,亚马逊
SKU001,2024-12-10,39,独立站
SKU002,2024-12-10,61,亚马逊
SKU002,2024-12-10,27,独立站
SKU003,2024-12-10,121,亚马逊
SKU003,2024-12-10,63,独立站
SKU001,2024-12-11,74,亚马逊
SKU001,2024-12-11,37,独立站
SKU002,2024-12-11,66,亚马逊
SKU002,2024-12-11,29,独立站
SKU003,2024-12-11,159,亚马逊
SKU003,2024-12-11,68,独立站
SKU001,2024-12-12,84,亚马逊
SKU001,2024-12-12,36,独立站
SKU002,2024-12-12,60,亚马逊
SKU002,2024-12-12,21,独立站
SKU003,2024-12-12,162,亚马逊
SKU003,2024-12-12,72,独立站
SKU001,2024-12-13,90,亚马逊
SKU001,2024-12-13,36,独立站
SKU002,2024-12-13,47,亚马逊
SKU002,2024-12-13,22,独立站
SKU003,2024-12-13,144,亚马逊
SKU003,2024-12-13,58,独立站
SKU001,2024-12-14,93,亚马逊
SKU001,2024-12-14,37,独立站
SKU002,2024-12-14,58,亚马逊
SKU002,2024-12-14,23,独立站
SKU003,2024-12-14,144,亚马逊
SKU003,2024-12-14,62,独立站
SKU001,2024-12-15,113,亚马逊
SKU001,2024-12-15,44,独立站
SKU002,2024-12-15,67,亚马逊
SKU002,2024-12-15,26,独立站
SKU003,2024-12-15,144,亚马逊
SKU003,2024-12-15,56,独立站
SKU001,2024-12-16,109,亚马逊
SKU001,2024-12-16,46,独立站
SKU002,2024-12-16,50,亚马逊
SKU002,2024-12-16,22,独立站
SKU003,2024-12-16,148,亚马逊
SKU003,2024-12-16,53,独立站
SKU001,2024-12-17,98,亚马逊
SKU001,2024-12-17,45,独立站
SKU002,2024-12-17,62,亚马逊
SKU002,2024-12-17,21,独立站
SKU003,2024-12-17,155,亚马逊
SKU003,2024-12-17,70,独立站
SKU001,2024-12-18,94,亚马逊
SKU001,2024-12-18,39,独立站
SKU002,2024-12-18,72,亚马逊
SKU002,2024-12-18,30,独立站
SKU003,2024-12-18,141,亚马逊
SKU003,2024-12-18,64,独立站
SKU001,2024-12-19,93,亚马逊
SKU001,2024-12-19,32,独立站
SKU002,2024-12-19,77,亚马逊
SKU002,2024-12-19,32,独立站
SKU003,2024-12-19,167,亚马逊
SKU003,2024-12-19,63,独立站
SKU001,2024-12-20,63,亚马逊
SKU001,2024-12-20,30,独立站
SKU002,2024-12-20,55,亚马逊
SKU002,2024-12-20,28,独立站
SKU003,2024-12-20,151,亚马逊
SKU003,2024-12-20,58,独立站
SKU001,2024-12-21,91,亚马逊
SKU001,2024-12-21,44,独立站
SKU002,2024-12-21,69,亚马逊
SKU002,2024-12-21,29,独立站
SKU003,2024-12-21,132,亚马逊
SKU003,2024-12-21,49,独立站
SKU001,2024-12-22,91,亚马逊
SKU001,2024-12-22,45,独立站
SKU002,2024-12-22,65,亚马逊
SKU002,2024-12-22,20,独立站
SKU003,2024-12-22,159,亚马逊
SKU003,2024-12-22,59,独立站
SKU001,2024-12-23,109,亚马逊
SKU001,2024-12-23,37,独立站
SKU002,2024-12-23,66,亚马逊
SKU002,2024-12-23,27,独立站
SKU003,2024-12-23,147,亚马逊
SKU003,2024-12-23,64,独立站
SKU001,2024-12-24,79,亚马逊
SKU001,2024-12-24,35,独立站
SKU002,2024-12-24,52,亚马逊
SKU002,2024-12-24,24,独立站
SKU003,2024-12-24,117,亚马逊
SKU003,2024-12-24,49,独立站
SKU001,2024-12-25,103,亚马逊
SKU001,2024-12-25,41,独立站
SKU002,2024-12-25,56,亚马逊
SKU002,2024-12-25,28,独立站
SKU003,2024-12-25,134,亚马逊
SKU003,2024-12-25,57,独立站
SKU001,2024-12-26,81,亚马逊
SKU001,2024-12-26,36,独立站
SKU002,2024-12-26,62,亚马逊
SKU002,2024-12-26,22,独立站
SKU003,2024-12-26,128,亚马逊
SKU003,2024-12-26,58,独立站
SKU001,2024-12-27,97,亚马逊
SKU001,2024-12-27,33,独立站
SKU002,2024-12-27,57,亚马逊
SKU002,2024-12-27,26,独立站
SKU003,2024-12-27,136,亚马逊
SKU003,2024-12-27,47,独立站
SKU001,2024-12-28,83,亚马逊
SKU001,2024-12-28,41,独立站
SKU002,2024-12-28,71,亚马逊
SKU002,2024-12-28,32,独立站
SKU003,2024-12-28,127,亚马逊
SKU003,2024-12-28,63,独立站
SKU001,2024-12-29,74,亚马逊
SKU001,2024-12-29,35,独立站
SKU002,2024-12-29,72,亚马逊
SKU002,2024-12-29,32,独立站
SKU003,2024-12-29,143,亚马逊
SKU003,2024-12-29,62,独立站
SKU001,2024-12-30,105,亚马逊
SKU001,2024-12-30,47,独立站
SKU002,2024-12-30,56,亚马逊
SKU002,2024-12-30,20,独立站
SKU003,2024-12-30,145,亚马逊
SKU003,2024-12-30,58,独立站
SKU001,2024-12-31,80,亚马逊
SKU001,2024-12-31,38,独立站
SKU002,2024-12-31,64,亚马逊
SKU002,2024-12-31,27,独立站
SKU003,2024-12-31,129,亚马逊
SKU003,2024-12-31,60,独立站
SKU001,2025-01-01,121,亚马逊
SKU001,2025-01-01,41,独立站
SKU002,2025-01-01,72,亚马逊
SKU002,2025-01-01,31,独立站
SKU003,2025-01-01,174,亚马逊
SKU003,2025-01-01,82,独立站
SKU001,2025-01-02,103,亚马逊
SKU001,2025-01-02,48,独立站
SKU002,2025-01-02,66,亚马逊
SKU002,2025-01-02,29,独立站
SKU003,2025-01-02,134,亚马逊
SKU003,2025-01-02,57,独立站
SKU001,2025-01-03,117,亚马逊
SKU001,2025-01-03,51,独立站
SKU002,2025-01-03,78,亚马逊
SKU002,2025-01-03,29,独立站
SKU003,2025-01-03,169,亚马逊
SKU003,2025-01-03,66,独立站
SKU001,2025-01-04,106,亚马逊
SKU001,2025-01-04,49,独立站
SKU002,2025-01-04,72,亚马逊
SKU002,2025-01-04,27,独立站
SKU003,2025-01-04,153,亚马逊
SKU003,2025-01-04,79,独立站
SKU001,2025-01-05,86,亚马逊
SKU001,2025-01-05,48,独立站
SKU002,2025-01-05,73,亚马逊
SKU002,2025-01-05,29,独立站
SKU003,2025-01-05,150,亚马逊
SKU003,2025-01-05,62,独立站
SKU001,2025-01-06,99,亚马逊
SKU001,2025-01-06,48,独立站
SKU002,2025-01-06,61,亚马逊
SKU002,2025-01-06,32,独立站
SKU003,2025-01-06,151,亚马逊
SKU003,2025-01-06,64,独立站
SKU001,2025-01-07,103,亚马逊
SKU001,2025-01-07,43,独立站
SKU002,2025-01-07,77,亚马逊
SKU002,2025-01-07,36,独立站
SKU003,2025-01-07,169,亚马逊
SKU003,2025-01-07,59,独立站
SKU001,2025-01-08,104,亚马逊
SKU001,2025-01-08,47,独立站
SKU002,2025-01-08,76,亚马逊
SKU002,2025-01-08,35,独立站
SKU003,2025-01-08,134,亚马逊
SKU003,2025-01-08,57,独立站
SKU001,2025-01-09,100,亚马逊
SKU001,2025-01-09,35,独立站
SKU002,2025-01-09,70,亚马逊
SKU002,2025-01-09,34,独立站
SKU003,2025-01-09,158,亚马逊
SKU003,2025-01-09,61,独立站
SKU001,2025-01-10,101,亚马逊
SKU001,2025-01-10,46,独立站
SKU002,2025-01-10,75,亚马逊
SKU002,2025-01-10,26,独立站
SKU003,2025-01-10,191,亚马逊
SKU003,2025-01-10,69,独立站
SKU001,2025-01-11,130,亚马逊
SKU001,2025-01-11,47,独立站
SKU002,2025-01-11,72,亚马逊
SKU002,2025-01-11,30,独立站
SKU003,2025-01-11,175,亚马逊
SKU003,2025-01-11,64,独立站
SKU001,2025-01-12,114,亚马逊
SKU001,2025-01-12,44,独立站
SKU002,2025-01-12,82,亚马逊
SKU002,2025-01-12,29,独立站
SKU003,2025-01-12,170,亚马逊
SKU003,2025-01-12,74,独立站
SKU001,2025-01-13,132,亚马逊
SKU001,2025-01-13,55,独立站
SKU002,2025-01-13,75,亚马逊
SKU002,2025-01-13,27,独立站
SKU003,2025-01-13,197,亚马逊
SKU003,2025-01-13,69,独立站
SKU001,2025-01-14,115,亚马逊
SKU001,2025-01-14,45,独立站
SKU002,2025-01-14,60,亚马逊
SKU002,2025-01-14,29,独立站
SKU003,2025-01-14,176,亚马逊
SKU003,2025-01-14,60,独立站
SKU001,2025-01-15,99,亚马逊
SKU001,2025-01-15,43,独立站
SKU002,2025-01-15,64,亚马逊
SKU002,2025-01-15,31,独立站
SKU003,2025-01-15,149,亚马逊
SKU003,2025-01-15,68,独立站
SKU001,2025-01-16,87,亚马逊
SKU001,2025-01-16,38,独立站
SKU002,2025-01-16,83,亚马逊
SKU002,2025-01-16,35,独立站
SKU003,2025-01-16,194,亚马逊
SKU003,2025-01-16,67,独立站
SKU001,2025-01-17,97,亚马逊
SKU001,2025-01-17,48,独立站
SKU002,2025-01-17,92,亚马逊
SKU002,2025-01-17,39,独立站
SKU003,2025-01-17,163,亚马逊
SKU003,2025-01-17,68,独立站
SKU001,2025-01-18,89,亚马逊
SKU001,2025-01-18,40,独立站
SKU002,2025-01-18,70,亚马逊
SKU002,2025-01-18,36,独立站
SKU003,2025-01-18,158,亚马逊
SKU003,2025-01-18,63,独立站
SKU001,2025-01-19,95,亚马逊
SKU001,2025-01-19,38,独立站
SKU002,2025-01-19,64,亚马逊
SKU002,2025-01-19,27,独立站
SKU003,2025-01-19,164,亚马逊
SKU003,2025-01-19,79,独立站
SKU001,2025-01-20,115,亚马逊
SKU001,2025-01-20,53,独立站
SKU002,2025-01-20,77,亚马逊
SKU002,2025-01-20,35,独立站
SKU003,2025-01-20,171,亚马逊
SKU003,2025-01-20,71,独立站
SKU001,2025-01-21,110,亚马逊
SKU001,2025-01-21,45,独立站
SKU002,2025-01-21,64,亚马逊
SKU002,2025-01-21,35,独立站
SKU003,2025-01-21,155,亚马逊
SKU003,2025-01-21,81,独立站
SKU001,2025-01-22,115,亚马逊
SKU001,2025-01-22,43,独立站
SKU002,2025-01-22,69,亚马逊
SKU002,2025-01-22,35,独立站
SKU003,2025-01-22,158,亚马逊
SKU003,2025-01-22,71,独立站
SKU001,2025-01-23,79,亚马逊
SKU001,2025-01-23,34,独立站
SKU002,2025-01-23,71,亚马逊
SKU002,2025-01-23,28,独立站
SKU003,2025-01-23,155,亚马逊
SKU003,2025-01-23,73,独立站
SKU001,2025-01-24,93,亚马逊
SKU001,2025-01-24,45,独立站
SKU002,2025-01-24,68,亚马逊
SKU002,2025-01-24,29,独立站
SKU003,2025-01-24,194,亚马逊
SKU003,2025-01-24,72,独立站
SKU001,2025-01-25,105,亚马逊
SKU001,2025-01-25,37,独立站
SKU002,2025-01-25,54,亚马逊
SKU002,2025-01-25,26,独立站
SKU003,2025-01-25,153,亚马逊
SKU003,2025-01-25,62,独立站
SKU001,2025-01-26,134,亚马逊
SKU001,2025-01-26,45,独立站
SKU002,2025-01-26,74,亚马逊
SKU002,2025-01-26,27,独立站
SKU003,2025-01-26,165,亚马逊
SKU003,2025-01-26,69,独立站
SKU001,2025-01-27,129,亚马逊
SKU001,2025-01-27,49,独立站
SKU002,2025-01-27,70,亚马逊
SKU002,2025-01-27,24,独立站
SKU003,2025-01-27,153,亚马逊
SKU003,2025-01-27,71,独立站
SKU001,2025-01-28,112,亚马逊
SKU001,2025-01-28,40,独立站
SKU002,2025-01-28,74,亚马逊
SKU002,2025-01-28,35,独立站
SKU003,2025-01-28,147,亚马逊
SKU003,2025-01-28,59,独立站
SKU001,2025-01-29,85,亚马逊
SKU001,2025-01-29,39,独立站
SKU002,2025-01-29,66,亚马逊
SKU002,2025-01-29,30,独立站
SKU003,2025-01-29,149,亚马逊
SKU003,2025-01-29,59,独立站
SKU001,2025-01-30,99,亚马逊
SKU001,2025-01-30,52,独立站
SKU002,2025-01-30,64,亚马逊
SKU002,2025-01-30,34,独立站
SKU003,2025-01-30,156,亚马逊
SKU003,2025-01-30,60,独立站
SKU001,2025-01-31,141,亚马逊
SKU001,2025-01-31,48,独立站
SKU002,2025-01-31,81,亚马逊
SKU002,2025-01-31,35,独立站
SKU003,2025-01-31,170,亚马逊
SKU003,2025-01-31,68,独立站
SKU001,2025-02-01,142,亚马逊
SKU001,2025-02-01,57,独立站
SKU002,2025-02-01,84,亚马逊
SKU002,2025-02-01,37,独立站
SKU003,2025-02-01,187,亚马逊
SKU003,2025-02-01,98,独立站
SKU001,2025-02-02,133,亚马逊
SKU001,2025-02-02,56,独立站
SKU002,2025-02-02,95,亚马逊
SKU002,2025-02-02,33,独立站
SKU003,2025-02-02,185,亚马逊
SKU003,2025-02-02,74,独立站
SKU001,2025-02-03,139,亚马逊
SKU001,2025-02-03,55,独立站
SKU002,2025-02-03,89,亚马逊
SKU002,2025-02-03,34,独立站
SKU003,2025-02-03,200,亚马逊
SKU003,2025-02-03,89,独立站
SKU001,2025-02-04,135,亚马逊
SKU001,2025-02-04,49,独立站
SKU002,2025-02-04,99,亚马逊
SKU002,2025-02-04,31,独立站
SKU003,2025-02-04,218,亚马逊
SKU003,2025-02-04,78,独立站
SKU001,2025-02-05,152,亚马逊
SKU001,2025-02-05,52,独立站
SKU002,2025-02-05,71,亚马逊
SKU002,2025-02-05,33,独立站
SKU003,2025-02-05,188,亚马逊
SKU003,2025-02-05,74,独立站
SKU001,2025-02-06,132,亚马逊
SKU001,2025-02-06,59,独立站
SKU002,2025-02-06,66,亚马逊
SKU002,2025-02-06,31,独立站
SKU003,2025-02-06,179,亚马逊
SKU003,2025-02-06,78,独立站
SKU001,2025-02-07,120,亚马逊
SKU001,2025-02-07,66,独立站
SKU002,2025-02-07,97,亚马逊
SKU002,2025-02-07,36,独立站
SKU003,2025-02-07,156,亚马逊
SKU003,2025-02-07,66,独立站
SKU001,2025-02-08,93,亚马逊
SKU001,2025-02-08,47,独立站
SKU002,2025-02-08,77,亚马逊
SKU002,2025-02-08,42,独立站
SKU003,2025-02-08,189,亚马逊
SKU003,2025-02-08,76,独立站
SKU001,2025-02-09,143,亚马逊
SKU001,2025-02-09,54,独立站
SKU002,2025-02-09,82,亚马逊
SKU002,2025-02-09,42,独立站
SKU003,2025-02-09,165,亚马逊
SKU003,2025-02-09,74,独立站
SKU001,2025-02-10,137,亚马逊
SKU001,2025-02-10,58,独立站
SKU002,2025-02-10,73,亚马逊
SKU002,2025-02-10,31,独立站
SKU003,2025-02-10,175,亚马逊
SKU003,2025-02-10,87,独立站
SKU001,2025-02-11,103,亚马逊
SKU001,2025-02-11,46,独立站
SKU002,2025-02-11,63,亚马逊
SKU002,2025-02-11,27,独立站
SKU003,2025-02-11,182,亚马逊
SKU003,2025-02-11,69,独立站
SKU001,2025-02-12,148,亚马逊
SKU001,2025-02-12,52,独立站
SKU002,2025-02-12,76,亚马逊
SKU002,2025-02-12,34,独立站
SKU003,2025-02-12,180,亚马逊
SKU003,2025-02-12,63,独立站
SKU001,2025-02-13,95,亚马逊
SKU001,2025-02-13,45,独立站
SKU002,2025-02-13,80,亚马逊
SKU002,2025-02-13,30,独立站
SKU003,2025-02-13,216,亚马逊
SKU003,2025-02-13,92,独立站
SKU001,2025-02-14,113,亚马逊
SKU001,2025-02-14,46,独立站
SKU002,2025-02-14,83,亚马逊
SKU002,2025-02-14,37,独立站
SKU003,2025-02-14,191,亚马逊
SKU003,2025-02-14,76,独立站
SKU001,2025-02-15,140,亚马逊
SKU001,2025-02-15,53,独立站
SKU002,2025-02-15,66,亚马逊
SKU002,2025-02-15,37,独立站
SKU003,2025-02-15,177,亚马逊
SKU003,2025-02-15,96,独立站
SKU001,2025-02-16,148,亚马逊
SKU001,2025-02-16,53,独立站
SKU002,2025-02-16,93,亚马逊
SKU002,2025-02-16,41,独立站
SKU003,2025-02-16,157,亚马逊
SKU003,2025-02-16,72,独立站
SKU001,2025-02-17,120,亚马逊
SKU001,2025-02-17,42,独立站
SKU002,2025-02-17,92,亚马逊
SKU002,2025-02-17,36,独立站
SKU003,2025-02-17,207,亚马逊
SKU003,2025-02-17,70,独立站
SKU001,2025-02-18,126,亚马逊
SKU001,2025-02-18,46,独立站
SKU002,2025-02-18,88,亚马逊
SKU002,2025-02-18,30,独立站
SKU003,2025-02-18,186,亚马逊
SKU003,2025-02-18,89,独立站
SKU001,2025-02-19,133,亚马逊
SKU001,2025-02-19,57,独立站
SKU002,2025-02-19,85,亚马逊
SKU002,2025-02-19,34,独立站
SKU003,2025-02-19,225,亚马逊
SKU003,2025-02-19,82,独立站
SKU001,2025-02-20,121,亚马逊
SKU001,2025-02-20,53,独立站
SKU002,2025-02-20,80,亚马逊
SKU002,2025-02-20,32,独立站
SKU003,2025-02-20,209,亚马逊
SKU003,2025-02-20,70,独立站
SKU001,2025-02-21,125,亚马逊
SKU001,2025-02-21,48,独立站
SKU002,2025-02-21,83,亚马逊
SKU002,2025-02-21,37,独立站
SKU003,2025-02-21,158,亚马逊
SKU003,2025-02-21,69,独立站
SKU001,2025-02-22,118,亚马逊
SKU001,2025-02-22,45,独立站
SKU002,2025-02-22,88,亚马逊
SKU002,2025-02-22,42,独立站
SKU003,2025-02-22,191,亚马逊
SKU003,2025-02-22,80,独立站
SKU001,2025-02-23,117,亚马逊
SKU001,2025-02-23,50,独立站
SKU002,2025-02-23,82,亚马逊
SKU002,2025-02-23,30,独立站
SKU003,2025-02-23,178,亚马逊
SKU003,2025-02-23,91,独立站
SKU001,2025-02-24,135,亚马逊
SKU001,2025-02-24,61,独立站
SKU002,2025-02-24,79,亚马逊
SKU002,2025-02-24,32,独立站
SKU003,2025-02-24,178,亚马逊
SKU003,2025-02-24,69,独立站
SKU001,2025-02-25,118,亚马逊
SKU001,2025-02-25,49,独立站
SKU002,2025-02-25,92,亚马逊
SKU002,2025-02-25,33,独立站
SKU003,2025-02-25,218,亚马逊
SKU003,2025-02-25,82,独立站
SKU001,2025-02-26,125,亚马逊
SKU001,2025-02-26,50,独立站
SKU002,2025-02-26,83,亚马逊
SKU002,2025-02-26,44,独立站
SKU003,2025-02-26,166,亚马逊
SKU003,2025-02-26,78,独立站
SKU001,2025-02-27,140,亚马逊
SKU001,2025-02-27,61,独立站
SKU002,2025-02-27,72,亚马逊
SKU002,2025-02-27,28,独立站
SKU003,2025-02-27,205,亚马逊
SKU003,2025-02-27,96,独立站
SKU001,2025-02-28,127,亚马逊
SKU001,2025-02-28,47,独立站
SKU002,2025-02-28,88,亚马逊
SKU002,2025-02-28,35,独立站
SKU003,2025-02-28,152,亚马逊
SKU003,2025-02-28,62,独立站
SKU001,2025-03-01,143,亚马逊
SKU001,2025-03-01,57,独立站
SKU002,2025-03-01,111,亚马逊
SKU002,2025-03-01,49,独立站
SKU003,2025-03-01,176,亚马逊
SKU003,2025-03-01,80,独立站
SKU001,2025-03-02,124,亚马逊
SKU001,2025-03-02,57,独立站
SKU002,2025-03-02,90,亚马逊
SKU002,2025-03-02,34,独立站
SKU003,2025-03-02,185,亚马逊
SKU003,2025-03-02,91,独立站
SKU001,2025-03-03,137,亚马逊
SKU001,2025-03-03,59,独立站
SKU002,2025-03-03,95,亚马逊
SKU002,2025-03-03,43,独立站
SKU003,2025-03-03,216,亚马逊
SKU003,2025-03-03,80,独立站
SKU001,2025-03-04,173,亚马逊
SKU001,2025-03-04,61,独立站
SKU002,2025-03-04,76,亚马逊
SKU002,2025-03-04,42,独立站
SKU003,2025-03-04,208,亚马逊
SKU003,2025-03-04,88,独立站
SKU001,2025-03-05,114,亚马逊
SKU001,2025-03-05,48,独立站
SKU002,2025-03-05,94,亚马逊
SKU002,2025-03-05,36,独立站
SKU003,2025-03-05,200,亚马逊
SKU003,2025-03-05,90,独立站
SKU001,2025-03-06,146,亚马逊
SKU001,2025-03-06,54,独立站
SKU002,2025-03-06,83,亚马逊
SKU002,2025-03-06,39,独立站
SKU003,2025-03-06,215,亚马逊
SKU003,2025-03-06,100,独立站
SKU001,2025-03-07,142,亚马逊
SKU001,2025-03-07,55,独立站
SKU002,2025-03-07,90,亚马逊
SKU002,2025-03-07,45,独立站
SKU003,2025-03-07,194,亚马逊
SKU003,2025-03-07,92,独立站
SKU001,2025-03-08,136,亚马逊
SKU001,2025-03-08,53,独立站
SKU002,2025-03-08,106,亚马逊
SKU002,2025-03-08,41,独立站
SKU003,2025-03-08,196,亚马逊
SKU003,2025-03-08,80,独立站
SKU001,2025-03-09,140,亚马逊
SKU001,2025-03-09,67,独立站
SKU002,2025-03-09,83,亚马逊
SKU002,2025-03-09,37,独立站
SKU003,2025-03-09,181,亚马逊
SKU003,2025-03-09,90,独立站
SKU001,2025-03-10,113,亚马逊
SKU001,2025-03-10,61,独立站
SKU002,2025-03-10,79,亚马逊
SKU002,2025-03-10,33,独立站
SKU003,2025-03-10,203,亚马逊
SKU003,2025-03-10,72,独立站
SKU001,2025-03-11,170,亚马逊
SKU001,2025-03-11,75,独立站
SKU002,2025-03-11,83,亚马逊
SKU002,2025-03-11,39,独立站
SKU003,2025-03-11,212,亚马逊
SKU003,2025-03-11,90,独立站
SKU001,2025-03-12,110,亚马逊
SKU001,2025-03-12,51,独立站
SKU002,2025-03-12,77,亚马逊
SKU002,2025-03-12,39,独立站
SKU003,2025-03-12,258,亚马逊
SKU003,2025-03-12,101,独立站
SKU001,2025-03-13,142,亚马逊
SKU001,2025-03-13,69,独立站
SKU002,2025-03-13,88,亚马逊
SKU002,2025-03-13,41,独立站
SKU003,2025-03-13,198,亚马逊
SKU003,2025-03-13,82,独立站
SKU001,2025-03-14,135,亚马逊
SKU001,2025-03-14,60,独立站
SKU002,2025-03-14,80,亚马逊
SKU002,2025-03-14,44,独立站
SKU003,2025-03-14,231,亚马逊
SKU003,2025-03-14,78,独立站
SKU001,2025-03-15,150,亚马逊
SKU001,2025-03-15,67,独立站
SKU002,2025-03-15,88,亚马逊
SKU002,2025-03-15,45,独立站
SKU003,2025-03-15,187,亚马逊
SKU003,2025-03-15,100,独立站
SKU001,2025-03-16,145,亚马逊
SKU001,2025-03-16,68,独立站
SKU002,2025-03-16,80,亚马逊
SKU002,2025-03-16,32,独立站
SKU003,2025-03-16,191,亚马逊
SKU003,2025-03-16,87,独立站
SKU001,2025-03-17,130,亚马逊
SKU001,2025-03-17,50,独立站
SKU002,2025-03-17,93,亚马逊
SKU002,2025-03-17,37,独立站
SKU003,2025-03-17,203,亚马逊
SKU003,2025-03-17,76,独立站
SKU001,2025-03-18,145,亚马逊
SKU001,2025-03-18,58,独立站
SKU002,2025-03-18,102,亚马逊
SKU002,2025-03-18,41,独立站
SKU003,2025-03-18,227,亚马逊
SKU003,2025-03-18,92,独立站
SKU001,2025-03-19,144,亚马逊
SKU001,2025-03-19,72,独立站
SKU002,2025-03-19,96,亚马逊
SKU002,2025-03-19,46,独立站
SKU003,2025-03-19,220,亚马逊
SKU003,2025-03-19,83,独立站
SKU001,2025-03-20,151,亚马逊
SKU001,2025-03-20,60,独立站
SKU002,2025-03-20,80,亚马逊
SKU002,2025-03-20,39,独立站
SKU003,2025-03-20,182,亚马逊
SKU003,2025-03-20,78,独立站
SKU001,2025-03-21,119,亚马逊
SKU001,2025-03-21,54,独立站
SKU002,2025-03-21,91,亚马逊
SKU002,2025-03-21,38,独立站
SKU003,2025-03-21,189,亚马逊
SKU003,2025-03-21,92,独立站
SKU001,2025-03-22,120,亚马逊
SKU001,2025-03-22,51,独立站
SKU002,2025-03-22,86,亚马逊
SKU002,2025-03-22,37,独立站
SKU003,2025-03-22,234,亚马逊
SKU003,2025-03-22,76,独立站
SKU001,2025-03-23,129,亚马逊
SKU001,2025-03-23,54,独立站
SKU002,2025-03-23,97,亚马逊
SKU002,2025-03-23,34,独立站
SKU003,2025-03-23,211,亚马逊
SKU003,2025-03-23,88,独立站
SKU001,2025-03-24,121,亚马逊
SKU001,2025-03-24,51,独立站
SKU002,2025-03-24,80,亚马逊
SKU002,2025-03-24,38,独立站
SKU003,2025-03-24,223,亚马逊
SKU003,2025-03-24,88,独立站
SKU001,2025-03-25,144,亚马逊
SKU001,2025-03-25,48,独立站
SKU002,2025-03-25,84,亚马逊
SKU002,2025-03-25,35,独立站
SKU003,2025-03-25,186,亚马逊
SKU003,2025-03-25,79,独立站
SKU001,2025-03-26,132,亚马逊
SKU001,2025-03-26,49,独立站
SKU002,2025-03-26,72,亚马逊
SKU002,2025-03-26,29,独立站
SKU003,2025-03-26,211,亚马逊
SKU003,2025-03-26,92,独立站
SKU001,2025-03-27,132,亚马逊
SKU001,2025-03-27,54,独立站
SKU002,2025-03-27,99,亚马逊
SKU002,2025-03-27,41,独立站
SKU003,2025-03-27,195,亚马逊
SKU003,2025-03-27,95,独立站
SKU001,2025-03-28,131,亚马逊
SKU001,2025-03-28,63,独立站
SKU002,2025-03-28,102,亚马逊
SKU002,2025-03-28,35,独立站
SKU003,2025-03-28,188,亚马逊
SKU003,2025-03-28,85,独立站
SKU001,2025-03-29,135,亚马逊
SKU001,2025-03-29,68,独立站
SKU002,2025-03-29,89,亚马逊
SKU002,2025-03-29,43,独立站
SKU003,2025-03-29,192,亚马逊
SKU003,2025-03-29,86,独立站
SKU001,2025-03-30,157,亚马逊
SKU001,2025-03-30,52,独立站
SKU002,2025-03-30,99,亚马逊
SKU002,2025-03-30,36,独立站
SKU003,2025-03-30,214,亚马逊
SKU003,2025-03-30,95,独立站
SKU001,2025-03-31,136,亚马逊
SKU001,2025-03-31,45,独立站
SKU002,2025-03-31,76,亚马逊
SKU002,2025-03-31,33,独立站
SKU003,2025-03-31,255,亚马逊
SKU003,2025-03-31,107,独立站
SKU001,2025-04-01,145,亚马逊
SKU001,2025-04-01,59,独立站
SKU002,2025-04-01,86,亚马逊
SKU002,2025-04-01,36,独立站
SKU003,2025-04-01,207,亚马逊
SKU003,2025-04-01,98,独立站
SKU001,2025-04-02,162,亚马逊
SKU001,2025-04-02,69,独立站
SKU002,2025-04-02,84,亚马逊
SKU002,2025-04-02,40,独立站
SKU003,2025-04-02,217,亚马逊
SKU003,2025-04-02,87,独立站
SKU001,2025-04-03,154,亚马逊
SKU001,2025-04-03,70,独立站
SKU002,2025-04-03,95,亚马逊
SKU002,2025-04-03,39,独立站
SKU003,2025-04-03,182,亚马逊
SKU003,2025-04-03,82,独立站
SKU001,2025-04-04,147,亚马逊
SKU001,2025-04-04,61,独立站
SKU002,2025-04-04,89,亚马逊
SKU002,2025-04-04,30,独立站
SKU003,2025-04-04,216,亚马逊
SKU003,2025-04-04,102,独立站
SKU001,2025-04-05,124,亚马逊
SKU001,2025-04-05,63,独立站
SKU002,2025-04-05,88,亚马逊
SKU002,2025-04-05,36,独立站
SKU003,2025-04-05,203,亚马逊
SKU003,2025-04-05,82,独立站
SKU001,2025-04-06,159,亚马逊
SKU001,2025-04-06,63,独立站
SKU002,2025-04-06,105,亚马逊
SKU002,2025-04-06,40,独立站
SKU003,2025-04-06,240,亚马逊
SKU003,2025-04-06,107,独立站
SKU001,2025-04-07,123,亚马逊
SKU001,2025-04-07,51,独立站
SKU002,2025-04-07,89,亚马逊
SKU002,2025-04-07,38,独立站
SKU003,2025-04-07,234,亚马逊
SKU003,2025-04-07,106,独立站
SKU001,2025-04-08,135,亚马逊
SKU001,2025-04-08,58,独立站
SKU002,2025-04-08,87,亚马逊
SKU002,2025-04-08,38,独立站
SKU003,2025-04-08,188,亚马逊
SKU003,2025-04-08,91,独立站
SKU001,2025-04-09,172,亚马逊
SKU001,2025-04-09,55,独立站
SKU002,2025-04-09,88,亚马逊
SKU002,2025-04-09,47,独立站
SKU003,2025-04-09,253,亚马逊
SKU003,2025-04-09,109,独立站
SKU001,2025-04-10,147,亚马逊
SKU001,2025-04-10,64,独立站
SKU002,2025-04-10,99,亚马逊
SKU002,2025-04-10,33,独立站
SKU003,2025-04-10,206,亚马逊
SKU003,2025-04-10,107,独立站
SKU001,2025-04-11,121,亚马逊
SKU001,2025-04-11,64,独立站
SKU002,2025-04-11,91,亚马逊
SKU002,2025-04-11,41,独立站
SKU003,2025-04-11,239,亚马逊
SKU003,2025-04-11,89,独立站
SKU001,2025-04-12,132,亚马逊
SKU001,2025-04-12,53,独立站
SKU002,2025-04-12,107,亚马逊
SKU002,2025-04-12,38,独立站
SKU003,2025-04-12,230,亚马逊
SKU003,2025-04-12,98,独立站
SKU001,2025-04-13,141,亚马逊
SKU001,2025-04-13,61,独立站
SKU002,2025-04-13,95,亚马逊
SKU002,2025-04-13,36,独立站
SKU003,2025-04-13,181,亚马逊
SKU003,2025-04-13,82,独立站
SKU001,2025-04-14,154,亚马逊
SKU001,2025-04-14,56,独立站
SKU002,2025-04-14,78,亚马逊
SKU002,2025-04-14,40,独立站
SKU003,2025-04-14,227,亚马逊
SKU003,2025-04-14,83,独立站
SKU001,2025-04-15,162,亚马逊
SKU001,2025-04-15,57,独立站
SKU002,2025-04-15,109,亚马逊
SKU002,2025-04-15,39,独立站
SKU003,2025-04-15,204,亚马逊
SKU003,2025-04-15,77,独立站
SKU001,2025-04-16,131,亚马逊
SKU001,2025-04-16,57,独立站
SKU002,2025-04-16,90,亚马逊
SKU002,2025-04-16,45,独立站
SKU003,2025-04-16,237,亚马逊
SKU003,2025-04-16,99,独立站
SKU001,2025-04-17,167,亚马逊
SKU001,2025-04-17,66,独立站
SKU002,2025-04-17,85,亚马逊
SKU002,2025-04-17,38,独立站
SKU003,2025-04-17,189,亚马逊
SKU003,2025-04-17,86,独立站
SKU001,2025-04-18,177,亚马逊
SKU001,2025-04-18,77,独立站
SKU002,2025-04-18,109,亚马逊
SKU002,2025-04-18,47,独立站
SKU003,2025-04-18,221,亚马逊
SKU003,2025-04-18,79,独立站
SKU001,2025-04-19,160,亚马逊
SKU001,2025-04-19,60,独立站
SKU002,2025-04-19,111,亚马逊
SKU002,2025-04-19,38,独立站
SKU003,2025-04-19,211,亚马逊
SKU003,2025-04-19,100,独立站
SKU001,2025-04-20,137,亚马逊
SKU001,2025-04-20,54,独立站
SKU002,2025-04-20,86,亚马逊
SKU002,2025-04-20,43,独立站
SKU003,2025-04-20,228,亚马逊
SKU003,2025-04-20,100,独立站
SKU001,2025-04-21,169,亚马逊
SKU001,2025-04-21,70,独立站
SKU002,2025-04-21,82,亚马逊
SKU002,2025-04-21,44,独立站
SKU003,2025-04-21,218,亚马逊
SKU003,2025-04-21,108,独立站
SKU001,2025-04-22,162,亚马逊
SKU001,2025-04-22,57,独立站
SKU002,2025-04-22,87,亚马逊
SKU002,2025-04-22,49,独立站
SKU003,2025-04-22,219,亚马逊
SKU003,2025-04-22,92,独立站
SKU001,2025-04-23,153,亚马逊
SKU001,2025-04-23,54,独立站
SKU002,2025-04-23,97,亚马逊
SKU002,2025-04-23,37,独立站
SKU003,2025-04-23,208,亚马逊
SKU003,2025-04-23,89,独立站
SKU001,2025-04-24,136,亚马逊
SKU001,2025-04-24,61,独立站
SKU002,2025-04-24,100,亚马逊
SKU002,2025-04-24,43,独立站
SKU003,2025-04-24,186,亚马逊
SKU003,2025-04-24,102,独立站
SKU001,2025-04-25,149,亚马逊
SKU001,2025-04-25,62,独立站
SKU002,2025-04-25,92,亚马逊
SKU002,2025-04-25,39,独立站
SKU003,2025-04-25,223,亚马逊
SKU003,2025-04-25,91,独立站
SKU001,2025-04-26,144,亚马逊
SKU001,2025-04-26,62,独立站
SKU002,2025-04-26,100,亚马逊
SKU002,2025-04-26,40,独立站
SKU003,2025-04-26,206,亚马逊
SKU003,2025-04-26,98,独立站
SKU001,2025-04-27,143,亚马逊
SKU001,2025-04-27,55,独立站
SKU002,2025-04-27,86,亚马逊
SKU002,2025-04-27,39,独立站
SKU003,2025-04-27,179,亚马逊
SKU003,2025-04-27,75,独立站
SKU001,2025-04-28,157,亚马逊
SKU001,2025-04-28,71,独立站
SKU002,2025-04-28,89,亚马逊
SKU002,2025-04-28,36,独立站
SKU003,2025-04-28,201,亚马逊
SKU003,2025-04-28,92,独立站
SKU001,2025-04-29,118,亚马逊
SKU001,2025-04-29,67,独立站
SKU002,2025-04-29,88,亚马逊
SKU002,2025-04-29,35,独立站
SKU003,2025-04-29,216,亚马逊
SKU003,2025-04-29,95,独立站
SKU001,2025-04-30,146,亚马逊
SKU001,2025-04-30,59,独立站
SKU002,2025-04-30,96,亚马逊
SKU002,2025-04-30,47,独立站
SKU003,2025-04-30,227,亚马逊
SKU003,2025-04-30,83,独立站
SKU001,2025-05-01,156,亚马逊
SKU001,2025-05-01,53,独立站
SKU002,2025-05-01,98,亚马逊
SKU002,2025-05-01,37,独立站
SKU003,2025-05-01,203,亚马逊
SKU003,2025-05-01,100,独立站
SKU001,2025-05-02,114,亚马逊
SKU001,2025-05-02,54,独立站
SKU002,2025-05-02,76,亚马逊
SKU002,2025-05-02,33,独立站
SKU003,2025-05-02,199,亚马逊
SKU003,2025-05-02,78,独立站
SKU001,2025-05-03,137,亚马逊
SKU001,2025-05-03,59,独立站
SKU002,2025-05-03,85,亚马逊
SKU002,2025-05-03,34,独立站
SKU003,2025-05-03,191,亚马逊
SKU003,2025-05-03,82,独立站
SKU001,2025-05-04,122,亚马逊
SKU001,2025-05-04,63,独立站
SKU002,2025-05-04,83,亚马逊
SKU002,2025-05-04,35,独立站
SKU003,2025-05-04,217,亚马逊
SKU003,2025-05-04,75,独立站
SKU001,2025-05-05,122,亚马逊
SKU001,2025-05-05,68,独立站
SKU002,2025-05-05,92,亚马逊
SKU002,2025-05-05,47,独立站
SKU003,2025-05-05,178,亚马逊
SKU003,2025-05-05,90,独立站
SKU001,2025-05-06,148,亚马逊
SKU001,2025-05-06,66,独立站
SKU002,2025-05-06,85,亚马逊
SKU002,2025-05-06,36,独立站
SKU003,2025-05-06,200,亚马逊
SKU003,2025-05-06,86,独立站
SKU001,2025-05-07,136,亚马逊
SKU001,2025-05-07,49,独立站
SKU002,2025-05-07,87,亚马逊
SKU002,2025-05-07,39,独立站
SKU003,2025-05-07,223,亚马逊
SKU003,2025-05-07,82,独立站
SKU001,2025-05-08,148,亚马逊
SKU001,2025-05-08,54,独立站
SKU002,2025-05-08,73,亚马逊
SKU002,2025-05-08,33,独立站
SKU003,2025-05-08,206,亚马逊
SKU003,2025-05-08,88,独立站
SKU001,2025-05-09,122,亚马逊
SKU001,2025-05-09,56,独立站
SKU002,2025-05-09,104,亚马逊
SKU002,2025-05-09,35,独立站
SKU003,2025-05-09,229,亚马逊
SKU003,2025-05-09,82,独立站
SKU001,2025-05-10,153,亚马逊
SKU001,2025-05-10,58,独立站
SKU002,2025-05-10,76,亚马逊
SKU002,2025-05-10,41,独立站
SKU003,2025-05-10,238,亚马逊
SKU003,2025-05-10,101,独立站
SKU001,2025-05-11,130,亚马逊
SKU001,2025-05-11,61,独立站
SKU002,2025-05-11,89,亚马逊
SKU002,2025-05-11,42,独立站
SKU003,2025-05-11,198,亚马逊
SKU003,2025-05-11,90,独立站
SKU001,2025-05-12,130,亚马逊
SKU001,2025-05-12,51,独立站
SKU002,2025-05-12,83,亚马逊
SKU002,2025-05-12,39,独立站
SKU003,2025-05-12,202,亚马逊
SKU003,2025-05-12,89,独立站
SKU001,2025-05-13,135,亚马逊
SKU001,2025-05-13,63,独立站
SKU002,2025-05-13,97,亚马逊
SKU002,2025-05-13,34,独立站
SKU003,2025-05-13,190,亚马逊
SKU003,2025-05-13,100,独立站
SKU001,2025-05-14,122,亚马逊
SKU001,2025-05-14,48,独立站
SKU002,2025-05-14,81,亚马逊
SKU002,2025-05-14,31,独立站
SKU003,2025-05-14,190,亚马逊
SKU003,2025-05-14,85,独立站
SKU001,2025-05-15,123,亚马逊
SKU001,2025-05-15,56,独立站
SKU002,2025-05-15,102,亚马逊
SKU002,2025-05-15,35,独立站
SKU003,2025-05-15,234,亚马逊
SKU003,2025-05-15,91,独立站
SKU001,2025-05-16,155,亚马逊
SKU001,2025-05-16,59,独立站
SKU002,2025-05-16,92,亚马逊
SKU002,2025-05-16,35,独立站
SKU003,2025-05-16,211,亚马逊
SKU003,2025-05-16,85,独立站
SKU001,2025-05-17,127,亚马逊
SKU001,2025-05-17,58,独立站
SKU002,2025-05-17,92,亚马逊
SKU002,2025-05-17,36,独立站
SKU003,2025-05-17,204,亚马逊
SKU003,2025-05-17,85,独立站
SKU001,2025-05-18,160,亚马逊
SKU001,2025-05-18,59,独立站
SKU002,2025-05-18,88,亚马逊
SKU002,2025-05-18,34,独立站
SKU003,2025-05-18,219,亚马逊
SKU003,2025-05-18,95,独立站
SKU001,2025-05-19,146,亚马逊
SKU001,2025-05-19,54,独立站
SKU002,2025-05-19,88,亚马逊
SKU002,2025-05-19,39,独立站
SKU003,2025-05-19,244,亚马逊
SKU003,2025-05-19,105,独立站
SKU001,2025-05-20,141,亚马逊
SKU001,2025-05-20,53,独立站
SKU002,2025-05-20,100,亚马逊
SKU002,2025-05-20,47,独立站
SKU003,2025-05-20,184,亚马逊
SKU003,2025-05-20,86,独立站
SKU001,2025-05-21,146,亚马逊
SKU001,2025-05-21,56,独立站
SKU002,2025-05-21,82,亚马逊
SKU002,2025-05-21,40,独立站
SKU003,2025-05-21,212,亚马逊
SKU003,2025-05-21,84,独立站
SKU001,2025-05-22,157,亚马逊
SKU001,2025-05-22,58,独立站
SKU002,2025-05-22,98,亚马逊
SKU002,2025-05-22,44,独立站
SKU003,2025-05-22,189,亚马逊
SKU003,2025-05-22,86,独立站
SKU001,2025-05-23,116,亚马逊
SKU001,2025-05-23,50,独立站
SKU002,2025-05-23,103,亚马逊
SKU002,2025-05-23,35,独立站
SKU003,2025-05-23,221,亚马逊
SKU003,2025-05-23,83,独立站
SKU001,2025-05-24,153,亚马逊
SKU001,2025-05-24,63,独立站
SKU002,2025-05-24,111,亚马逊
SKU002,2025-05-24,42,独立站
SKU003,2025-05-24,205,亚马逊
SKU003,2025-05-24,96,独立站
SKU001,2025-05-25,149,亚马逊
SKU001,2025-05-25,60,独立站
SKU002,2025-05-25,84,亚马逊
SKU002,2025-05-25,37,独立站
SKU003,2025-05-25,222,亚马逊
SKU003,2025-05-25,75,独立站
SKU001,2025-05-26,159,亚马逊
SKU001,2025-05-26,69,独立站
SKU002,2025-05-26,81,亚马逊
SKU002,2025-05-26,41,独立站
SKU003,2025-05-26,191,亚马逊
SKU003,2025-05-26,84,独立站
SKU001,2025-05-27,115,亚马逊
SKU001,2025-05-27,54,独立站
SKU002,2025-05-27,90,亚马逊
SKU002,2025-05-27,42,独立站
SKU003,2025-05-27,222,亚马逊
SKU003,2025-05-27,89,独立站
SKU001,2025-05-28,176,亚马逊
SKU001,2025-05-28,67,独立站
SKU002,2025-05-28,83,亚马逊
SKU002,2025-05-28,38,独立站
SKU003,2025-05-28,214,亚马逊
SKU003,2025-05-28,93,独立站
SKU001,2025-05-29,140,亚马逊
SKU001,2025-05-29,66,独立站
SKU002,2025-05-29,91,亚马逊
SKU002,2025-05-29,41,独立站
SKU003,2025-05-29,192,亚马逊
SKU003,2025-05-29,95,独立站
SKU001,2025-05-30,158,亚马逊
SKU001,2025-05-30,67,独立站
SKU002,2025-05-30,105,亚马逊
SKU002,2025-05-30,47,独立站
SKU003,2025-05-30,173,亚马逊
SKU003,2025-05-30,89,独立站
SKU001,2025-05-31,153,亚马逊
SKU001,2025-05-31,62,独立站
SKU002,2025-05-31,89,亚马逊
SKU002,2025-05-31,35,独立站
SKU003,2025-05-31,191,亚马逊
SKU003,2025-05-31,65,独立站
SKU001,2025-06-01,127,亚马逊
SKU001,2025-06-01,52,独立站
SKU002,2025-06-01,94,亚马逊
SKU002,2025-06-01,35,独立站
SKU003,2025-06-01,220,亚马逊
SKU003,2025-06-01,83,独立站
SKU001,2025-06-02,114,亚马逊
SKU001,2025-06-02,48,独立站
SKU002,2025-06-02,76,亚马逊
SKU002,2025-06-02,33,独立站
SKU003,2025-06-02,165,亚马逊
SKU003,2025-06-02,78,独立站
SKU001,2025-06-03,143,亚马逊
SKU001,2025-06-03,49,独立站
SKU002,2025-06-03,67,亚马逊
SKU002,2025-06-03,29,独立站
SKU003,2025-06-03,210,亚马逊
SKU003,2025-06-03,72,独立站
SKU001,2025-06-04,139,亚马逊
SKU001,2025-06-04,50,独立站
SKU002,2025-06-04,79,亚马逊
SKU002,2025-06-04,29,独立站
SKU003,2025-06-04,221,亚马逊
SKU003,2025-06-04,88,独立站
SKU001,2025-06-05,108,亚马逊
SKU001,2025-06-05,43,独立站
SKU002,2025-06-05,86,亚马逊
SKU002,2025-06-05,38,独立站
SKU003,2025-06-05,210,亚马逊
SKU003,2025-06-05,87,独立站
SKU001,2025-06-06,132,亚马逊
SKU001,2025-06-06,63,独立站
SKU002,2025-06-06,87,亚马逊
SKU002,2025-06-06,37,独立站
SKU003,2025-06-06,168,亚马逊
SKU003,2025-06-06,85,独立站
SKU001,2025-06-07,118,亚马逊
SKU001,2025-06-07,58,独立站
SKU002,2025-06-07,86,亚马逊
SKU002,2025-06-07,33,独立站
SKU003,2025-06-07,188,亚马逊
SKU003,2025-06-07,93,独立站
SKU001,2025-06-08,117,亚马逊
SKU001,2025-06-08,48,独立站
SKU002,2025-06-08,114,亚马逊
SKU002,2025-06-08,41,独立站
SKU003,2025-06-08,188,亚马逊
SKU003,2025-06-08,86,独立站
SKU001,2025-06-09,132,亚马逊
SKU001,2025-06-09,49,独立站
SKU002,2025-06-09,90,亚马逊
SKU002,2025-06-09,44,独立站
SKU003,2025-06-09,202,亚马逊
SKU003,2025-06-09,93,独立站
SKU001,2025-06-10,112,亚马逊
SKU001,2025-06-10,46,独立站
SKU002,2025-06-10,96,亚马逊
SKU002,2025-06-10,39,独立站
SKU003,2025-06-10,156,亚马逊
SKU003,2025-06-10,79,独立站
SKU001,2025-06-11,136,亚马逊
SKU001,2025-06-11,53,独立站
SKU002,2025-06-11,77,亚马逊
SKU002,2025-06-11,34,独立站
SKU003,2025-06-11,169,亚马逊
SKU003,2025-06-11,93,独立站
SKU001,2025-06-12,112,亚马逊
SKU001,2025-06-12,57,独立站
SKU002,2025-06-12,80,亚马逊
SKU002,2025-06-12,36,独立站
SKU003,2025-06-12,229,亚马逊
SKU003,2025-06-12,77,独立站
SKU001,2025-06-13,126,亚马逊
SKU001,2025-06-13,60,独立站
SKU002,2025-06-13,80,亚马逊
SKU002,2025-06-13,44,独立站
SKU003,2025-06-13,197,亚马逊
SKU003,2025-06-13,89,独立站
SKU001,2025-06-14,133,亚马逊
SKU001,2025-06-14,47,独立站
SKU002,2025-06-14,88,亚马逊
SKU002,2025-06-14,42,独立站
SKU003,2025-06-14,210,亚马逊
SKU003,2025-06-14,73,独立站
SKU001,2025-06-15,118,亚马逊
SKU001,2025-06-15,49,独立站
SKU002,2025-06-15,105,亚马逊
SKU002,2025-06-15,38,独立站
SKU003,2025-06-15,218,亚马逊
SKU003,2025-06-15,84,独立站
SKU001,2025-06-16,142,亚马逊
SKU001,2025-06-16,49,独立站
SKU002,2025-06-16,81,亚马逊
SKU002,2025-06-16,39,独立站
SKU003,2025-06-16,205,亚马逊
SKU003,2025-06-16,95,独立站
SKU001,2025-06-17,104,亚马逊
SKU001,2025-06-17,42,独立站
SKU002,2025-06-17,75,亚马逊
SKU002,2025-06-17,34,独立站
SKU003,2025-06-17,158,亚马逊
SKU003,2025-06-17,60,独立站
SKU001,2025-06-18,122,亚马逊
SKU001,2025-06-18,60,独立站
SKU002,2025-06-18,89,亚马逊
SKU002,2025-06-18,35,独立站
SKU003,2025-06-18,178,亚马逊
SKU003,2025-06-18,65,独立站
SKU001,2025-06-19,150,亚马逊
SKU001,2025-06-19,63,独立站
SKU002,2025-06-19,96,亚马逊
SKU002,2025-06-19,35,独立站
SKU003,2025-06-19,183,亚马逊
SKU003,2025-06-19,88,独立站
SKU001,2025-06-20,144,亚马逊
SKU001,2025-06-20,63,独立站
SKU002,2025-06-20,93,亚马逊
SKU002,2025-06-20,40,独立站
SKU003,2025-06-20,204,亚马逊
SKU003,2025-06-20,72,独立站
SKU001,2025-06-21,140,亚马逊
SKU001,2025-06-21,53,独立站
SKU002,2025-06-21,82,亚马逊
SKU002,2025-06-21,40,独立站
SKU003,2025-06-21,162,亚马逊
SKU003,2025-06-21,83,独立站
SKU001,2025-06-22,139,亚马逊
SKU001,2025-06-22,52,独立站
SKU002,2025-06-22,79,亚马逊
SKU002,2025-06-22,35,独立站
SKU003,2025-06-22,165,亚马逊
SKU003,2025-06-22,69,独立站
SKU001,2025-06-23,126,亚马逊
SKU001,2025-06-23,62,独立站
SKU002,2025-06-23,68,亚马逊
SKU002,2025-06-23,30,独立站
SKU003,2025-06-23,210,亚马逊
SKU003,2025-06-23,76,独立站
SKU001,2025-06-24,115,亚马逊
SKU001,2025-06-24,61,独立站
SKU002,2025-06-24,85,亚马逊
SKU002,2025-06-24,39,独立站
SKU003,2025-06-24,179,亚马逊
SKU003,2025-06-24,74,独立站
SKU001,2025-06-25,106,亚马逊
SKU001,2025-06-25,45,独立站
SKU002,2025-06-25,81,亚马逊
SKU002,2025-06-25,36,独立站
SKU003,2025-06-25,189,亚马逊
SKU003,2025-06-25,71,独立站
SKU001,2025-06-26,128,亚马逊
SKU001,2025-06-26,56,独立站
SKU002,2025-06-26,85,亚马逊
SKU002,2025-06-26,35,独立站
SKU003,2025-06-26,228,亚马逊
SKU003,2025-06-26,99,独立站
SKU001,2025-06-27,113,亚马逊
SKU001,2025-06-27,47,独立站
SKU002,2025-06-27,80,亚马逊
SKU002,2025-06-27,34,独立站
SKU003,2025-06-27,169,亚马逊
SKU003,2025-06-27,85,独立站
SKU001,2025-06-28,112,亚马逊
SKU001,2025-06-28,49,独立站
SKU002,2025-06-28,79,亚马逊
SKU002,2025-06-28,34,独立站
SKU003,2025-06-28,155,亚马逊
SKU003,2025-06-28,71,独立站
SKU001,2025-06-29,134,亚马逊
SKU001,2025-06-29,57,独立站
SKU002,2025-06-29,99,亚马逊
SKU002,2025-06-29,32,独立站
SKU003,2025-06-29,179,亚马逊
SKU003,2025-06-29,79,独立站
SKU001,2025-06-30,109,亚马逊
SKU001,2025-06-30,50,独立站
SKU002,2025-06-30,86,亚马逊
SKU002,2025-06-30,39,独立站
SKU003,2025-06-30,194,亚马逊
SKU003,2025-06-30,80,独立站
SKU001,2025-07-01,85,亚马逊
SKU001,2025-07-01,46,独立站
SKU002,2025-07-01,75,亚马逊
SKU002,2025-07-01,28,独立站
SKU003,2025-07-01,182,亚马逊
SKU003,2025-07-01,81,独立站
SKU001,2025-07-02,117,亚马逊
SKU001,2025-07-02,47,独立站
SKU002,2025-07-02,79,亚马逊
SKU002,2025-07-02,28,独立站
SKU003,2025-07-02,140,亚马逊
SKU003,2025-07-02,66,独立站
SKU001,2025-07-03,100,亚马逊
SKU001,2025-07-03,47,独立站
SKU002,2025-07-03,68,亚马逊
SKU002,2025-07-03,24,独立站
SKU003,2025-07-03,161,亚马逊
SKU003,2025-07-03,75,独立站
SKU001,2025-07-04,110,亚马逊
SKU001,2025-07-04,55,独立站
SKU002,2025-07-04,88,亚马逊
SKU002,2025-07-04,41,独立站
SKU003,2025-07-04,185,亚马逊
SKU003,2025-07-04,73,独立站
SKU001,2025-07-05,108,亚马逊
SKU001,2025-07-05,41,独立站
SKU002,2025-07-05,70,亚马逊
SKU002,2025-07-05,34,独立站
SKU003,2025-07-05,140,亚马逊
SKU003,2025-07-05,74,独立站
SKU001,2025-07-06,134,亚马逊
SKU001,2025-07-06,49,独立站
SKU002,2025-07-06,68,亚马逊
SKU002,2025-07-06,31,独立站
SKU003,2025-07-06,160,亚马逊
SKU003,2025-07-06,55,独立站
SKU001,2025-07-07,103,亚马逊
SKU001,2025-07-07,49,独立站
SKU002,2025-07-07,65,亚马逊
SKU002,2025-07-07,26,独立站
SKU003,2025-07-07,135,亚马逊
SKU003,2025-07-07,60,独立站
SKU001,2025-07-08,108,亚马逊
SKU001,2025-07-08,48,独立站
SKU002,2025-07-08,86,亚马逊
SKU002,2025-07-08,29,独立站
SKU003,2025-07-08,185,亚马逊
SKU003,2025-07-08,67,独立站
SKU001,2025-07-09,126,亚马逊
SKU001,2025-07-09,44,独立站
SKU002,2025-07-09,75,亚马逊
SKU002,2025-07-09,39,独立站
SKU003,2025-07-09,147,亚马逊
SKU003,2025-07-09,81,独立站
SKU001,2025-07-10,87,亚马逊
SKU001,2025-07-10,47,独立站
SKU002,2025-07-10,62,亚马逊
SKU002,2025-07-10,28,独立站
SKU003,2025-07-10,182,亚马逊
SKU003,2025-07-10,68,独立站
SKU001,2025-07-11,91,亚马逊
SKU001,2025-07-11,38,独立站
SKU002,2025-07-11,75,亚马逊
SKU002,2025-07-11,28,独立站
SKU003,2025-07-11,140,亚马逊
SKU003,2025-07-11,60,独立站
SKU001,2025-07-12,92,亚马逊
SKU001,2025-07-12,42,独立站
SKU002,2025-07-12,72,亚马逊
SKU002,2025-07-12,33,独立站
SKU003,2025-07-12,188,亚马逊
SKU003,2025-07-12,70,独立站
SKU001,2025-07-13,121,亚马逊
SKU001,2025-07-13,46,独立站
SKU002,2025-07-13,63,亚马逊
SKU002,2025-07-13,31,独立站
SKU003,2025-07-13,151,亚马逊
SKU003,2025-07-13,72,独立站
SKU001,2025-07-14,114,亚马逊
SKU001,2025-07-14,41,独立站
SKU002,2025-07-14,78,亚马逊
SKU002,2025-07-14,36,独立站
SKU003,2025-07-14,179,亚马逊
SKU003,2025-07-14,83,独立站
SKU001,2025-07-15,90,亚马逊
SKU001,2025-07-15,46,独立站
SKU002,2025-07-15,63,亚马逊
SKU002,2025-07-15,25,独立站
SKU003,2025-07-15,174,亚马逊
SKU003,2025-07-15,81,独立站
SKU001,2025-07-16,129,亚马逊
SKU001,2025-07-16,47,独立站
SKU002,2025-07-16,73,亚马逊
SKU002,2025-07-16,34,独立站
SKU003,2025-07-16,152,亚马逊
SKU003,2025-07-16,61,独立站
SKU001,2025-07-17,98,亚马逊
SKU001,2025-07-17,45,独立站
SKU002,2025-07-17,67,亚马逊
SKU002,2025-07-17,35,独立站
SKU003,2025-07-17,189,亚马逊
SKU003,2025-07-17,80,独立站
SKU001,2025-07-18,125,亚马逊
SKU001,2025-07-18,50,独立站
SKU002,2025-07-18,71,亚马逊
SKU002,2025-07-18,29,独立站
SKU003,2025-07-18,164,亚马逊
SKU003,2025-07-18,59,独立站
SKU001,2025-07-19,109,亚马逊
SKU001,2025-07-19,44,独立站
SKU002,2025-07-19,71,亚马逊
SKU002,2025-07-19,31,独立站
SKU003,2025-07-19,149,亚马逊
SKU003,2025-07-19,62,独立站
SKU001,2025-07-20,79,亚马逊
SKU001,2025-07-20,40,独立站
SKU002,2025-07-20,94,亚马逊
SKU002,2025-07-20,40,独立站
SKU003,2025-07-20,137,亚马逊
SKU003,2025-07-20,57,独立站
SKU001,2025-07-21,105,亚马逊
SKU001,2025-07-21,43,独立站
SKU002,2025-07-21,78,亚马逊
SKU002,2025-07-21,30,独立站
SKU003,2025-07-21,160,亚马逊
SKU003,2025-07-21,66,独立站
SKU001,2025-07-22,106,亚马逊
SKU001,2025-07-22,50,独立站
SKU002,2025-07-22,67,亚马逊
SKU002,2025-07-22,34,独立站
SKU003,2025-07-22,172,亚马逊
SKU003,2025-07-22,56,独立站
SKU001,2025-07-23,108,亚马逊
SKU001,2025-07-23,47,独立站
SKU002,2025-07-23,79,亚马逊
SKU002,2025-07-23,29,独立站
SKU003,2025-07-23,186,亚马逊
SKU003,2025-07-23,87,独立站
SKU001,2025-07-24,94,亚马逊
SKU001,2025-07-24,45,独立站
SKU002,2025-07-24,86,亚马逊
SKU002,2025-07-24,35,独立站
SKU003,2025-07-24,151,亚马逊
SKU003,2025-07-24,65,独立站
SKU001,2025-07-25,124,亚马逊
SKU001,2025-07-25,49,独立站
SKU002,2025-07-25,65,亚马逊
SKU002,2025-07-25,36,独立站
SKU003,2025-07-25,132,亚马逊
SKU003,2025-07-25,59,独立站
SKU001,2025-07-26,129,亚马逊
SKU001,2025-07-26,56,独立站
SKU002,2025-07-26,62,亚马逊
SKU002,2025-07-26,27,独立站
SKU003,2025-07-26,145,亚马逊
SKU003,2025-07-26,74,独立站
SKU001,2025-07-27,115,亚马逊
SKU001,2025-07-27,49,独立站
SKU002,2025-07-27,55,亚马逊
SKU002,2025-07-27,28,独立站
SKU003,2025-07-27,148,亚马逊
SKU003,2025-07-27,53,独立站
SKU001,2025-07-28,135,亚马逊
SKU001,2025-07-28,48,独立站
SKU002,2025-07-28,73,亚马逊
SKU002,2025-07-28,28,独立站
SKU003,2025-07-28,148,亚马逊
SKU003,2025-07-28,81,独立站
SKU001,2025-07-29,115,亚马逊
SKU001,2025-07-29,48,独立站
SKU002,2025-07-29,73,亚马逊
SKU002,2025-07-29,30,独立站
SKU003,2025-07-29,150,亚马逊
SKU003,2025-07-29,64,独立站
SKU001,2025-07-30,104,亚马逊
SKU001,2025-07-30,45,独立站
SKU002,2025-07-30,77,亚马逊
SKU002,2025-07-30,35,独立站
SKU003,2025-07-30,153,亚马逊
SKU003,2025-07-30,59,独立站
SKU001,2025-07-31,85,亚马逊
SKU001,2025-07-31,45,独立站
SKU002,2025-07-31,86,亚马逊
SKU002,2025-07-31,36,独立站
SKU003,2025-07-31,171,亚马逊
SKU003,2025-07-31,77,独立站
SKU001,2025-08-01,116,亚马逊
SKU001,2025-08-01,45,独立站
SKU002,2025-08-01,58,亚马逊
SKU002,2025-08-01,24,独立站
SKU003,2025-08-01,149,亚马逊
SKU003,2025-08-01,67,独立站
SKU001,2025-08-02,112,亚马逊
SKU001,2025-08-02,50,独立站
SKU002,2025-08-02,62,亚马逊
SKU002,2025-08-02,24,独立站
SKU003,2025-08-02,170,亚马逊
SKU003,2025-08-02,55,独立站
SKU001,2025-08-03,89,亚马逊
SKU001,2025-08-03,32,独立站
SKU002,2025-08-03,59,亚马逊
SKU002,2025-08-03,27,独立站
SKU003,2025-08-03,145,亚马逊
SKU003,2025-08-03,70,独立站
SKU001,2025-08-04,80,亚马逊
SKU001,2025-08-04,40,独立站
SKU002,2025-08-04,62,亚马逊
SKU002,2025-08-04,26,独立站
SKU003,2025-08-04,143,亚马逊
SKU003,2025-08-04,54,独立站
SKU001,2025-08-05,86,亚马逊
SKU001,2025-08-05,30,独立站
SKU002,2025-08-05,51,亚马逊
SKU002,2025-08-05,22,独立站
SKU003,2025-08-05,133,亚马逊
SKU003,2025-08-05,47,独立站
SKU001,2025-08-06,110,亚马逊
SKU001,2025-08-06,37,独立站
SKU002,2025-08-06,59,亚马逊
SKU002,2025-08-06,32,独立站
SKU003,2025-08-06,141,亚马逊
SKU003,2025-08-06,69,独立站
SKU001,2025-08-07,76,亚马逊
SKU001,2025-08-07,33,独立站
SKU002,2025-08-07,60,亚马逊
SKU002,2025-08-07,26,独立站
SKU003,2025-08-07,150,亚马逊
SKU003,2025-08-07,52,独立站
SKU001,2025-08-08,77,亚马逊
SKU001,2025-08-08,38,独立站
SKU002,2025-08-08,62,亚马逊
SKU002,2025-08-08,25,独立站
SKU003,2025-08-08,162,亚马逊
SKU003,2025-08-08,69,独立站
SKU001,2025-08-09,71,亚马逊
SKU001,2025-08-09,34,独立站
SKU002,2025-08-09,75,亚马逊
SKU002,2025-08-09,29,独立站
SKU003,2025-08-09,154,亚马逊
SKU003,2025-08-09,72,独立站
SKU001,2025-08-10,99,亚马逊
SKU001,2025-08-10,39,独立站
SKU002,2025-08-10,59,亚马逊
SKU002,2025-08-10,31,独立站
SKU003,2025-08-10,147,亚马逊
SKU003,2025-08-10,54,独立站
SKU001,2025-08-11,83,亚马逊
SKU001,2025-08-11,34,独立站
SKU002,2025-08-11,80,亚马逊
SKU002,2025-08-11,35,独立站
SKU003,2025-08-11,134,亚马逊
SKU003,2025-08-11,54,独立站
SKU001,2025-08-12,93,亚马逊
SKU001,2025-08-12,48,独立站
SKU002,2025-08-12,65,亚马逊
SKU002,2025-08-12,32,独立站
SKU003,2025-08-12,129,亚马逊
SKU003,2025-08-12,62,独立站
SKU001,2025-08-13,94,亚马逊
SKU001,2025-08-13,33,独立站
SKU002,2025-08-13,68,亚马逊
SKU002,2025-08-13,27,独立站
SKU003,2025-08-13,109,亚马逊
SKU003,2025-08-13,61,独立站
SKU001,2025-08-14,89,亚马逊
SKU001,2025-08-14,45,独立站
SKU002,2025-08-14,77,亚马逊
SKU002,2025-08-14,32,独立站
SKU003,2025-08-14,124,亚马逊
SKU003,2025-08-14,57,独立站
SKU001,2025-08-15,83,亚马逊
SKU001,2025-08-15,42,独立站
SKU002,2025-08-15,58,亚马逊
SKU002,2025-08-15,22,独立站
SKU003,2025-08-15,112,亚马逊
SKU003,2025-08-15,61,独立站
SKU001,2025-08-16,122,亚马逊
SKU001,2025-08-16,44,独立站
SKU002,2025-08-16,71,亚马逊
SKU002,2025-08-16,27,独立站
SKU003,2025-08-16,140,亚马逊
SKU003,2025-08-16,53,独立站
SKU001,2025-08-17,94,亚马逊
SKU001,2025-08-17,42,独立站
SKU002,2025-08-17,70,亚马逊
SKU002,2025-08-17,25,独立站
SKU003,2025-08-17,168,亚马逊
SKU003,2025-08-17,62,独立站
SKU001,2025-08-18,82,亚马逊
SKU001,2025-08-18,31,独立站
SKU002,2025-08-18,72,亚马逊
SKU002,2025-08-18,27,独立站
SKU003,2025-08-18,162,亚马逊
SKU003,2025-08-18,70,独立站
SKU001,2025-08-19,74,亚马逊
SKU001,2025-08-19,31,独立站
SKU002,2025-08-19,67,亚马逊
SKU002,2025-08-19,24,独立站
SKU003,2025-08-19,141,亚马逊
SKU003,2025-08-19,64,独立站
SKU001,2025-08-20,78,亚马逊
SKU001,2025-08-20,42,独立站
SKU002,2025-08-20,63,亚马逊
SKU002,2025-08-20,26,独立站
SKU003,2025-08-20,113,亚马逊
SKU003,2025-08-20,58,独立站
SKU001,2025-08-21,89,亚马逊
SKU001,2025-08-21,43,独立站
SKU002,2025-08-21,49,亚马逊
SKU002,2025-08-21,19,独立站
SKU003,2025-08-21,140,亚马逊
SKU003,2025-08-21,56,独立站
SKU001,2025-08-22,92,亚马逊
SKU001,2025-08-22,40,独立站
SKU002,2025-08-22,67,亚马逊
SKU002,2025-08-22,27,独立站
SKU003,2025-08-22,161,亚马逊
SKU003,2025-08-22,65,独立站
SKU001,2025-08-23,81,亚马逊
SKU001,2025-08-23,39,独立站
SKU002,2025-08-23,43,亚马逊
SKU002,2025-08-23,22,独立站
SKU003,2025-08-23,115,亚马逊
SKU003,2025-08-23,54,独立站
SKU001,2025-08-24,75,亚马逊
SKU001,2025-08-24,29,独立站
SKU002,2025-08-24,66,亚马逊
SKU002,2025-08-24,25,独立站
SKU003,2025-08-24,159,亚马逊
SKU003,2025-08-24,64,独立站
SKU001,2025-08-25,104,亚马逊
SKU001,2025-08-25,39,独立站
SKU002,2025-08-25,69,亚马逊
SKU002,2025-08-25,28,独立站
SKU003,2025-08-25,119,亚马逊
SKU003,2025-08-25,60,独立站
SKU001,2025-08-26,84,亚马逊
SKU001,2025-08-26,39,独立站
SKU002,2025-08-26,57,亚马逊
SKU002,2025-08-26,28,独立站
SKU003,2025-08-26,142,亚马逊
SKU003,2025-08-26,55,独立站
SKU001,2025-08-27,100,亚马逊
SKU001,2025-08-27,39,独立站
SKU002,2025-08-27,58,亚马逊
SKU002,2025-08-27,27,独立站
SKU003,2025-08-27,135,亚马逊
SKU003,2025-08-27,66,独立站
SKU001,2025-08-28,92,亚马逊
SKU001,2025-08-28,38,独立站
SKU002,2025-08-28,59,亚马逊
SKU002,2025-08-28,27,独立站
SKU003,2025-08-28,132,亚马逊
SKU003,2025-08-28,70,独立站
SKU001,2025-08-29,113,亚马逊
SKU001,2025-08-29,42,独立站
SKU002,2025-08-29,54,亚马逊
SKU002,2025-08-29,23,独立站
SKU003,2025-08-29,103,亚马逊
SKU003,2025-08-29,57,独立站
SKU001,2025-08-30,102,亚马逊
SKU001,2025-08-30,36,独立站
SKU002,2025-08-30,61,亚马逊
SKU002,2025-08-30,26,独立站
SKU003,2025-08-30,159,亚马逊
SKU003,2025-08-30,65,独立站
SKU001,2025-08-31,90,亚马逊
SKU001,2025-08-31,39,独立站
SKU002,2025-08-31,65,亚马逊
SKU002,2025-08-31,28,独立站
SKU003,2025-08-31,143,亚马逊
SKU003,2025-08-31,68,独立站
SKU001,2025-09-01,81,亚马逊
SKU001,2025-09-01,39,独立站
SKU002,2025-09-01,55,亚马逊
SKU002,2025-09-01,24,独立站
SKU003,2025-09-01,121,亚马逊
SKU003,2025-09-01,63,独立站
SKU001,2025-09-02,108,亚马逊
SKU001,2025-09-02,38,独立站
SKU002,2025-09-02,70,亚马逊
SKU002,2025-09-02,22,独立站
SKU003,2025-09-02,138,亚马逊
SKU003,2025-09-02,61,独立站
SKU001,2025-09-03,71,亚马逊
SKU001,2025-09-03,36,独立站
SKU002,2025-09-03,46,亚马逊
SKU002,2025-09-03,24,独立站
SKU003,2025-09-03,80,亚马逊
SKU003,2025-09-03,37,独立站
SKU001,2025-09-04,75,亚马逊
SKU001,2025-09-04,27,独立站
SKU002,2025-09-04,60,亚马逊
SKU002,2025-09-04,24,独立站
SKU003,2025-09-04,116,亚马逊
SKU003,2025-09-04,44,独立站
SKU001,2025-09-05,90,亚马逊
SKU001,2025-09-05,39,独立站
SKU002,2025-09-05,53,亚马逊
SKU002,2025-09-05,25,独立站
SKU003,2025-09-05,113,亚马逊
SKU003,2025-09-05,55,独立站
SKU001,2025-09-06,73,亚马逊
SKU001,2025-09-06,35,独立站
SKU002,2025-09-06,61,亚马逊
SKU002,2025-09-06,20,独立站
SKU003,2025-09-06,132,亚马逊
SKU003,2025-09-06,45,独立站
SKU001,2025-09-07,84,亚马逊
SKU001,2025-09-07,29,独立站
SKU002,2025-09-07,49,亚马逊
SKU002,2025-09-07,17,独立站
SKU003,2025-09-07,145,亚马逊
SKU003,2025-09-07,54,独立站
SKU001,2025-09-08,78,亚马逊
SKU001,2025-09-08,42,独立站
SKU002,2025-09-08,58,亚马逊
SKU002,2025-09-08,21,独立站
SKU003,2025-09-08,112,亚马逊
SKU003,2025-09-08,49,独立站
SKU001,2025-09-09,70,亚马逊
SKU001,2025-09-09,34,独立站
SKU002,2025-09-09,59,亚马逊
SKU002,2025-09-09,24,独立站
SKU003,2025-09-09,135,亚马逊
SKU003,2025-09-09,52,独立站
SKU001,2025-09-10,80,亚马逊
SKU001,2025-09-10,34,独立站
SKU002,2025-09-10,34,亚马逊
SKU002,2025-09-10,14,独立站
SKU003,2025-09-10,146,亚马逊
SKU003,2025-09-10,74,独立站
SKU001,2025-09-11,79,亚马逊
SKU001,2025-09-11,32,独立站
SKU002,2025-09-11,60,亚马逊
SKU002,2025-09-11,21,独立站
SKU003,2025-09-11,105,亚马逊
SKU003,2025-09-11,49,独立站
SKU001,2025-09-12,88,亚马逊
SKU001,2025-09-12,35,独立站
SKU002,2025-09-12,42,亚马逊
SKU002,2025-09-12,21,独立站
SKU003,2025-09-12,95,亚马逊
SKU003,2025-09-12,43,独立站
SKU001,2025-09-13,82,亚马逊
SKU001,2025-09-13,29,独立站
SKU002,2025-09-13,59,亚马逊
SKU002,2025-09-13,27,独立站
SKU003,2025-09-13,106,亚马逊
SKU003,2025-09-13,53,独立站
SKU001,2025-09-14,81,亚马逊
SKU001,2025-09-14,39,独立站
SKU002,2025-09-14,50,亚马逊
SKU002,2025-09-14,25,独立站
SKU003,2025-09-14,120,亚马逊
SKU003,2025-09-14,45,独立站
SKU001,2025-09-15,73,亚马逊
SKU001,2025-09-15,39,独立站
SKU002,2025-09-15,61,亚马逊
SKU002,2025-09-15,23,独立站
SKU003,2025-09-15,116,亚马逊
SKU003,2025-09-15,56,独立站
SKU001,2025-09-16,78,亚马逊
SKU001,2025-09-16,34,独立站
SKU002,2025-09-16,40,亚马逊
SKU002,2025-09-16,23,独立站
SKU003,2025-09-16,130,亚马逊
SKU003,2025-09-16,52,独立站
SKU001,2025-09-17,78,亚马逊
SKU001,2025-09-17,35,独立站
SKU002,2025-09-17,63,亚马逊
SKU002,2025-09-17,23,独立站
SKU003,2025-09-17,97,亚马逊
SKU003,2025-09-17,42,独立站
SKU001,2025-09-18,92,亚马逊
SKU001,2025-09-18,41,独立站
SKU002,2025-09-18,53,亚马逊
SKU002,2025-09-18,22,独立站
SKU003,2025-09-18,115,亚马逊
SKU003,2025-09-18,49,独立站
SKU001,2025-09-19,90,亚马逊
SKU001,2025-09-19,42,独立站
SKU002,2025-09-19,53,亚马逊
SKU002,2025-09-19,22,独立站
SKU003,2025-09-19,138,亚马逊
SKU003,2025-09-19,56,独立站
SKU001,2025-09-20,80,亚马逊
SKU001,2025-09-20,42,独立站
SKU002,2025-09-20,53,亚马逊
SKU002,2025-09-20,24,独立站
SKU003,2025-09-20,105,亚马逊
SKU003,2025-09-20,48,独立站
SKU001,2025-09-21,68,亚马逊
SKU001,2025-09-21,34,独立站
SKU002,2025-09-21,47,亚马逊
SKU002,2025-09-21,26,独立站
SKU003,2025-09-21,115,亚马逊
SKU003,2025-09-21,49,独立站
SKU001,2025-09-22,64,亚马逊
SKU001,2025-09-22,28,独立站
SKU002,2025-09-22,57,亚马逊
SKU002,2025-09-22,21,独立站
SKU003,2025-09-22,101,亚马逊
SKU003,2025-09-22,43,独立站
SKU001,2025-09-23,97,亚马逊
SKU001,2025-09-23,40,独立站
SKU002,2025-09-23,45,亚马逊
SKU002,2025-09-23,23,独立站
SKU003,2025-09-23,117,亚马逊
SKU003,2025-09-23,48,独立站
SKU001,2025-09-24,85,亚马逊
SKU001,2025-09-24,33,独立站
SKU002,2025-09-24,56,亚马逊
SKU002,2025-09-24,31,独立站
SKU003,2025-09-24,108,亚马逊
SKU003,2025-09-24,41,独立站
SKU001,2025-09-25,72,亚马逊
SKU001,2025-09-25,27,独立站
SKU002,2025-09-25,48,亚马逊
SKU002,2025-09-25,20,独立站
SKU003,2025-09-25,96,亚马逊
SKU003,2025-09-25,44,独立站
SKU001,2025-09-26,80,亚马逊
SKU001,2025-09-26,33,独立站
SKU002,2025-09-26,47,亚马逊
SKU002,2025-09-26,21,独立站
SKU003,2025-09-26,111,亚马逊
SKU003,2025-09-26,61,独立站
SKU001,2025-09-27,81,亚马逊
SKU001,2025-09-27,31,独立站
SKU002,2025-09-27,60,亚马逊
SKU002,2025-09-27,23,独立站
SKU003,2025-09-27,120,亚马逊
SKU003,2025-09-27,58,独立站
SKU001,2025-09-28,105,亚马逊
SKU001,2025-09-28,45,独立站
SKU002,2025-09-28,70,亚马逊
SKU002,2025-09-28,23,独立站
SKU003,2025-09-28,155,亚马逊
SKU003,2025-09-28,63,独立站
SKU001,2025-09-29,76,亚马逊
SKU001,2025-09-29,39,独立站
SKU002,2025-09-29,51,亚马逊
SKU002,2025-09-29,20,独立站
SKU003,2025-09-29,119,亚马逊
SKU003,2025-09-29,45,独立站
SKU001,2025-09-30,95,亚马逊
SKU001,2025-09-30,41,独立站
SKU002,2025-09-30,46,亚马逊
SKU002,2025-09-30,16,独立站
SKU003,2025-09-30,140,亚马逊
SKU003,2025-09-30,46,独立站
SKU001,2025-10-01,84,亚马逊
SKU001,2025-10-01,39,独立站
SKU002,2025-10-01,48,亚马逊
SKU002,2025-10-01,24,独立站
SKU003,2025-10-01,116,亚马逊
SKU003,2025-10-01,50,独立站
SKU001,2025-10-02,79,亚马逊
SKU001,2025-10-02,28,独立站
SKU002,2025-10-02,48,亚马逊
SKU002,2025-10-02,19,独立站
SKU003,2025-10-02,115,亚马逊
SKU003,2025-10-02,55,独立站
SKU001,2025-10-03,97,亚马逊
SKU001,2025-10-03,36,独立站
SKU002,2025-10-03,46,亚马逊
SKU002,2025-10-03,21,独立站
SKU003,2025-10-03,139,亚马逊
SKU003,2025-10-03,49,独立站
SKU001,2025-10-04,77,亚马逊
SKU001,2025-10-04,29,独立站
SKU002,2025-10-04,54,亚马逊
SKU002,2025-10-04,21,独立站
SKU003,2025-10-04,131,亚马逊
SKU003,2025-10-04,57,独立站
SKU001,2025-10-05,74,亚马逊
SKU001,2025-10-05,31,独立站
SKU002,2025-10-05,57,亚马逊
SKU002,2025-10-05,25,独立站
SKU003,2025-10-05,123,亚马逊
SKU003,2025-10-05,46,独立站
SKU001,2025-10-06,86,亚马逊
SKU001,2025-10-06,35,独立站
SKU002,2025-10-06,53,亚马逊
SKU002,2025-10-06,18,独立站
SKU003,2025-10-06,119,亚马逊
SKU003,2025-10-06,48,独立站
SKU001,2025-10-07,87,亚马逊
SKU001,2025-10-07,38,独立站
SKU002,2025-10-07,50,亚马逊
SKU002,2025-10-07,18,独立站
SKU003,2025-10-07,106,亚马逊
SKU003,2025-10-07,56,独立站
SKU001,2025-10-08,78,亚马逊
SKU001,2025-10-08,38,独立站
SKU002,2025-10-08,63,亚马逊
SKU002,2025-10-08,27,独立站
SKU003,2025-10-08,85,亚马逊
SKU003,2025-10-08,41,独立站
SKU001,2025-10-09,79,亚马逊
SKU001,2025-10-09,35,独立站
SKU002,2025-10-09,44,亚马逊
SKU002,2025-10-09,23,独立站
SKU003,2025-10-09,117,亚马逊
SKU003,2025-10-09,51,独立站
SKU001,2025-10-10,67,亚马逊
SKU001,2025-10-10,34,独立站
SKU002,2025-10-10,56,亚马逊
SKU002,2025-10-10,24,独立站
SKU003,2025-10-10,99,亚马逊
SKU003,2025-10-10,39,独立站
SKU001,2025-10-11,84,亚马逊
SKU001,2025-10-11,41,独立站
SKU002,2025-10-11,50,亚马逊
SKU002,2025-10-11,22,独立站
SKU003,2025-10-11,90,亚马逊
SKU003,2025-10-11,36,独立站
SKU001,2025-10-12,94,亚马逊
SKU001,2025-10-12,36,独立站
SKU002,2025-10-12,58,亚马逊
SKU002,2025-10-12,24,独立站
SKU003,2025-10-12,143,亚马逊
SKU003,2025-10-12,60,独立站
SKU001,2025-10-13,85,亚马逊
SKU001,2025-10-13,36,独立站
SKU002,2025-10-13,66,亚马逊
SKU002,2025-10-13,29,独立站
SKU003,2025-10-13,100,亚马逊
SKU003,2025-10-13,46,独立站
SKU001,2025-10-14,82,亚马逊
SKU001,2025-10-14,34,独立站
SKU002,2025-10-14,53,亚马逊
SKU002,2025-10-14,18,独立站
SKU003,2025-10-14,86,亚马逊
SKU003,2025-10-14,41,独立站
SKU001,2025-10-15,82,亚马逊
SKU001,2025-10-15,37,独立站
SKU002,2025-10-15,46,亚马逊
SKU002,2025-10-15,25,独立站
SKU003,2025-10-15,106,亚马逊
SKU003,2025-10-15,45,独立站
SKU001,2025-10-16,73,亚马逊
SKU001,2025-10-16,34,独立站
SKU002,2025-10-16,57,亚马逊
SKU002,2025-10-16,21,独立站
SKU003,2025-10-16,107,亚马逊
SKU003,2025-10-16,53,独立站
SKU001,2025-10-17,71,亚马逊
SKU001,2025-10-17,28,独立站
SKU002,2025-10-17,44,亚马逊
SKU002,2025-10-17,20,独立站
SKU003,2025-10-17,117,亚马逊
SKU003,2025-10-17,46,独立站
SKU001,2025-10-18,89,亚马逊
SKU001,2025-10-18,40,独立站
SKU002,2025-10-18,47,亚马逊
SKU002,2025-10-18,18,独立站
SKU003,2025-10-18,122,亚马逊
SKU003,2025-10-18,45,独立站
SKU001,2025-10-19,81,亚马逊
SKU001,2025-10-19,39,独立站
SKU002,2025-10-19,65,亚马逊
SKU002,2025-10-19,24,独立站
SKU003,2025-10-19,127,亚马逊
SKU003,2025-10-19,63,独立站
SKU001,2025-10-20,69,亚马逊
SKU001,2025-10-20,24,独立站
SKU002,2025-10-20,49,亚马逊
SKU002,2025-10-20,19,独立站
SKU003,2025-10-20,106,亚马逊
SKU003,2025-10-20,51,独立站
SKU001,2025-10-21,85,亚马逊
SKU001,2025-10-21,30,独立站
SKU002,2025-10-21,53,亚马逊
SKU002,2025-10-21,22,独立站
SKU003,2025-10-21,122,亚马逊
SKU003,2025-10-21,54,独立站
SKU001,2025-10-22,85,亚马逊
SKU001,2025-10-22,38,独立站
SKU002,2025-10-22,52,亚马逊
SKU002,2025-10-22,19,独立站
SKU003,2025-10-22,104,亚马逊
SKU003,2025-10-22,43,独立站
SKU001,2025-10-23,82,亚马逊
SKU001,2025-10-23,28,独立站
SKU002,2025-10-23,58,亚马逊
SKU002,2025-10-23,21,独立站
SKU003,2025-10-23,95,亚马逊
SKU003,2025-10-23,44,独立站
SKU001,2025-10-24,62,亚马逊
SKU001,2025-10-24,25,独立站
SKU002,2025-10-24,64,亚马逊
SKU002,2025-10-24,21,独立站
SKU003,2025-10-24,103,亚马逊
SKU003,2025-10-24,52,独立站
SKU001,2025-10-25,70,亚马逊
SKU001,2025-10-25,29,独立站
SKU002,2025-10-25,44,亚马逊
SKU002,2025-10-25,23,独立站
SKU003,2025-10-25,125,亚马逊
SKU003,2025-10-25,56,独立站
SKU001,2025-10-26,71,亚马逊
SKU001,2025-10-26,38,独立站
SKU002,2025-10-26,62,亚马逊
SKU002,2025-10-26,26,独立站
SKU003,2025-10-26,105,亚马逊
SKU003,2025-10-26,43,独立站
SKU001,2025-10-27,90,亚马逊
SKU001,2025-10-27,30,独立站
SKU002,2025-10-27,51,亚马逊
SKU002,2025-10-27,18,独立站
SKU003,2025-10-27,93,亚马逊
SKU003,2025-10-27,52,独立站
SKU001,2025-10-28,89,亚马逊
SKU001,2025-10-28,42,独立站
SKU002,2025-10-28,56,亚马逊
SKU002,2025-10-28,18,独立站
SKU003,2025-10-28,119,亚马逊
SKU003,2025-10-28,54,独立站
SKU001,2025-10-29,75,亚马逊
SKU001,2025-10-29,33,独立站
SKU002,2025-10-29,63,亚马逊
SKU002,2025-10-29,22,独立站
SKU003,2025-10-29,109,亚马逊
SKU003,2025-10-29,40,独立站
SKU001,2025-10-30,71,亚马逊
SKU001,2025-10-30,33,独立站
SKU002,2025-10-30,65,亚马逊
SKU002,2025-10-30,29,独立站
SKU003,2025-10-30,123,亚马逊
SKU003,2025-10-30,52,独立站
SKU001,2025-10-31,75,亚马逊
SKU001,2025-10-31,29,独立站
SKU002,2025-10-31,43,亚马逊
SKU002,2025-10-31,20,独立站
SKU003,2025-10-31,90,亚马逊
SKU003,2025-10-31,41,独立站
SKU001,2025-11-01,85,亚马逊
SKU001,2025-11-01,36,独立站
SKU002,2025-11-01,67,亚马逊
SKU002,2025-11-01,24,独立站
SKU003,2025-11-01,141,亚马逊
SKU003,2025-11-01,50,独立站
SKU001,2025-11-02,76,亚马逊
SKU001,2025-11-02,34,独立站
SKU002,2025-11-02,55,亚马逊
SKU002,2025-11-02,21,独立站
SKU003,2025-11-02,124,亚马逊
SKU003,2025-11-02,46,独立站
SKU001,2025-11-03,86,亚马逊
SKU001,2025-11-03,35,独立站
SKU002,2025-11-03,49,亚马逊
SKU002,2025-11-03,24,独立站
SKU003,2025-11-03,99,亚马逊
SKU003,2025-11-03,44,独立站
SKU001,2025-11-04,103,亚马逊
SKU001,2025-11-04,40,独立站
SKU002,2025-11-04,66,亚马逊
SKU002,2025-11-04,32,独立站
SKU003,2025-11-04,135,亚马逊
SKU003,2025-11-04,50,独立站
SKU001,2025-11-05,95,亚马逊
SKU001,2025-11-05,33,独立站
SKU002,2025-11-05,53,亚马逊
SKU002,2025-11-05,22,独立站
SKU003,2025-11-05,115,亚马逊
SKU003,2025-11-05,52,独立站
SKU001,2025-11-06,78,亚马逊
SKU001,2025-11-06,35,独立站
SKU002,2025-11-06,53,亚马逊
SKU002,2025-11-06,23,独立站
SKU003,2025-11-06,121,亚马逊
SKU003,2025-11-06,42,独立站
SKU001,2025-11-07,90,亚马逊
SKU001,2025-11-07,40,独立站
SKU002,2025-11-07,59,亚马逊
SKU002,2025-11-07,23,独立站
SKU003,2025-11-07,132,亚马逊
SKU003,2025-11-07,51,独立站
SKU001,2025-11-08,114,亚马逊
SKU001,2025-11-08,44,独立站
SKU002,2025-11-08,58,亚马逊
SKU002,2025-11-08,25,独立站
SKU003,2025-11-08,111,亚马逊
SKU003,2025-11-08,53,独立站
SKU001,2025-11-09,86,亚马逊
SKU001,2025-11-09,37,独立站
SKU002,2025-11-09,48,亚马逊
SKU002,2025-11-09,21,独立站
SKU003,2025-11-09,101,亚马逊
SKU003,2025-11-09,46,独立站
SKU001,2025-11-10,72,亚马逊
SKU001,2025-11-10,31,独立站
SKU002,2025-11-10,53,亚马逊
SKU002,2025-11-10,22,独立站
SKU003,2025-11-10,108,亚马逊
SKU003,2025-11-10,52,独立站
SKU001,2025-11-11,81,亚马逊
SKU001,2025-11-11,39,独立站
SKU002,2025-11-11,51,亚马逊
SKU002,2025-11-11,21,独立站
SKU003,2025-11-11,127,亚马逊
SKU003,2025-11-11,51,独立站
SKU001,2025-11-12,69,亚马逊
SKU001,2025-11-12,37,独立站
SKU002,2025-11-12,47,亚马逊
SKU002,2025-11-12,20,独立站
SKU003,2025-11-12,139,亚马逊
SKU003,2025-11-12,52,独立站
SKU001,2025-11-13,84,亚马逊
SKU001,2025-11-13,29,独立站
SKU002,2025-11-13,57,亚马逊
SKU002,2025-11-13,24,独立站
SKU003,2025-11-13,122,亚马逊
SKU003,2025-11-13,44,独立站
SKU001,2025-11-14,88,亚马逊
SKU001,2025-11-14,39,独立站
SKU002,2025-11-14,67,亚马逊
SKU002,2025-11-14,26,独立站
SKU003,2025-11-14,140,亚马逊
SKU003,2025-11-14,51,独立站
SKU001,2025-11-15,93,亚马逊
SKU001,2025-11-15,39,独立站
SKU002,2025-11-15,57,亚马逊
SKU002,2025-11-15,27,独立站
SKU003,2025-11-15,129,亚马逊
SKU003,2025-11-15,59,独立站
SKU001,2025-11-16,79,亚马逊
SKU001,2025-11-16,35,独立站
SKU002,2025-11-16,66,亚马逊
SKU002,2025-11-16,25,独立站
SKU003,2025-11-16,114,亚马逊
SKU003,2025-11-16,55,独立站
SKU001,2025-11-17,82,亚马逊
SKU001,2025-11-17,28,独立站
SKU002,2025-11-17,53,亚马逊
SKU002,2025-11-17,20,独立站
SKU003,2025-11-17,107,亚马逊
SKU003,2025-11-17,42,独立站
SKU001,2025-11-18,96,亚马逊
SKU001,2025-11-18,39,独立站
SKU002,2025-11-18,52,亚马逊
SKU002,2025-11-18,18,独立站
SKU003,2025-11-18,108,亚马逊
SKU003,2025-11-18,52,独立站
SKU001,2025-11-19,92,亚马逊
SKU001,2025-11-19,45,独立站
SKU002,2025-11-19,59,亚马逊
SKU002,2025-11-19,20,独立站
SKU003,2025-11-19,121,亚马逊
SKU003,2025-11-19,48,独立站
SKU001,2025-11-20,57,亚马逊
SKU001,2025-11-20,28,独立站
SKU002,2025-11-20,65,亚马逊
SKU002,2025-11-20,22,独立站
SKU003,2025-11-20,130,亚马逊
SKU003,2025-11-20,53,独立站
SKU001,2025-11-21,85,亚马逊
SKU001,2025-11-21,37,独立站
SKU002,2025-11-21,57,亚马逊
SKU002,2025-11-21,19,独立站
SKU003,2025-11-21,104,亚马逊
SKU003,2025-11-21,56,独立站
SKU001,2025-11-22,93,亚马逊
SKU001,2025-11-22,34,独立站
SKU002,2025-11-22,47,亚马逊
SKU002,2025-11-22,18,独立站
SKU003,2025-11-22,132,亚马逊
SKU003,2025-11-22,42,独立站
SKU001,2025-11-23,80,亚马逊
SKU001,2025-11-23,32,独立站
SKU002,2025-11-23,44,亚马逊
SKU002,2025-11-23,20,独立站
SKU003,2025-11-23,137,亚马逊
SKU003,2025-11-23,50,独立站
SKU001,2025-11-24,90,亚马逊
SKU001,2025-11-24,37,独立站
SKU002,2025-11-24,50,亚马逊
SKU002,2025-11-24,17,独立站
SKU003,2025-11-24,105,亚马逊
SKU003,2025-11-24,51,独立站
SKU001,2025-11-25,80,亚马逊
SKU001,2025-11-25,38,独立站
SKU002,2025-11-25,49,亚马逊
SKU002,2025-11-25,19,独立站
SKU003,2025-11-25,115,亚马逊
SKU003,2025-11-25,39,独立站
SKU001,2025-11-26,62,亚马逊
SKU001,2025-11-26,33,独立站
SKU002,2025-11-26,44,亚马逊
SKU002,2025-11-26,23,独立站
SKU003,2025-11-26,135,亚马逊
SKU003,2025-11-26,55,独立站
SKU001,2025-11-27,121,亚马逊
SKU001,2025-11-27,51,独立站
SKU002,2025-11-27,37,亚马逊
SKU002,2025-11-27,19,独立站
SKU003,2025-11-27,121,亚马逊
SKU003,2025-11-27,48,独立站
SKU001,2025-11-28,87,亚马逊
SKU001,2025-11-28,29,独立站
SKU002,2025-11-28,67,亚马逊
SKU002,2025-11-28,23,独立站
SKU003,2025-11-28,118,亚马逊
SKU003,2025-11-28,54,独立站
SKU001,2025-11-29,73,亚马逊
SKU001,2025-11-29,26,独立站
SKU002,2025-11-29,38,亚马逊
SKU002,2025-11-29,20,独立站
SKU003,2025-11-29,106,亚马逊
SKU003,2025-11-29,50,独立站
SKU001,2025-11-30,87,亚马逊
SKU001,2025-11-30,33,独立站
SKU002,2025-11-30,49,亚马逊
SKU002,2025-11-30,27,独立站
SKU003,2025-11-30,151,亚马逊
SKU003,2025-11-30,49,独立站
SKU001,2025-12-01,76,亚马逊
SKU001,2025-12-01,30,独立站
SKU002,2025-12-01,66,亚马逊
SKU002,2025-12-01,31,独立站
SKU003,2025-12-01,135,亚马逊
SKU003,2025-12-01,53,独立站
SKU001,2025-12-02,106,亚马逊
SKU001,2025-12-02,40,独立站
SKU002,2025-12-02,65,亚马逊
SKU002,2025-12-02,23,独立站
SKU003,2025-12-02,145,亚马逊
SKU003,2025-12-02,52,独立站
SKU001,2025-12-03,104,亚马逊
SKU001,2025-12-03,44,独立站
SKU002,2025-12-03,47,亚马逊
SKU002,2025-12-03,21,独立站
SKU003,2025-12-03,140,亚马逊
SKU003,2025-12-03,68,独立站
SKU001,2025-12-04,96,亚马逊
SKU001,2025-12-04,35,独立站
SKU002,2025-12-04,75,亚马逊
SKU002,2025-12-04,25,独立站
SKU003,2025-12-04,133,亚马逊
SKU003,2025-12-04,59,独立站
SKU001,2025-12-05,77,亚马逊
SKU001,2025-12-05,40,独立站
SKU002,2025-12-05,55,亚马逊
SKU002,2025-12-05,22,独立站
SKU003,2025-12-05,167,亚马逊
SKU003,2025-12-05,64,独立站
SKU001,2025-12-06,88,亚马逊
SKU001,2025-12-06,44,独立站
SKU002,2025-12-06,55,亚马逊
SKU002,2025-12-06,22,独立站
SKU003,2025-12-06,128,亚马逊
SKU003,2025-12-06,64,独立站
SKU001,2025-12-07,94,亚马逊
SKU001,2025-12-07,31,独立站
SKU002,2025-12-07,67,亚马逊
SKU002,2025-12-07,32,独立站
SKU003,2025-12-07,131,亚马逊
SKU003,2025-12-07,60,独立站
SKU001,2025-12-08,103,亚马逊
SKU001,2025-12-08,43,独立站
SKU002,2025-12-08,58,亚马逊
SKU002,2025-12-08,22,独立站
SKU003,2025-12-08,157,亚马逊
SKU003,2025-12-08,58,独立站
SKU001,2025-12-09,105,亚马逊
SKU001,2025-12-09,42,独立站
SKU002,2025-12-09,64,亚马逊
SKU002,2025-12-09,27,独立站
SKU003,2025-12-09,140,亚马逊
SKU003,2025-12-09,63,独立站
SKU001,2025-12-10,86,亚马逊
SKU001,2025-12-10,38,独立站
SKU002,2025-12-10,61,亚马逊
SKU002,2025-12-10,22,独立站
SKU003,2025-12-10,179,亚马逊
SKU003,2025-12-10,67,独立站
SKU001,2025-12-11,121,亚马逊
SKU001,2025-12-11,55,独立站
SKU002,2025-12-11,66,亚马逊
SKU002,2025-12-11,27,独立站
SKU003,2025-12-11,134,亚马逊
SKU003,2025-12-11,54,独立站
SKU001,2025-12-12,110,亚马逊
SKU001,2025-12-12,41,独立站
SKU002,2025-12-12,55,亚马逊
SKU002,2025-12-12,26,独立站
SKU003,2025-12-12,147,亚马逊
SKU003,2025-12-12,71,独立站
SKU001,2025-12-13,81,亚马逊
SKU001,2025-12-13,35,独立站
SKU002,2025-12-13,78,亚马逊
SKU002,2025-12-13,26,独立站
SKU003,2025-12-13,163,亚马逊
SKU003,2025-12-13,68,独立站
SKU001,2025-12-14,91,亚马逊
SKU001,2025-12-14,33,独立站
SKU002,2025-12-14,51,亚马逊
SKU002,2025-12-14,21,独立站
SKU003,2025-12-14,122,亚马逊
SKU003,2025-12-14,42,独立站
SKU001,2025-12-15,105,亚马逊
SKU001,2025-12-15,41,独立站
SKU002,2025-12-15,65,亚马逊
SKU002,2025-12-15,29,独立站
SKU003,2025-12-15,136,亚马逊
SKU003,2025-12-15,61,独立站
SKU001,2025-12-16,90,亚马逊
SKU001,2025-12-16,38,独立站
SKU002,2025-12-16,56,亚马逊
SKU002,2025-12-16,20,独立站
SKU003,2025-12-16,112,亚马逊
SKU003,2025-12-16,47,独立站
SKU001,2025-12-17,96,亚马逊
SKU001,2025-12-17,40,独立站
SKU002,2025-12-17,59,亚马逊
SKU002,2025-12-17,28,独立站
SKU003,2025-12-17,133,亚马逊
SKU003,2025-12-17,64,独立站
SKU001,2025-12-18,96,亚马逊
SKU001,2025-12-18,44,独立站
SKU002,2025-12-18,53,亚马逊
SKU002,2025-12-18,30,独立站
SKU003,2025-12-18,169,亚马逊
SKU003,2025-12-18,67,独立站
SKU001,2025-12-19,86,亚马逊
SKU001,2025-12-19,37,独立站
SKU002,2025-12-19,68,亚马逊
SKU002,2025-12-19,32,独立站
SKU003,2025-12-19,138,亚马逊
SKU003,2025-12-19,61,独立站
SKU001,2025-12-20,88,亚马逊
SKU001,2025-12-20,33,独立站
SKU002,2025-12-20,64,亚马逊
SKU002,2025-12-20,23,独立站
SKU003,2025-12-20,157,亚马逊
SKU003,2025-12-20,54,独立站
SKU001,2025-12-21,106,亚马逊
SKU001,2025-12-21,41,独立站
SKU002,2025-12-21,61,亚马逊
SKU002,2025-12-21,23,独立站
SKU003,2025-12-21,139,亚马逊
SKU003,2025-12-21,50,独立站
SKU001,2025-12-22,107,亚马逊
SKU001,2025-12-22,46,独立站
SKU002,2025-12-22,67,亚马逊
SKU002,2025-12-22,29,独立站
SKU003,2025-12-22,134,亚马逊
SKU003,2025-12-22,66,独立站
SKU001,2025-12-23,85,亚马逊
SKU001,2025-12-23,37,独立站
SKU002,2025-12-23,57,亚马逊
SKU002,2025-12-23,25,独立站
SKU003,2025-12-23,133,亚马逊
SKU003,2025-12-23,51,独立站
SKU001,2025-12-24,100,亚马逊
SKU001,2025-12-24,43,独立站
SKU002,2025-12-24,69,亚马逊
SKU002,2025-12-24,34,独立站
SKU003,2025-12-24,144,亚马逊
SKU003,2025-12-24,62,独立站
SKU001,2025-12-25,100,亚马逊
SKU001,2025-12-25,40,独立站
SKU002,2025-12-25,63,亚马逊
SKU002,2025-12-25,35,独立站
SKU003,2025-12-25,125,亚马逊
SKU003,2025-12-25,57,独立站
SKU001,2025-12-26,109,亚马逊
SKU001,2025-12-26,36,独立站
SKU002,2025-12-26,56,亚马逊
SKU002,2025-12-26,25,独立站
SKU003,2025-12-26,157,亚马逊
SKU003,2025-12-26,61,独立站
SKU001,2025-12-27,81,亚马逊
SKU001,2025-12-27,37,独立站
SKU002,2025-12-27,70,亚马逊
SKU002,2025-12-27,26,独立站
SKU003,2025-12-27,143,亚马逊
SKU003,2025-12-27,57,独立站
SKU001,2025-12-28,98,亚马逊
SKU001,2025-12-28,47,独立站
SKU002,2025-12-28,75,亚马逊
SKU002,2025-12-28,25,独立站
SKU003,2025-12-28,167,亚马逊
SKU003,2025-12-28,79,独立站
SKU001,2025-12-29,79,亚马逊
SKU001,2025-12-29,36,独立站
SKU002,2025-12-29,45,亚马逊
SKU002,2025-12-29,23,独立站
SKU003,2025-12-29,144,亚马逊
SKU003,2025-12-29,53,独立站
SKU001,2025-12-30,79,亚马逊
SKU001,2025-12-30,36,独立站
SKU002,2025-12-30,68,亚马逊
SKU002,2025-12-30,24,独立站
SKU003,2025-12-30,175,亚马逊
SKU003,2025-12-30,58,独立站
SKU001,2025-12-31,101,亚马逊
SKU001,2025-12-31,40,独立站
SKU002,2025-12-31,73,亚马逊
SKU002,2025-12-31,26,独立站
SKU003,2025-12-31,183,亚马逊
SKU003,2025-12-31,64,独立站
